20.000        20
20.010        80
20.020        33
20.030        87
20.040       100
20.050        33
20.060        20
20.070        27
20.080        13
20.090        60
20.100        73
20.110        33
20.120        60
20.130        53
20.140        33
20.150        13
20.160        27
20.170        60
20.180        27
20.190        27
20.200        40
20.210        53
20.220        80
20.230        40
20.240        40
20.250        47
20.260        93
20.270        60
20.280        40
20.290        47
20.300        53
20.310        40
20.320        40
20.330        27
20.340        33
20.350        47
20.360        53
20.370        13
20.380        33
20.390        33
20.400        67
20.410        47
20.420        33
20.430        40
20.440        33
20.450        53
20.460        27
20.470        33
20.480        33
20.490        20
20.500        20
20.510        40
20.520        60
20.530        27
20.540        47
20.550        40
20.560        13
20.570        27
20.580        47
20.590        33
20.600        27
20.610        53
20.620        67
20.630        33
20.640        40
20.650        20
20.660        67
20.670        27
20.680        27
20.690        20
20.700        27
20.710        53
20.720        20
20.730        53
20.740        47
20.750        53
20.760        33
20.770        13
20.780        27
20.790        47
20.800        27
20.810        13
20.820        33
20.830        53
20.840        33
20.850        33
20.860        40
20.870        13
20.880        40
20.890        47
20.900        60
20.910        40
20.920        27
20.930         7
20.940        13
20.950        80
20.960        40
20.970        33
20.980        47
20.990        27
21.000        33
21.010        40
21.020         0
21.030        40
21.040        20
21.050        20
21.060        13
21.070        33
21.080        40
21.090        40
21.100        13
21.110        60
21.120        40
21.130        40
21.140         7
21.150        67
21.160        40
21.170        20
21.180        53
21.190         7
21.200        33
21.210        20
21.220        53
21.230        27
21.240        33
21.250        53
21.260        40
21.270        33
21.280        53
21.290         7
21.300        20
21.310        67
21.320        47
21.330        60
21.340        33
21.350        53
21.360        27
21.370        20
21.380        33
21.390        40
21.400        40
21.410        27
21.420        60
21.430        60
21.440        53
21.450        20
21.460        47
21.470        47
21.480        27
21.490        47
21.500        33
21.510        67
21.520        47
21.530        47
21.540        13
21.550        53
21.560        60
21.570        33
21.580        27
21.590        93
21.600        33
21.610        40
21.620        33
21.630        20
21.640        33
21.650        33
21.660        53
21.670        53
21.680        47
21.690        47
21.700        47
21.710        13
21.720        27
21.730        20
21.740        13
21.750        53
21.760        40
21.770        27
21.780        80
21.790        20
21.800         7
21.810        47
21.820        40
21.830        33
21.840        33
21.850        47
21.860        33
21.870        47
21.880        40
21.890        47
21.900        27
21.910        47
21.920        20
21.930        47
21.940        20
21.950        47
21.960        40
21.970        53
21.980        40
21.990        47
22.000        33
22.010        60
22.020        67
22.030        20
22.040        40
22.050        33
22.060        40
22.070        47
22.080        27
22.090        40
22.100        73
22.110        13
22.120        20
22.130        33
22.140        40
22.150        20
22.160        53
22.170        33
22.180        40
22.190        27
22.200        47
22.210        80
22.220        13
22.230        40
22.240        33
22.250        33
22.260        47
22.270        27
22.280        67
22.290        40
22.300        27
22.310        33
22.320        33
22.330         7
22.340        80
22.350        40
22.360        47
22.370        20
22.380        53
22.390        33
22.400        13
22.410        27
22.420        20
22.430        40
22.440        13
22.450        60
22.460        40
22.470        60
22.480         7
22.490        47
22.500        20
22.510        20
22.520        47
22.530        20
22.540        27
22.550        33
22.560        40
22.570        53
22.580        53
22.590        53
22.600        53
22.610        40
22.620        33
22.630        20
22.640        40
22.650        40
22.660        27
22.670        27
22.680        60
22.690        40
22.700        33
22.710        53
22.720         7
22.730        20
22.740        27
22.750        33
22.760        33
22.770        27
22.780        33
22.790        40
22.800        20
22.810        33
22.820        33
22.830        53
22.840        27
22.850        20
22.860        13
22.870        20
22.880        40
22.890        27
22.900        20
22.910        27
22.920        67
22.930        33
22.940        27
22.950        20
22.960        33
22.970        47
22.980        40
22.990        20
23.000        27
23.010        27
23.020        53
23.030        20
23.040        13
23.050        53
23.060        60
23.070        40
23.080        20
23.090        20
23.100        20
23.110        33
23.120        20
23.130        53
23.140        53
23.150        13
23.160        13
23.170        27
23.180        27
23.190        20
23.200        33
23.210        33
23.220        53
23.230        20
23.240        20
23.250        33
23.260        33
23.270        40
23.280        20
23.290         0
23.300        33
23.310        27
23.320        47
23.330        47
23.340        33
23.350        27
23.360        40
23.370        20
23.380        20
23.390        33
23.400        33
23.410         7
23.420        20
23.430        20
23.440        27
23.450        27
23.460        20
23.470        40
23.480        33
23.490        33
23.500        47
23.510        47
23.520        13
23.530        27
23.540        40
23.550         7
23.560        40
23.570        27
23.580        27
23.590        13
23.600        60
23.610        27
23.620        33
23.630        47
23.640        27
23.650        27
23.660        27
23.670        27
23.680        53
23.690        47
23.700        27
23.710        20
23.720        53
23.730        27
23.740        13
23.750        27
23.760        33
23.770        27
23.780        13
23.790        33
23.800        40
23.810        60
23.820        47
23.830        53
23.840        33
23.850        20
23.860        27
23.870        40
23.880        27
23.890        33
23.900         0
23.910        40
23.920        33
23.930        13
23.940        40
23.950        20
23.960        33
23.970        40
23.980        53
23.990        33
24.000        27
24.010         7
24.020        40
24.030        20
24.040        47
24.050        33
24.060        33
24.070        53
24.080        20
24.090        20
24.100         0
24.110        47
24.120        33
24.130        47
24.140        33
24.150        33
24.160        33
24.170        67
24.180        40
24.190        20
24.200        47
24.210        60
24.220        33
24.230        13
24.240        33
24.250        13
24.260        60
24.270        33
24.280         7
24.290        27
24.300        33
24.310         7
24.320        20
24.330        27
24.340        60
24.350        20
24.360        27
24.370        20
24.380        40
24.390        47
24.400        13
24.410        27
24.420        13
24.430        20
24.440        60
24.450        40
24.460        20
24.470        47
24.480        27
24.490        27
24.500        20
24.510        27
24.520        27
24.530        13
24.540        40
24.550        20
24.560        27
24.570        20
24.580        13
24.590        20
24.600        53
24.610        40
24.620        20
24.630        33
24.640        60
24.650        13
24.660        13
24.670        40
24.680        13
24.690        33
24.700        40
24.710        27
24.720        27
24.730        20
24.740        47
24.750        40
24.760        47
24.770         7
24.780        53
24.790        33
24.800        13
24.810        33
24.820         7
24.830        20
24.840        27
24.850         7
24.860        27
24.870        20
24.880        27
24.890        27
24.900        67
24.910        27
24.920        60
24.930        40
24.940        27
24.950        27
24.960         7
24.970        40
24.980        33
24.990        33
25.000         7
25.010        20
25.020        27
25.030        20
25.040         7
25.050        40
25.060        13
25.070        20
25.080        47
25.090        27
25.100        27
25.110        33
25.120        40
25.130        20
25.140        67
25.150        27
25.160        13
25.170        20
25.180        27
25.190        27
25.200        47
25.210        27
25.220         7
25.230        33
25.240        40
25.250        13
25.260        27
25.270        40
25.280        27
25.290        40
25.300        47
25.310        33
25.320        33
25.330        33
25.340        27
25.350        27
25.360        13
25.370        27
25.380        13
25.390        33
25.400        20
25.410        40
25.420        47
25.430         7
25.440        27
25.450        40
25.460        40
25.470        40
25.480        20
25.490        13
25.500        33
25.510        13
25.520        20
25.530        20
25.540        40
25.550        20
25.560        40
25.570        40
25.580        33
25.590        20
25.600        13
25.610        27
25.620        20
25.630         7
25.640        33
25.650        27
25.660        20
25.670         7
25.680        27
25.690        27
25.700        20
25.710        20
25.720        20
25.730        27
25.740        13
25.750        27
25.760        20
25.770        40
25.780        20
25.790        27
25.800        33
25.810        20
25.820        27
25.830        67
25.840        27
25.850        20
25.860        20
25.870        47
25.880        40
25.890         7
25.900        20
25.910        27
25.920        27
25.930        33
25.940        33
25.950        33
25.960        20
25.970        20
25.980         7
25.990        33
26.000        20
26.010        40
26.020        27
26.030         0
26.040        20
26.050        27
26.060        20
26.070        40
26.080        47
26.090        27
26.100        20
26.110        27
26.120        13
26.130        27
26.140        40
26.150         7
26.160        27
26.170        33
26.180        27
26.190        40
26.200        20
26.210        20
26.220        33
26.230        20
26.240         7
26.250         7
26.260        27
26.270        13
26.280        47
26.290        33
26.300        40
26.310        27
26.320        47
26.330        33
26.340        47
26.350        20
26.360        27
26.370         7
26.380         7
26.390        33
26.400        20
26.410        20
26.420        20
26.430        40
26.440        20
26.450        20
26.460        27
26.470        33
26.480        33
26.490        47
26.500         7
26.510        27
26.520        27
26.530        20
26.540        20
26.550         7
26.560         0
26.570        20
26.580        33
26.590        20
26.600         7
26.610        33
26.620        20
26.630         7
26.640        33
26.650        27
26.660        20
26.670        20
26.680        27
26.690        33
26.700        33
26.710        20
26.720        33
26.730        20
26.740        13
26.750         0
26.760        33
26.770        13
26.780        47
26.790        27
26.800         7
26.810        20
26.820         7
26.830        20
26.840        13
26.850        27
26.860        27
26.870        13
26.880        73
26.890        27
26.900        13
26.910         7
26.920        40
26.930        20
26.940        20
26.950        27
26.960        13
26.970        47
26.980        20
26.990        40
27.000        33
27.010        47
27.020        20
27.030        13
27.040        13
27.050        40
27.060        20
27.070        13
27.080        33
27.090        20
27.100         0
27.110         0
27.120        40
27.130        20
27.140        47
27.150        27
27.160        13
27.170         7
27.180         0
27.190        20
27.200        40
27.210        40
27.220        27
27.230        33
27.240        20
27.250        40
27.260        33
27.270        27
27.280        13
27.290        27
27.300         7
27.310        13
27.320        20
27.330        20
27.340         7
27.350        40
27.360         7
27.370        20
27.380        13
27.390        60
27.400        20
27.410        13
27.420        27
27.430        20
27.440        27
27.450        27
27.460        27
27.470        27
27.480        13
27.490        27
27.500        20
27.510         7
27.520        53
27.530        13
27.540        20
27.550        33
27.560        20
27.570        13
27.580        33
27.590        13
27.600         7
27.610        47
27.620        33
27.630        47
27.640        20
27.650        13
27.660        53
27.670        40
27.680         7
27.690        13
27.700        33
27.710        20
27.720         0
27.730         7
27.740        27
27.750        27
27.760        13
27.770        13
27.780        33
27.790        33
27.800         7
27.810        33
27.820         0
27.830        13
27.840        20
27.850         7
27.860        20
27.870        20
27.880        33
27.890        47
27.900        27
27.910        20
27.920        27
27.930        13
27.940        20
27.950        40
27.960        27
27.970        20
27.980        27
27.990        20
28.000        20
28.010        13
28.020        27
28.030        20
28.040        67
28.050        27
28.060        33
28.070        20
28.080        20
28.090        27
28.100        27
28.110        33
28.120        40
28.130        27
28.140        20
28.150        33
28.160        53
28.170         0
28.180        20
28.190         7
28.200        33
28.210        20
28.220        33
28.230        27
28.240        27
28.250        20
28.260        40
28.270        27
28.280        20
28.290        33
28.300        13
28.310         7
28.320        27
28.330        20
28.340        47
28.350        33
28.360        13
28.370         7
28.380        33
28.390        20
28.400        13
28.410        20
28.420        27
28.430         7
28.440         7
28.450        33
28.460        13
28.470        27
28.480        13
28.490        27
28.500        20
28.510        27
28.520        20
28.530        33
28.540        27
28.550        20
28.560         7
28.570        13
28.580        20
28.590        13
28.600        33
28.610        40
28.620         7
28.630        20
28.640        13
28.650        33
28.660        33
28.670        20
28.680        33
28.690        20
28.700         0
28.710        47
28.720        20
28.730        53
28.740        13
28.750        27
28.760        27
28.770        27
28.780        20
28.790        33
28.800        20
28.810        27
28.820        20
28.830         7
28.840         7
28.850        13
28.860         7
28.870        20
28.880        13
28.890        13
28.900        27
28.910        13
28.920        13
28.930        13
28.940        33
28.950         7
28.960         7
28.970         7
28.980        27
28.990        20
29.000        53
29.010        20
29.020        33
29.030        13
29.040        27
29.050        13
29.060        20
29.070        33
29.080         7
29.090         7
29.100        13
29.110         7
29.120        20
29.130        27
29.140         7
29.150        20
29.160         7
29.170        27
29.180        20
29.190         7
29.200        20
29.210         7
29.220        13
29.230         7
29.240         7
29.250        20
29.260        13
29.270        47
29.280        13
29.290        27
29.300        13
29.310        20
29.320        13
29.330        27
29.340        20
29.350        20
29.360        47
29.370        33
29.380         7
29.390        13
29.400         7
29.410        20
29.420        20
29.430         7
29.440        13
29.450        13
29.460        13
29.470        47
29.480        13
29.490         7
29.500         0
29.510        27
29.520        13
29.530        33
29.540        40
29.550        13
29.560         7
29.570        13
29.580        20
29.590        20
29.600        20
29.610        27
29.620        27
29.630         0
29.640        33
29.650        27
29.660        33
29.670        20
29.680        20
29.690        27
29.700        13
29.710        20
29.720        27
29.730        27
29.740        27
29.750        27
29.760         0
29.770        13
29.780        13
29.790        20
29.800        20
29.810        27
29.820        27
29.830        20
29.840        20
29.850        20
29.860        20
29.870        27
29.880        13
29.890        13
29.900         7
29.910        13
29.920        33
29.930        33
29.940        47
29.950        13
29.960        20
29.970        33
29.980        20
29.990        20
30.000        13
30.010        13
30.020        20
30.030         7
30.040        13
30.050        33
30.060        40
30.070         0
30.080        13
30.090         7
30.100        47
30.110        13
30.120        20
30.130        20
30.140        13
30.150        33
30.160        33
30.170        13
30.180         7
30.190        20
30.200        13
30.210        13
30.220        13
30.230        13
30.240        13
30.250        20
30.260         7
30.270        13
30.280        13
30.290        20
30.300        33
30.310        20
30.320         7
30.330        13
30.340        20
30.350        20
30.360        13
30.370        13
30.380        13
30.390        13
30.400         7
30.410         7
30.420        40
30.430         7
30.440         7
30.450        20
30.460        20
30.470        13
30.480        40
30.490        13
30.500        13
30.510        13
30.520        20
30.530        13
30.540        27
30.550        53
30.560        13
30.570        20
30.580        20
30.590        33
30.600        33
30.610         7
30.620        20
30.630        20
30.640        13
30.650         7
30.660        13
30.670        20
30.680        13
30.690        53
30.700        47
30.710        13
30.720        33
30.730        27
30.740        20
30.750        13
30.760        40
30.770        20
30.780        33
30.790        20
30.800        27
30.810        13
30.820        13
30.830        20
30.840        20
30.850        13
30.860        20
30.870        20
30.880        20
30.890        20
30.900        20
30.910       160
30.920        27
30.930         0
30.940        40
30.950        27
30.960         0
30.970         7
30.980        13
30.990        13
31.000        13
31.010        33
31.020        13
31.030        20
31.040        27
31.050        13
31.060        13
31.070        13
31.080         7
31.090        13
31.100        33
31.110        27
31.120        33
31.130        13
31.140        27
31.150        20
31.160        27
31.170        33
31.180         7
31.190         7
31.200         7
31.210        13
31.220        33
31.230         7
31.240        20
31.250         7
31.260        40
31.270         0
31.280        40
31.290        20
31.300         7
31.310        13
31.320        13
31.330        13
31.340        20
31.350         0
31.360        20
31.370        13
31.380        13
31.390        20
31.400        53
31.410        13
31.420        13
31.430        27
31.440        27
31.450        13
31.460        20
31.470        27
31.480        20
31.490        20
31.500        33
31.510        33
31.520        20
31.530        27
31.540        67
31.550         0
31.560         7
31.570         0
31.580        13
31.590        13
31.600        13
31.610        20
31.620        13
31.630         7
31.640        13
31.650        20
31.660         0
31.670        20
31.680        40
31.690         7
31.700         7
31.710        13
31.720        33
31.730        27
31.740        20
31.750        20
31.760         7
31.770        20
31.780        13
31.790        13
31.800         7
31.810        47
31.820         0
31.830         7
31.840        27
31.850        13
31.860        27
31.870        13
31.880        40
31.890        27
31.900        27
31.910        20
31.920        33
31.930        13
31.940        27
31.950        20
31.960         0
31.970        33
31.980        13
31.990         7
32.000         7
32.010        13
32.020        13
32.030        13
32.040        13
32.050        40
32.060        40
32.070        13
32.080        13
32.090        13
32.100         0
32.110         7
32.120         7
32.130        20
32.140        13
32.150        40
32.160        13
32.170         7
32.180        13
32.190        20
32.200         7
32.210        13
32.220        27
32.230        33
32.240        33
32.250        13
32.260        27
32.270        20
32.280         7
32.290        33
32.300        20
32.310         7
32.320        20
32.330        13
32.340        13
32.350        13
32.360        47
32.370        13
32.380        27
32.390         7
32.400        20
32.410         7
32.420        13
32.430        20
32.440        33
32.450        20
32.460         7
32.470        13
32.480        20
32.490        13
32.500        13
32.510        13
32.520        27
32.530        20
32.540        27
32.550        20
32.560        13
32.570        27
32.580        13
32.590         7
32.600        13
32.610        40
32.620        27
32.630        20
32.640         0
32.650        13
32.660        13
32.670        13
32.680        20
32.690        20
32.700        13
32.710         7
32.720        20
32.730        20
32.740        20
32.750        20
32.760        27
32.770        27
32.780        27
32.790        13
32.800         7
32.810         7
32.820        27
32.830         7
32.840         7
32.850         7
32.860        27
32.870         0
32.880        33
32.890        13
32.900         0
32.910        20
32.920        13
32.930        13
32.940        27
32.950        20
32.960         7
32.970        20
32.980        27
32.990        27
33.000        27
33.010        27
33.020        13
33.030        20
33.040        13
33.050         7
33.060        13
33.070        13
33.080        27
33.090         0
33.100        20
33.110        20
33.120         7
33.130         7
33.140         7
33.150        13
33.160         7
33.170        13
33.180        13
33.190        13
33.200        13
33.210        27
33.220        20
33.230        27
33.240         7
33.250        13
33.260         7
33.270        20
33.280        20
33.290        27
33.300        33
33.310        33
33.320        33
33.330        33
33.340         7
33.350         7
33.360        13
33.370        13
33.380        33
33.390         7
33.400        40
33.410        27
33.420        20
33.430        20
33.440        13
33.450         7
33.460        20
33.470         7
33.480        27
33.490         0
33.500         7
33.510         7
33.520        13
33.530         0
33.540         7
33.550        20
33.560         7
33.570         7
33.580        27
33.590        20
33.600         7
33.610        47
33.620         7
33.630        13
33.640         7
33.650         7
33.660        20
33.670         7
33.680        13
33.690        20
33.700        27
33.710        13
33.720        20
33.730        20
33.740        13
33.750        33
33.760         7
33.770        20
33.780         7
33.790         7
33.800         7
33.810        13
33.820        27
33.830        13
33.840         7
33.850        20
33.860        33
33.870        20
33.880        27
33.890        20
33.900        20
33.910         7
33.920        13
33.930        20
33.940         0
33.950        13
33.960         7
33.970         7
33.980        13
33.990        20
34.000         7
34.010        20
34.020        13
34.030         7
34.040        13
34.050         0
34.060         7
34.070         0
34.080        13
34.090         0
34.100        20
34.110         7
34.120         7
34.130        33
34.140        13
34.150         0
34.160         7
34.170        20
34.180         7
34.190        33
34.200         7
34.210        13
34.220         7
34.230        13
34.240        20
34.250        40
34.260        40
34.270        20
34.280        13
34.290        13
34.300         0
34.310        13
34.320        20
34.330        13
34.340        20
34.350        20
34.360        13
34.370        13
34.380         7
34.390         7
34.400        27
34.410        13
34.420        13
34.430        40
34.440        13
34.450        20
34.460        27
34.470        13
34.480         7
34.490        27
34.500        40
34.510        20
34.520        27
34.530        13
34.540        20
34.550        13
34.560        13
34.570        20
34.580         7
34.590        13
34.600        20
34.610         7
34.620        27
34.630         0
34.640        27
34.650        27
34.660        13
34.670        27
34.680        20
34.690        20
34.700        33
34.710        20
34.720         0
34.730        27
34.740         7
34.750        20
34.760         7
34.770         0
34.780         7
34.790         0
34.800        33
34.810         7
34.820        20
34.830        13
34.840         7
34.850        20
34.860        13
34.870         7
34.880        33
34.890        20
34.900        13
34.910        20
34.920        20
34.930         7
34.940        13
34.950        13
34.960        27
34.970        27
34.980         7
34.990         7
35.000        27
35.010        13
35.020        13
35.030        20
35.040        27
35.050        20
35.060         7
35.070        13
35.080         0
35.090         0
35.100         0
35.110         7
35.120        20
35.130        13
35.140        13
35.150        20
35.160        13
35.170        20
35.180        27
35.190        40
35.200        20
35.210        20
35.220         0
35.230         0
35.240        20
35.250         0
35.260        47
35.270         0
35.280         7
35.290        33
35.300        27
35.310        13
35.320         0
35.330        27
35.340        13
35.350        20
35.360        13
35.370        27
35.380        13
35.390         7
35.400        13
35.410         7
35.420        27
35.430        20
35.440        27
35.450         7
35.460         0
35.470         0
35.480         0
35.490        13
35.500        13
35.510        13
35.520         7
35.530        13
35.540        20
35.550        20
35.560         7
35.570        13
35.580         7
35.590         7
35.600        20
35.610        27
35.620         0
35.630         0
35.640        13
35.650         7
35.660        13
35.670        13
35.680        20
35.690        13
35.700        20
35.710        20
35.720         0
35.730         0
35.740        13
35.750         7
35.760         0
35.770        13
35.780        27
35.790        27
35.800        20
35.810         7
35.820        13
35.830        27
35.840        20
35.850        27
35.860        47
35.870        13
35.880         0
35.890         7
35.900        27
35.910        27
35.920        20
35.930        20
35.940        20
35.950        13
35.960        13
35.970        20
35.980        13
35.990        47
36.000         0
36.010         0
36.020        13
36.030         0
36.040        13
36.050        13
36.060         7
36.070        33
36.080        20
36.090        20
36.100        27
36.110        13
36.120        20
36.130         0
36.140         0
36.150         0
36.160        27
36.170        20
36.180        13
36.190        13
36.200        20
36.210         0
36.220         7
36.230         7
36.240         7
36.250        33
36.260        20
36.270        33
36.280         7
36.290        13
36.300         7
36.310        20
36.320        27
36.330         0
36.340        13
36.350        20
36.360        20
36.370        13
36.380        13
36.390        20
36.400        27
36.410         0
36.420        27
36.430        13
36.440         7
36.450         7
36.460         0
36.470        27
36.480         7
36.490         0
36.500        20
36.510        33
36.520         7
36.530        13
36.540         7
36.550         7
36.560         7
36.570        13
36.580        13
36.590         7
36.600         7
36.610         0
36.620        33
36.630         7
36.640        20
36.650         0
36.660        27
36.670        27
36.680         7
36.690         7
36.700        20
36.710         7
36.720        33
36.730        13
36.740        27
36.750         0
36.760         7
36.770        13
36.780        13
36.790        13
36.800        20
36.810         7
36.820        13
36.830         7
36.840         7
36.850        20
36.860        27
36.870         7
36.880         7
36.890        20
36.900        27
36.910        27
36.920        20
36.930         7
36.940         7
36.950         7
36.960         7
36.970         7
36.980        27
36.990        27
37.000         7
37.010        33
37.020        13
37.030        20
37.040        20
37.050         7
37.060        27
37.070        33
37.080         0
37.090         0
37.100        13
37.110         0
37.120        20
37.130         7
37.140        20
37.150        13
37.160        27
37.170        20
37.180        40
37.190        13
37.200         7
37.210        13
37.220         7
37.230        27
37.240        27
37.250        27
37.260        20
37.270        40
37.280        27
37.290         7
37.300        40
37.310         7
37.320        20
37.330        13
37.340         7
37.350         7
37.360        33
37.370        13
37.380         0
37.390         7
37.400        13
37.410        20
37.420        13
37.430        13
37.440        20
37.450        20
37.460         0
37.470         7
37.480         0
37.490        13
37.500        27
37.510        27
37.520        27
37.530        13
37.540         7
37.550        27
37.560        20
37.570         0
37.580        13
37.590        20
37.600        13
37.610         7
37.620        27
37.630        27
37.640        20
37.650         7
37.660        13
37.670        13
37.680        13
37.690        27
37.700        20
37.710        27
37.720        20
37.730         0
37.740         7
37.750        20
37.760         0
37.770        20
37.780        20
37.790         7
37.800        13
37.810        33
37.820         0
37.830         7
37.840        20
37.850        13
37.860        27
37.870        20
37.880         7
37.890        13
37.900         7
37.910        20
37.920         7
37.930        13
37.940         7
37.950        27
37.960         7
37.970        13
37.980        20
37.990        13
38.000         7
38.010        20
38.020         7
38.030        20
38.040         7
38.050        33
38.060        13
38.070         7
38.080         7
38.090         0
38.100         0
38.110         7
38.120         0
38.130        27
38.140         0
38.150         0
38.160         0
38.170        20
38.180        13
38.190        13
38.200        27
38.210        20
38.220        40
38.230         7
38.240         0
38.250         7
38.260        20
38.270        20
38.280        20
38.290         7
38.300        20
38.310        20
38.320        33
38.330         7
38.340         7
38.350        20
38.360        27
38.370        13
38.380        13
38.390         7
38.400        13
38.410         7
38.420        20
38.430        33
38.440         7
38.450        20
38.460        20
38.470         7
38.480         7
38.490        13
38.500        20
38.510         7
38.520         7
38.530         0
38.540        13
38.550         0
38.560        13
38.570         0
38.580        20
38.590         0
38.600         7
38.610         7
38.620         0
38.630         0
38.640         7
38.650         0
38.660         0
38.670        13
38.680        13
38.690         0
38.700         7
38.710        13
38.720        13
38.730        13
38.740         0
38.750         0
38.760         7
38.770        20
38.780         7
38.790         0
38.800        13
38.810         7
38.820         7
38.830         7
38.840         0
38.850        20
38.860        33
38.870         7
38.880        13
38.890        13
38.900        20
38.910        20
38.920         7
38.930        13
38.940        13
38.950         0
38.960         0
38.970        13
38.980         7
38.990         7
39.000        27
39.010         7
39.020         7
39.030        20
39.040         7
39.050        13
39.060        13
39.070         7
39.080        33
39.090        13
39.100         7
39.110        13
39.120         0
39.130        27
39.140        13
39.150        27
39.160         7
39.170        20
39.180        13
39.190        20
39.200        13
39.210        13
39.220         0
39.230         0
39.240         7
39.250         7
39.260        13
39.270         7
39.280         7
39.290         0
39.300        13
39.310        27
39.320         7
39.330        20
39.340        13
39.350        13
39.360         7
39.370        27
39.380        20
39.390         7
39.400        27
39.410        27
39.420        20
39.430        20
39.440         0
39.450        13
39.460         7
39.470         0
39.480        13
39.490        27
39.500         0
39.510         7
39.520        13
39.530        13
39.540        20
39.550        20
39.560         7
39.570        27
39.580         7
39.590         7
39.600         7
39.610         0
39.620        20
39.630        20
39.640         0
39.650         7
39.660        20
39.670        13
39.680        13
39.690        40
39.700        13
39.710         7
39.720        27
39.730         0
39.740        27
39.750         0
39.760        20
39.770        13
39.780         7
39.790         7
39.800        13
39.810        20
39.820        53
39.830        20
39.840         0
39.850        27
39.860        13
39.870         0
39.880        13
39.890         7
39.900         7
39.910         7
39.920        27
39.930         0
39.940        13
39.950        20
39.960         7
39.970         7
39.980        13
39.990        13
40.000         0
40.010         0
40.020         0
40.030         0
40.040        20
40.050         0
40.060        13
40.070         0
40.080         7
40.090         7
40.100         7
40.110        13
40.120         0
40.130         7
40.140        20
40.150         0
40.160        13
40.170        20
40.180        13
40.190         7
40.200        20
40.210        13
40.220        20
40.230        13
40.240        33
40.250        20
40.260         7
40.270         7
40.280         0
40.290        13
40.300        13
40.310        13
40.320         0
40.330         0
40.340        13
40.350        27
40.360         7
40.370         7
40.380        13
40.390         7
40.400         7
40.410         7
40.420        33
40.430         7
40.440         0
40.450        20
40.460         0
40.470        13
40.480         0
40.490        20
40.500        20
40.510         7
40.520        20
40.530         7
40.540        27
40.550        20
40.560        13
40.570         7
40.580         0
40.590        13
40.600        13
40.610         7
40.620         0
40.630         7
40.640         0
40.650         7
40.660        20
40.670        13
40.680         0
40.690        20
40.700        13
40.710        20
40.720         7
40.730        33
40.740         0
40.750        13
40.760        33
40.770         0
40.780        20
40.790        13
40.800         0
40.810         7
40.820        33
40.830        27
40.840        27
40.850         7
40.860        20
40.870        13
40.880         7
40.890        20
40.900         0
40.910        13
40.920         7
40.930        13
40.940        20
40.950         7
40.960        13
40.970        13
40.980        13
40.990         7
41.000         7
41.010        13
41.020        13
41.030         7
41.040         7
41.050         7
41.060        27
41.070        13
41.080         0
41.090         7
41.100         0
41.110        13
41.120        20
41.130        13
41.140         0
41.150        13
41.160        27
41.170        20
41.180         7
41.190         0
41.200         0
41.210        13
41.220         7
41.230        13
41.240         7
41.250         7
41.260        20
41.270        13
41.280        13
41.290        20
41.300        20
41.310         7
41.320        13
41.330         7
41.340        27
41.350         0
41.360        13
41.370        27
41.380         0
41.390         7
41.400         0
41.410         0
41.420         7
41.430        13
41.440         7
41.450         0
41.460         7
41.470         0
41.480         0
41.490         7
41.500        13
41.510         0
41.520         7
41.530         0
41.540        13
41.550        13
41.560        33
41.570        13
41.580        47
41.590         0
41.600        13
41.610         7
41.620         7
41.630         7
41.640         0
41.650         0
41.660         7
41.670        13
41.680         0
41.690        13
41.700         7
41.710        13
41.720        13
41.730         0
41.740         7
41.750        20
41.760        20
41.770        20
41.780         7
41.790         0
41.800        13
41.810        20
41.820         0
41.830         7
41.840         0
41.850         7
41.860         7
41.870        13
41.880         0
41.890        20
41.900         7
41.910        13
41.920        13
41.930        13
41.940        13
41.950         7
41.960         7
41.970        13
41.980        20
41.990        20
42.000        13
42.010         0
42.020        13
42.030        13
42.040         7
42.050        13
42.060         7
42.070        20
42.080        13
42.090        13
42.100        13
42.110         0
42.120        27
42.130        20
42.140        13
42.150        27
42.160         7
42.170         0
42.180        13
42.190         7
42.200        13
42.210        13
42.220         7
42.230        13
42.240         7
42.250         7
42.260         7
42.270        33
42.280         0
42.290         7
42.300        27
42.310        13
42.320         0
42.330         0
42.340        47
42.350        20
42.360         7
42.370         0
42.380         0
42.390         0
42.400        20
42.410        33
42.420         0
42.430        13
42.440         0
42.450        13
42.460         0
42.470         7
42.480        13
42.490         7
42.500         0
42.510        13
42.520        13
42.530         7
42.540         7
42.550         7
42.560         0
42.570         0
42.580         7
42.590        27
42.600        20
42.610        13
42.620        13
42.630         0
42.640         0
42.650        13
42.660        13
42.670         0
42.680        20
42.690         7
42.700         7
42.710         7
42.720         7
42.730         7
42.740         7
42.750         7
42.760        13
42.770         7
42.780         7
42.790        20
42.800        13
42.810        13
42.820        13
42.830        20
42.840        20
42.850         7
42.860         7
42.870         7
42.880         7
42.890        20
42.900        33
42.910         7
42.920         7
42.930        13
42.940        13
42.950         7
42.960         7
42.970        13
42.980         7
42.990        13
43.000        27
43.010        20
43.020         0
43.030        20
43.040         7
43.050         7
43.060        27
43.070        13
43.080         0
43.090         7
43.100         0
43.110         7
43.120        13
43.130         0
43.140        13
43.150        13
43.160         7
43.170         7
43.180        13
43.190        20
43.200        13
43.210         7
43.220        13
43.230        13
43.240         7
43.250        13
43.260         7
43.270        13
43.280         7
43.290         7
43.300         0
43.310        13
43.320        13
43.330         0
43.340        40
43.350        13
43.360         7
43.370         7
43.380         7
43.390         7
43.400         0
43.410        13
43.420         0
43.430         0
43.440        20
43.450         7
43.460         7
43.470         0
43.480         7
43.490         0
43.500         0
43.510        13
43.520        13
43.530         0
43.540        13
43.550         7
43.560         7
43.570        13
43.580        13
43.590        20
43.600        13
43.610         0
43.620        13
43.630        13
43.640         0
43.650        13
43.660         7
43.670         7
43.680        13
43.690         7
43.700         7
43.710         7
43.720        13
43.730         7
43.740        20
43.750         0
43.760         0
43.770        13
43.780        13
43.790         0
43.800        13
43.810         0
43.820         7
43.830         7
43.840        20
43.850         7
43.860        20
43.870        27
43.880         7
43.890        20
43.900         0
43.910         0
43.920         7
43.930         7
43.940         0
43.950        20
43.960         7
43.970         0
43.980         0
43.990         7
44.000         0
44.010         7
44.020         7
44.030        13
44.040         7
44.050        27
44.060         7
44.070        20
44.080        20
44.090        13
44.100        20
44.110        20
44.120         7
44.130        13
44.140        13
44.150        13
44.160         7
44.170        13
44.180        13
44.190        13
44.200        13
44.210         0
44.220         7
44.230         7
44.240        33
44.250         7
44.260         7
44.270        13
44.280         0
44.290         7
44.300        13
44.310        13
44.320         7
44.330         7
44.340         0
44.350        13
44.360         0
44.370        27
44.380        27
44.390         0
44.400        13
44.410         0
44.420        20
44.430        13
44.440         0
44.450         0
44.460        13
44.470        20
44.480        13
44.490        13
44.500        13
44.510         7
44.520        20
44.530        20
44.540        20
44.550         7
44.560         7
44.570        13
44.580        13
44.590        20
44.600         7
44.610        13
44.620        20
44.630        13
44.640         7
44.650        20
44.660        20
44.670         7
44.680        20
44.690         0
44.700        13
44.710        13
44.720        13
44.730         7
44.740        13
44.750        13
44.760        13
44.770        13
44.780         7
44.790         0
44.800        27
44.810        27
44.820         0
44.830         7
44.840        20
44.850         0
44.860         7
44.870         0
44.880        27
44.890        13
44.900        33
44.910        20
44.920        27
44.930        13
44.940        20
44.950         0
44.960         7
44.970        20
44.980        13
44.990         7
45.000         7
45.010         0
45.020        20
45.030        13
45.040         0
45.050        27
45.060        13
45.070        20
45.080        13
45.090         0
45.100         7
45.110        20
45.120        13
45.130        20
45.140         7
45.150        20
45.160        27
45.170         0
45.180         7
45.190        20
45.200        33
45.210        20
45.220        13
45.230         7
45.240         7
45.250        13
45.260         0
45.270         7
45.280         7
45.290        20
45.300         7
45.310         7
45.320        13
45.330         7
45.340        13
45.350        13
45.360        27
45.370         7
45.380         0
45.390         7
45.400         0
45.410         7
45.420        13
45.430         7
45.440         7
45.450        13
45.460         7
45.470         7
45.480        20
45.490         0
45.500        47
45.510        13
45.520         0
45.530         0
45.540         0
45.550        27
45.560         0
45.570         7
45.580         0
45.590         0
45.600         7
45.610         7
45.620        20
45.630         7
45.640         7
45.650        13
45.660        13
45.670        13
45.680         7
45.690         7
45.700         7
45.710         0
45.720        27
45.730         7
45.740        13
45.750         7
45.760        13
45.770        20
45.780         7
45.790         7
45.800         0
45.810         0
45.820        40
45.830         7
45.840        13
45.850         7
45.860        13
45.870        13
45.880        20
45.890         7
45.900         0
45.910         0
45.920        20
45.930        40
45.940        13
45.950        20
45.960        13
45.970         0
45.980         7
45.990        20
46.000        20
46.010         0
46.020        13
46.030        13
46.040        20
46.050         0
46.060         7
46.070         7
46.080         7
46.090        13
46.100         7
46.110        20
46.120         0
46.130         7
46.140        13
46.150        13
46.160         7
46.170        20
46.180        13
46.190         7
46.200        13
46.210         0
46.220        33
46.230         7
46.240        40
46.250         7
46.260        13
46.270         7
46.280        13
46.290        13
46.300        13
46.310        20
46.320        13
46.330        20
46.340        13
46.350        27
46.360         7
46.370        20
46.380        13
46.390        20
46.400        13
46.410        27
46.420         7
46.430         0
46.440         7
46.450         7
46.460        20
46.470        20
46.480         7
46.490        33
46.500        20
46.510         7
46.520         0
46.530         0
46.540         7
46.550        13
46.560         7
46.570        13
46.580         7
46.590         7
46.600         7
46.610         7
46.620        13
46.630        20
46.640         0
46.650        13
46.660         7
46.670         7
46.680         7
46.690        33
46.700         7
46.710        20
46.720        27
46.730        20
46.740         0
46.750         7
46.760         0
46.770        13
46.780         7
46.790        13
46.800         7
46.810        13
46.820         0
46.830         0
46.840        13
46.850         7
46.860        13
46.870         0
46.880         7
46.890        13
46.900         7
46.910         7
46.920         0
46.930         7
46.940        13
46.950        20
46.960         0
46.970        13
46.980        27
46.990        13
47.000        20
47.010        20
47.020        20
47.030        13
47.040         0
47.050        20
47.060         0
47.070        27
47.080         7
47.090         0
47.100        33
47.110        20
47.120        13
47.130         7
47.140         0
47.150        13
47.160        20
47.170         0
47.180        33
47.190         7
47.200         7
47.210        20
47.220        13
47.230        20
47.240        13
47.250         7
47.260         7
47.270        20
47.280         7
47.290         7
47.300         7
47.310         7
47.320         7
47.330         0
47.340        13
47.350        13
47.360        13
47.370        20
47.380         7
47.390         7
47.400         7
47.410         7
47.420         7
47.430        13
47.440        13
47.450        20
47.460         7
47.470        13
47.480        20
47.490         7
47.500         7
47.510         0
47.520         0
47.530         7
47.540        13
47.550        27
47.560        13
47.570         7
47.580         7
47.590         0
47.600         0
47.610        20
47.620         7
47.630        13
47.640        13
47.650        13
47.660        27
47.670         0
47.680         7
47.690        27
47.700         7
47.710        20
47.720        13
47.730         7
47.740         7
47.750        33
47.760        13
47.770        13
47.780        13
47.790         7
47.800         7
47.810        20
47.820         0
47.830         7
47.840         0
47.850         7
47.860         7
47.870         7
47.880         0
47.890         7
47.900         0
47.910        13
47.920        33
47.930         0
47.940        13
47.950        27
47.960         0
47.970        13
47.980        13
47.990         7
48.000        13
48.010        13
48.020         7
48.030         0
48.040        27
48.050         0
48.060        13
48.070        33
48.080        13
48.090         7
48.100         7
48.110         7
48.120        27
48.130         7
48.140         0
48.150        20
48.160         7
48.170         7
48.180         7
48.190        20
48.200         0
48.210         7
48.220        13
48.230         7
48.240        13
48.250         7
48.260         7
48.270         7
48.280         7
48.290        20
48.300        20
48.310        13
48.320        20
48.330         7
48.340         0
48.350         7
48.360        13
48.370         7
48.380         0
48.390        20
48.400        27
48.410         0
48.420         7
48.430         0
48.440         0
48.450        13
48.460         0
48.470         7
48.480         7
48.490         7
48.500         0
48.510        13
48.520         0
48.530         0
48.540         0
48.550         7
48.560         7
48.570        27
48.580         7
48.590        20
48.600         7
48.610         7
48.620        20
48.630        13
48.640         0
48.650         7
48.660         0
48.670        13
48.680        13
48.690        27
48.700         0
48.710         0
48.720         7
48.730        20
48.740        13
48.750         0
48.760         0
48.770         7
48.780        13
48.790         7
48.800         0
48.810         7
48.820        20
48.830        13
48.840        13
48.850         7
48.860        20
48.870        33
48.880        13
48.890         0
48.900         0
48.910         0
48.920        27
48.930         7
48.940        13
48.950        13
48.960         7
48.970         0
48.980        27
48.990        13
49.000        13
49.010        13
49.020        13
49.030        13
49.040         0
49.050         7
49.060        33
49.070         7
49.080        27
49.090        20
49.100        20
49.110        13
49.120        20
49.130        20
49.140        20
49.150         7
49.160         7
49.170        13
49.180         7
49.190         0
49.200         7
49.210         0
49.220        20
49.230         0
49.240        13
49.250         7
49.260         7
49.270        20
49.280         7
49.290         0
49.300        13
49.310        13
49.320        20
49.330         0
49.340        13
49.350        33
49.360        20
49.370         0
49.380         7
49.390        13
49.400         0
49.410         7
49.420         7
49.430        20
49.440         7
49.450         7
49.460        20
49.470         0
49.480         7
49.490        20
49.500        13
49.510        27
49.520         0
49.530         7
49.540        20
49.550         0
49.560         7
49.570         0
49.580        13
49.590         7
49.600        20
49.610         7
49.620         0
49.630        13
49.640         7
49.650        27
49.660        20
49.670         7
49.680         0
49.690        13
49.700         7
49.710        13
49.720         7
49.730        13
49.740        13
49.750        20
49.760         0
49.770         7
49.780         0
49.790         7
49.800        13
49.810        27
49.820        13
49.830        13
49.840         7
49.850         7
49.860        13
49.870         7
49.880         7
49.890         7
49.900        13
49.910        13
49.920         0
49.930         7
49.940        13
49.950        27
49.960        13
49.970        20
49.980         7
49.990        13
50.000         7
50.010        13
50.020         0
50.030         0
50.040         0
50.050        13
50.060         0
50.070        13
50.080         0
50.090        20
50.100        13
50.110         7
50.120        13
50.130        13
50.140         7
50.150        13
50.160        13
50.170        20
50.180         7
50.190         0
50.200         0
50.210         7
50.220        20
50.230         7
50.240        13
50.250         0
50.260        20
50.270        13
50.280         0
50.290         7
50.300        13
50.310         0
50.320        13
50.330        27
50.340         7
50.350         7
50.360         0
50.370         0
50.380         7
50.390         7
50.400        13
50.410        13
50.420        13
50.430        33
50.440         7
50.450        20
50.460        13
50.470         7
50.480        13
50.490        27
50.500         7
50.510         7
50.520        13
50.530        40
50.540         0
50.550        13
50.560         7
50.570        13
50.580         7
50.590         7
50.600        13
50.610         7
50.620        40
50.630        13
50.640         7
50.650        20
50.660        13
50.670        20
50.680         0
50.690        20
50.700         7
50.710        20
50.720         7
50.730        20
50.740         7
50.750         7
50.760        13
50.770         7
50.780         7
50.790        27
50.800         7
50.810        20
50.820         0
50.830        13
50.840         0
50.850        13
50.860        13
50.870        20
50.880         7
50.890        13
50.900        13
50.910        13
50.920         0
50.930        13
50.940         7
50.950        13
50.960         7
50.970        27
50.980         7
50.990        33
51.000         0
51.010        20
51.020         7
51.030        27
51.040        53
51.050        13
51.060        13
51.070        13
51.080         0
51.090        13
51.100        20
51.110         0
51.120         7
51.130         0
51.140         7
51.150        13
51.160         0
51.170         7
51.180         7
51.190        20
51.200         7
51.210        20
51.220        13
51.230         7
51.240        13
51.250        13
51.260        20
51.270         7
51.280        27
51.290         7
51.300         0
51.310         7
51.320         0
51.330         0
51.340         7
51.350        13
51.360        13
51.370         7
51.380         7
51.390        20
51.400         7
51.410         0
51.420         7
51.430         7
51.440        13
51.450         0
51.460         7
51.470         0
51.480         7
51.490         0
51.500        13
51.510        13
51.520        27
51.530         7
51.540        33
51.550        13
51.560         7
51.570        20
51.580         7
51.590         7
51.600         0
51.610        20
51.620         0
51.630        20
51.640        20
51.650         7
51.660         7
51.670        13
51.680         7
51.690         7
51.700         7
51.710         7
51.720        13
51.730        13
51.740         7
51.750         7
51.760         0
51.770        33
51.780         0
51.790         7
51.800        13
51.810         0
51.820        13
51.830        13
51.840        27
51.850        20
51.860        13
51.870        27
51.880        13
51.890        13
51.900        27
51.910        20
51.920         7
51.930        27
51.940        20
51.950         7
51.960        13
51.970         7
51.980         7
51.990         7
52.000         7
52.010         7
52.020        20
52.030        13
52.040        13
52.050        13
52.060         7
52.070         7
52.080         7
52.090        20
52.100        13
52.110        13
52.120         7
52.130        20
52.140         7
52.150        20
52.160        13
52.170         7
52.180         7
52.190         0
52.200         7
52.210        13
52.220         7
52.230         0
52.240         0
52.250         7
52.260        13
52.270         7
52.280         7
52.290         7
52.300        20
52.310         0
52.320        13
52.330         7
52.340        13
52.350         7
52.360         7
52.370        27
52.380         7
52.390         7
52.400         7
52.410        20
52.420         7
52.430        20
52.440         7
52.450        20
52.460         0
52.470         7
52.480        20
52.490         7
52.500         7
52.510         7
52.520        13
52.530        13
52.540        13
52.550         7
52.560        13
52.570         0
52.580         7
52.590         7
52.600         7
52.610        13
52.620        40
52.630        13
52.640         0
52.650        20
52.660        33
52.670        13
52.680        13
52.690        13
52.700         7
52.710        13
52.720        33
52.730         7
52.740         7
52.750        13
52.760         7
52.770         7
52.780        13
52.790        13
52.800        20
52.810        13
52.820        13
52.830        20
52.840         7
52.850         7
52.860         7
52.870         7
52.880         7
52.890         7
52.900         0
52.910        13
52.920         7
52.930        13
52.940         7
52.950         7
52.960         7
52.970        13
52.980        33
52.990         0
53.000        13
53.010         7
53.020         0
53.030        13
53.040         7
53.050        20
53.060        13
53.070         0
53.080         7
53.090         7
53.100        27
53.110         0
53.120        13
53.130         0
53.140         7
53.150         7
53.160         7
53.170        27
53.180         0
53.190        20
53.200         7
53.210         0
53.220         7
53.230         7
53.240         7
53.250         7
53.260         0
53.270         7
53.280        13
53.290         7
53.300        13
53.310        13
53.320        13
53.330         7
53.340        13
53.350         7
53.360         7
53.370         7
53.380         7
53.390         7
53.400         7
53.410         0
53.420         0
53.430        13
53.440        13
53.450        13
53.460         0
53.470         7
53.480        13
53.490         0
53.500        20
53.510        13
53.520         7
53.530         7
53.540         7
53.550         0
53.560         0
53.570         0
53.580         7
53.590         7
53.600         0
53.610        20
53.620         7
53.630         0
53.640         0
53.650         0
53.660        20
53.670         0
53.680        13
53.690         7
53.700         7
53.710        13
53.720        27
53.730        20
53.740         0
53.750        13
53.760        13
53.770        13
53.780         7
53.790         7
53.800        13
53.810        13
53.820         7
53.830        20
53.840        13
53.850         0
53.860         7
53.870         0
53.880         7
53.890        27
53.900        20
53.910        13
53.920        20
53.930         7
53.940         7
53.950         7
53.960        13
53.970        13
53.980        13
53.990        13
54.000         0
54.010         0
54.020         7
54.030         7
54.040        20
54.050         7
54.060        13
54.070         0
54.080         7
54.090         7
54.100         7
54.110        20
54.120        27
54.130         0
54.140        13
54.150        20
54.160         7
54.170        13
54.180        13
54.190         7
54.200        13
54.210        13
54.220         7
54.230        20
54.240         7
54.250        20
54.260        13
54.270        27
54.280         7
54.290         0
54.300         7
54.310         7
54.320        13
54.330        13
54.340         0
54.350        13
54.360        13
54.370         7
54.380         0
54.390         0
54.400         7
54.410        20
54.420         0
54.430        20
54.440         7
54.450         7
54.460        20
54.470         7
54.480         7
54.490         7
54.500         0
54.510        20
54.520        20
54.530         7
54.540         7
54.550        27
54.560         0
54.570         0
54.580         7
54.590         7
54.600        13
54.610        27
54.620         7
54.630        13
54.640         0
54.650        13
54.660         7
54.670         7
54.680        13
54.690         7
54.700         7
54.710        13
54.720        20
54.730         0
54.740        20
54.750         0
54.760        13
54.770        27
54.780        20
54.790        13
54.800        13
54.810        20
54.820        13
54.830         7
54.840        20
54.850         0
54.860        13
54.870         7
54.880         0
54.890         0
54.900         7
54.910         7
54.920         7
54.930        13
54.940         0
54.950         7
54.960         7
54.970        13
54.980         0
54.990         0
55.000        13
55.010        13
55.020         7
55.030        27
55.040         7
55.050         7
55.060        13
55.070         0
55.080        13
55.090        13
55.100         0
55.110        20
55.120         7
55.130         0
55.140         7
55.150         7
55.160         7
55.170        13
55.180        13
55.190        13
55.200         7
55.210         7
55.220        13
55.230         7
55.240         0
55.250         0
55.260        20
55.270         7
55.280         0
55.290        40
55.300        20
55.310         0
55.320         0
55.330         7
55.340         7
55.350        20
55.360         0
55.370         0
55.380        20
55.390         7
55.400        13
55.410        13
55.420        13
55.430         7
55.440        13
55.450        13
55.460         0
55.470        13
55.480         7
55.490         0
55.500         0
55.510        20
55.520         7
55.530         0
55.540         7
55.550        13
55.560        13
55.570        13
55.580         0
55.590         7
55.600         0
55.610         7
55.620         0
55.630        13
55.640        13
55.650        13
55.660         0
55.670         7
55.680         7
55.690         0
55.700         0
55.710        13
55.720         7
55.730         0
55.740         7
55.750         0
55.760         0
55.770        13
55.780        13
55.790         7
55.800         0
55.810        20
55.820         7
55.830         0
55.840         0
55.850         0
55.860         7
55.870        13
55.880         7
55.890         7
55.900         7
55.910         7
55.920        27
55.930         7
55.940        20
55.950        27
55.960         7
55.970        13
55.980         0
55.990         0
56.000        27
56.010        20
56.020        20
56.030        13
56.040         7
56.050         0
56.060         7
56.070        13
56.080        13
56.090         7
56.100        13
56.110         7
56.120         7
56.130         7
56.140         7
56.150         0
56.160        13
56.170        13
56.180         0
56.190         0
56.200         0
56.210        13
56.220        20
56.230        13
56.240        13
56.250         7
56.260        13
56.270        20
56.280         0
56.290        13
56.300        13
56.310         0
56.320         7
56.330        13
56.340         0
56.350         7
56.360         0
56.370         0
56.380         7
56.390        13
56.400         7
56.410        13
56.420         7
56.430        20
56.440         0
56.450         0
56.460        13
56.470         7
56.480         0
56.490        27
56.500         7
56.510         7
56.520         7
56.530         7
56.540        20
56.550        13
56.560        13
56.570         0
56.580         7
56.590         0
56.600         0
56.610         7
56.620        20
56.630        27
56.640        27
56.650         7
56.660         7
56.670         0
56.680         7
56.690         0
56.700         7
56.710        13
56.720        13
56.730         0
56.740        13
56.750         0
56.760         0
56.770         7
56.780        13
56.790         7
56.800        20
56.810        13
56.820        20
56.830         0
56.840         7
56.850        13
56.860         7
56.870        13
56.880        13
56.890         7
56.900         7
56.910         0
56.920        13
56.930         7
56.940         7
56.950         7
56.960        27
56.970         7
56.980         7
56.990         0
57.000        20
57.010        13
57.020         0
57.030         0
57.040         7
57.050        13
57.060        13
57.070         0
57.080         7
57.090         7
57.100         7
57.110         7
57.120         7
57.130         0
57.140         0
57.150        13
57.160         7
57.170        13
57.180         7
57.190         0
57.200         7
57.210         0
57.220        13
57.230         7
57.240        13
57.250         7
57.260         7
57.270         7
57.280        13
57.290         0
57.300        13
57.310        20
57.320        20
57.330         7
57.340         7
57.350         7
57.360         7
57.370        13
57.380         0
57.390        13
57.400        20
57.410        13
57.420         7
57.430         7
57.440         7
57.450         7
57.460        13
57.470         0
57.480         0
57.490         0
57.500         0
57.510        20
57.520         7
57.530         0
57.540         0
57.550         0
57.560        13
57.570        13
57.580         7
57.590        20
57.600        13
57.610         7
57.620         0
57.630         7
57.640         0
57.650        20
57.660         7
57.670         0
57.680        27
57.690         0
57.700        13
57.710         7
57.720         7
57.730         7
57.740         7
57.750         7
57.760         7
57.770         0
57.780         7
57.790         7
57.800        13
57.810         0
57.820        13
57.830         7
57.840         0
57.850         7
57.860         7
57.870        13
57.880         7
57.890        13
57.900         7
57.910         7
57.920         7
57.930         0
57.940        13
57.950        13
57.960         7
57.970        20
57.980         7
57.990         0
58.000        13
58.010         7
58.020         7
58.030        20
58.040         7
58.050         7
58.060        13
58.070         0
58.080         0
58.090         7
58.100        13
58.110         7
58.120         7
58.130         7
58.140         0
58.150         0
58.160         0
58.170        13
58.180         7
58.190         0
58.200         0
58.210         0
58.220         7
58.230         7
58.240         7
58.250         0
58.260         0
58.270        13
58.280        13
58.290         0
58.300         7
58.310        20
58.320         0
58.330         0
58.340         7
58.350        13
58.360         7
58.370         0
58.380         7
58.390        20
58.400        13
58.410         7
58.420        13
58.430        13
58.440         0
58.450        13
58.460        13
58.470         7
58.480         7
58.490         7
58.500         0
58.510        20
58.520        13
58.530         0
58.540        20
58.550        20
58.560         7
58.570        13
58.580         7
58.590         7
58.600         7
58.610        20
58.620        13
58.630        13
58.640         7
58.650        13
58.660         0
58.670         0
58.680        13
58.690         7
58.700         7
58.710         0
58.720         7
58.730         7
58.740         7
58.750         7
58.760        13
58.770         0
58.780         7
58.790         0
58.800        20
58.810        13
58.820         7
58.830        13
58.840         7
58.850         7
58.860        13
58.870         0
58.880        13
58.890         0
58.900        13
58.910        27
58.920        20
58.930        20
58.940         0
58.950        13
58.960         0
58.970         0
58.980        13
58.990        20
59.000         0
59.010        27
59.020        13
59.030        13
59.040         7
59.050        20
59.060        13
59.070         7
59.080         0
59.090         7
59.100        33
59.110        27
59.120         0
59.130        27
59.140        13
59.150         7
59.160        13
59.170         7
59.180         7
59.190         7
59.200        13
59.210        20
59.220         0
59.230        13
59.240         0
59.250         7
59.260         0
59.270        13
59.280        20
59.290        33
59.300         7
59.310         7
59.320         0
59.330        13
59.340        13
59.350         7
59.360        20
59.370         0
59.380         7
59.390        13
59.400         7
59.410         7
59.420         7
59.430        13
59.440        13
59.450        20
59.460         7
59.470        13
59.480         7
59.490         7
59.500         0
59.510         7
59.520        13
59.530        27
59.540         7
59.550         0
59.560         7
59.570         7
59.580        20
59.590         7
59.600         0
59.610        13
59.620        20
59.630         7
59.640         0
59.650         7
59.660         0
59.670         7
59.680        13
59.690        13
59.700         7
59.710         0
59.720         0
59.730        13
59.740         0
59.750         7
59.760        13
59.770         7
59.780        27
59.790         0
59.800         0
59.810         7
59.820        13
59.830         7
59.840         7
59.850         0
59.860        27
59.870        13
59.880         7
59.890        13
59.900        20
59.910         7
59.920         0
59.930         7
59.940        33
59.950         7
59.960        13
59.970         7
59.980         7
59.990         7
60.000        13
60.010         0
60.020         0
60.030         0
60.040         0
60.050         0
60.060         7
60.070         7
60.080         0
60.090         0
60.100         0
60.110        13
60.120         7
60.130         7
60.140         0
60.150         7
60.160         0
60.170         0
60.180        20
60.190         7
60.200         7
60.210        13
60.220         7
60.230         7
60.240        13
60.250        13
60.260         7
60.270        13
60.280         0
60.290         0
60.300         0
60.310        13
60.320        13
60.330         7
60.340        20
60.350         7
60.360         0
60.370        13
60.380         0
60.390         7
60.400         7
60.410         0
60.420         7
60.430         0
60.440        13
60.450         7
60.460        13
60.470         0
60.480         0
60.490        13
60.500        20
60.510         0
60.520         7
60.530        13
60.540        27
60.550         0
60.560         0
60.570         0
60.580        13
60.590         7
60.600         7
60.610         0
60.620         7
60.630         0
60.640        13
60.650         0
60.660         7
60.670        20
60.680         7
60.690        20
60.700         7
60.710         0
60.720        13
60.730         0
60.740         0
60.750         7
60.760         0
60.770         7
60.780        13
60.790         0
60.800         0
60.810         7
60.820         7
60.830         0
60.840        13
60.850         7
60.860         0
60.870        13
60.880         7
60.890         0
60.900         0
60.910         7
60.920         7
60.930         7
60.940         0
60.950        13
60.960        13
60.970         7
60.980         0
60.990         7
61.000         0
61.010         7
61.020         7
61.030         0
61.040         0
61.050         7
61.060         7
61.070         0
61.080         0
61.090         7
61.100         0
61.110         7
61.120         7
61.130        13
61.140         7
61.150        13
61.160         7
61.170         0
61.180         7
61.190        20
61.200        13
61.210         0
61.220         7
61.230         0
61.240         7
61.250         0
61.260         7
61.270        20
61.280         0
61.290         0
61.300        13
61.310        13
61.320         0
61.330         0
61.340        13
61.350        13
61.360         7
61.370         7
61.380        13
61.390         7
61.400         0
61.410         0
61.420         0
61.430         0
61.440        20
61.450         0
61.460         7
61.470         7
61.480        20
61.490        20
61.500         7
61.510         7
61.520         0
61.530         0
61.540         7
61.550        13
61.560         0
61.570         0
61.580         0
61.590         7
61.600         0
61.610        20
61.620         7
61.630        20
61.640         7
61.650         0
61.660         0
61.670        20
61.680         7
61.690         7
61.700         7
61.710        13
61.720         7
61.730         7
61.740         7
61.750         0
61.760         7
61.770         0
61.780         0
61.790         7
61.800         0
61.810        20
61.820         0
61.830        13
61.840         0
61.850         0
61.860         0
61.870         0
61.880         0
61.890        13
61.900        13
61.910        13
61.920         0
61.930         0
61.940         7
61.950         0
61.960        13
61.970        20
61.980        13
61.990         7
62.000        13
62.010        20
62.020         0
62.030        20
62.040        20
62.050         7
62.060         0
62.070        20
62.080        27
62.090         0
62.100         0
62.110        13
62.120         0
62.130        20
62.140         0
62.150         0
62.160         0
62.170         0
62.180         0
62.190         7
62.200         7
62.210         7
62.220        13
62.230        13
62.240         7
62.250         7
62.260         0
62.270         0
62.280        13
62.290        13
62.300         7
62.310        13
62.320         7
62.330         7
62.340         7
62.350         0
62.360         0
62.370         0
62.380         7
62.390         7
62.400        13
62.410         0
62.420        20
62.430        13
62.440         0
62.450         7
62.460        13
62.470         0
62.480         0
62.490        13
62.500         0
62.510         7
62.520         7
62.530         0
62.540         0
62.550         0
62.560         7
62.570         7
62.580         0
62.590         0
62.600         0
62.610         7
62.620        13
62.630         0
62.640        13
62.650         7
62.660         0
62.670        13
62.680        13
62.690         7
62.700        13
62.710         7
62.720        13
62.730         0
62.740         7
62.750        13
62.760         7
62.770        13
62.780         0
62.790         0
62.800         7
62.810        13
62.820        13
62.830        20
62.840         7
62.850        13
62.860         7
62.870        20
62.880        13
62.890         7
62.900         7
62.910         0
62.920        20
62.930         0
62.940         7
62.950         0
62.960         7
62.970         0
62.980        20
62.990         0
63.000         7
63.010        13
63.020         0
63.030         0
63.040         7
63.050         7
63.060         7
63.070         7
63.080        20
63.090         0
63.100        13
63.110         7
63.120         7
63.130        13
63.140         7
63.150         7
63.160         0
63.170         7
63.180         7
63.190         7
63.200         7
63.210         7
63.220         0
63.230         7
63.240         7
63.250         0
63.260        20
63.270         0
63.280         7
63.290         0
63.300        13
63.310        13
63.320        13
63.330         7
63.340        13
63.350        13
63.360         7
63.370         7
63.380         0
63.390        20
63.400         7
63.410         7
63.420        20
63.430         7
63.440        20
63.450         7
63.460        13
63.470        20
63.480         0
63.490        13
63.500        13
63.510        13
63.520         0
63.530         7
63.540        13
63.550         0
63.560         7
63.570        13
63.580        13
63.590         0
63.600        13
63.610        13
63.620         0
63.630         7
63.640         0
63.650         0
63.660         0
63.670         0
63.680         7
63.690         7
63.700         0
63.710         0
63.720         7
63.730         7
63.740        13
63.750         7
63.760        27
63.770         0
63.780         0
63.790         7
63.800         0
63.810         0
63.820        13
63.830         7
63.840        13
63.850         7
63.860         7
63.870        20
63.880         7
63.890         7
63.900         7
63.910         7
63.920         7
63.930         0
63.940         7
63.950         0
63.960         7
63.970         7
63.980        20
63.990         7
64.000         0
64.010        20
64.020         0
64.030         0
64.040         0
64.050        13
64.060         7
64.070         0
64.080         0
64.090         7
64.100         0
64.110         0
64.120        20
64.130         7
64.140         0
64.150         0
64.160         7
64.170         7
64.180         7
64.190         0
64.200         0
64.210        27
64.220         0
64.230        20
64.240         7
64.250         0
64.260         7
64.270         7
64.280         0
64.290         7
64.300        13
64.310         7
64.320        13
64.330         7
64.340         0
64.350         0
64.360         7
64.370         7
64.380         7
64.390         7
64.400        13
64.410         7
64.420         0
64.430        13
64.440        20
64.450         0
64.460         0
64.470         0
64.480         0
64.490         7
64.500        27
64.510         0
64.520        13
64.530         0
64.540         7
64.550        20
64.560         7
64.570        20
64.580        13
64.590         7
64.600         7
64.610         0
64.620         0
64.630         7
64.640         7
64.650        13
64.660         0
64.670         0
64.680        13
64.690         0
64.700        13
64.710         0
64.720         0
64.730        13
64.740         7
64.750         7
64.760        13
64.770         7
64.780         0
64.790        13
64.800         7
64.810        20
64.820         7
64.830         7
64.840        13
64.850         7
64.860        13
64.870         7
64.880         7
64.890         7
64.900         7
64.910        13
64.920        13
64.930        13
64.940        27
64.950        13
64.960         7
64.970        13
64.980         0
64.990         7
65.000        20
65.010        13
65.020         0
65.030         7
65.040         0
65.050         7
65.060         7
65.070         0
65.080         0
65.090        13
65.100         0
65.110        13
65.120        20
65.130         7
65.140         0
65.150         7
65.160        13
65.170        13
65.180         0
65.190        13
65.200         7
65.210        20
65.220         7
65.230         0
65.240         0
65.250         7
65.260        13
65.270        13
65.280        13
65.290        13
65.300         7
65.310         7
65.320         0
65.330        13
65.340         7
65.350        13
65.360         0
65.370         7
65.380         7
65.390         0
65.400         0
65.410         7
65.420         7
65.430         7
65.440        13
65.450         7
65.460         7
65.470         0
65.480        13
65.490         7
65.500         0
65.510         0
65.520        13
65.530        20
65.540        13
65.550         0
65.560         7
65.570         7
65.580         0
65.590         0
65.600         7
65.610         7
65.620        27
65.630         7
65.640        13
65.650        20
65.660         7
65.670         0
65.680        13
65.690        20
65.700         7
65.710         0
65.720         7
65.730         7
65.740         0
65.750         7
65.760        13
65.770         0
65.780         7
65.790         0
65.800        13
65.810         7
65.820         7
65.830         0
65.840         0
65.850         7
65.860         0
65.870         7
65.880        13
65.890        33
65.900        20
65.910        13
65.920         0
65.930         7
65.940         7
65.950         7
65.960         7
65.970         0
65.980         7
65.990        20
66.000         7
66.010         0
66.020        20
66.030        20
66.040         0
66.050         0
66.060         0
66.070        13
66.080         7
66.090        13
66.100        20
66.110         7
66.120        13
66.130        20
66.140         7
66.150         0
66.160         7
66.170         7
66.180        20
66.190         0
66.200         0
66.210         7
66.220         7
66.230         0
66.240         0
66.250         0
66.260        33
66.270         0
66.280        13
66.290        13
66.300         0
66.310        13
66.320         7
66.330         7
66.340         7
66.350         7
66.360         7
66.370         7
66.380         7
66.390         7
66.400        13
66.410        20
66.420         7
66.430        13
66.440         0
66.450         7
66.460         0
66.470        20
66.480         7
66.490        13
66.500        20
66.510        13
66.520         0
66.530         0
66.540         0
66.550         7
66.560         0
66.570         0
66.580         0
66.590        20
66.600         7
66.610         7
66.620         7
66.630         0
66.640        13
66.650        13
66.660         0
66.670        13
66.680        13
66.690        13
66.700         7
66.710         7
66.720         7
66.730         7
66.740         0
66.750         7
66.760         7
66.770        13
66.780        13
66.790         7
66.800         7
66.810        13
66.820        20
66.830         7
66.840         7
66.850        13
66.860         0
66.870         0
66.880         7
66.890         7
66.900         0
66.910         7
66.920        13
66.930         0
66.940         0
66.950         0
66.960         0
66.970        20
66.980         0
66.990         7
67.000        13
67.010         7
67.020         7
67.030         0
67.040         7
67.050         7
67.060         0
67.070         0
67.080         7
67.090        13
67.100        13
67.110         0
67.120         7
67.130        20
67.140        20
67.150        13
67.160        13
67.170         0
67.180        13
67.190         7
67.200         0
67.210        13
67.220         7
67.230         0
67.240         0
67.250         0
67.260         7
67.270         0
67.280         0
67.290         0
67.300        13
67.310         0
67.320         0
67.330         7
67.340         0
67.350         0
67.360        13
67.370         7
67.380        20
67.390         0
67.400        20
67.410         7
67.420        13
67.430         0
67.440         7
67.450         0
67.460         7
67.470        13
67.480         0
67.490        13
67.500         7
67.510         7
67.520         0
67.530         7
67.540         0
67.550         7
67.560         7
67.570        13
67.580         0
67.590         7
67.600        13
67.610         0
67.620         7
67.630         7
67.640         7
67.650         7
67.660         7
67.670         0
67.680         0
67.690         7
67.700         7
67.710         7
67.720        20
67.730        13
67.740         0
67.750         0
67.760         0
67.770         0
67.780         0
67.790         7
67.800         7
67.810         0
67.820        13
67.830         0
67.840         7
67.850         0
67.860         0
67.870         0
67.880        20
67.890        13
67.900        13
67.910         0
67.920         0
67.930        13
67.940         7
67.950         7
67.960         0
67.970         0
67.980        27
67.990         0
68.000         0
68.010         0
68.020        13
68.030         0
68.040         7
68.050         7
68.060         0
68.070         7
68.080         7
68.090        13
68.100         7
68.110         7
68.120         0
68.130         7
68.140         7
68.150        13
68.160        13
68.170         0
68.180         7
68.190        13
68.200         7
68.210         0
68.220         7
68.230        27
68.240         7
68.250         0
68.260         0
68.270         0
68.280         7
68.290         7
68.300         0
68.310         7
68.320         7
68.330         0
68.340        20
68.350         7
68.360         7
68.370         7
68.380        13
68.390         0
68.400         7
68.410         0
68.420         0
68.430         7
68.440         7
68.450         7
68.460         0
68.470         0
68.480         7
68.490         7
68.500         0
68.510        20
68.520         7
68.530         0
68.540        13
68.550        13
68.560         0
68.570         0
68.580         7
68.590         0
68.600         0
68.610         0
68.620        13
68.630         7
68.640         0
68.650         0
68.660        27
68.670         0
68.680        33
68.690         7
68.700         7
68.710         0
68.720         0
68.730        20
68.740         0
68.750        27
68.760        13
68.770         7
68.780         0
68.790         0
68.800         0
68.810         0
68.820         7
68.830         7
68.840         0
68.850         7
68.860         0
68.870         0
68.880         7
68.890         0
68.900         0
68.910         0
68.920        13
68.930         0
68.940        13
68.950         7
68.960         7
68.970         7
68.980         0
68.990         7
69.000         0
69.010        20
69.020        13
69.030         7
69.040         7
69.050         0
69.060         0
69.070         7
69.080         0
69.090         7
69.100         7
69.110         0
69.120         0
69.130         7
69.140         7
69.150        13
69.160        20
69.170        13
69.180         0
69.190         0
69.200        13
69.210         0
69.220        13
69.230        20
69.240         0
69.250        13
69.260         7
69.270         0
69.280         0
69.290         7
69.300         0
69.310        13
69.320         7
69.330         0
69.340         0
69.350         0
69.360         0
69.370         0
69.380         0
69.390         0
69.400         0
69.410         0
69.420         7
69.430         7
69.440         0
69.450         0
69.460         7
69.470         7
69.480         0
69.490        13
69.500         0
69.510         0
69.520         0
69.530         0
69.540        27
69.550        13
69.560        13
69.570         7
69.580         7
69.590         7
69.600        13
69.610         0
69.620         0
69.630        20
69.640         0
69.650        13
69.660         0
69.670         0
69.680         0
69.690         0
69.700         0
69.710         0
69.720        33
69.730        13
69.740         7
69.750         7
69.760         0
69.770         7
69.780         0
69.790         7
69.800        13
69.810         0
69.820         7
69.830        27
69.840         0
69.850         0
69.860         0
69.870         7
69.880         7
69.890         0
69.900         0
69.910         0
69.920         0
69.930        13
69.940         0
69.950         7
69.960        20
69.970         0
69.980         0
69.990         7
70.000         7
70.010         0
70.020         7
70.030         7
70.040         7
70.050         7
70.060         0
70.070         0
70.080         7
70.090         7
70.100         0
70.110        13
70.120         0
70.130        13
70.140        13
70.150         7
70.160         0
70.170         0
70.180        13
70.190        20
70.200        20
70.210         7
70.220         0
70.230        20
70.240        13
70.250         0
70.260         0
70.270         0
70.280         7
70.290         7
70.300         0
70.310        27
70.320         0
70.330        20
70.340         7
70.350         7
70.360        13
70.370         0
70.380        13
70.390         0
70.400         7
70.410         0
70.420        27
70.430        13
70.440         7
70.450         0
70.460         7
70.470         0
70.480         0
70.490         0
70.500         0
70.510        13
70.520        13
70.530         0
70.540         0
70.550         7
70.560         0
70.570         7
70.580         7
70.590        13
70.600         7
70.610         0
70.620         7
70.630         7
70.640         7
70.650         7
70.660        13
70.670        20
70.680         0
70.690         0
70.700         0
70.710         0
70.720         0
70.730         7
70.740         0
70.750        13
70.760         7
70.770         0
70.780        13
70.790         7
70.800         0
70.810        20
70.820         0
70.830        13
70.840         7
70.850         7
70.860         7
70.870        20
70.880         0
70.890         0
70.900         7
70.910        13
70.920        13
70.930        13
70.940         7
70.950         7
70.960         0
70.970         7
70.980         0
70.990         0
71.000         7
71.010         7
71.020         0
71.030        13
71.040         0
71.050         0
71.060         7
71.070        20
71.080         7
71.090         0
71.100        13
71.110         0
71.120         7
71.130         7
71.140        13
71.150         7
71.160         0
71.170        33
71.180         0
71.190         0
71.200         7
71.210         0
71.220         7
71.230         7
71.240         7
71.250         7
71.260         0
71.270        13
71.280         7
71.290        27
71.300         7
71.310         0
71.320        13
71.330        13
71.340        20
71.350         0
71.360        13
71.370         7
71.380        27
71.390        13
71.400         7
71.410        20
71.420         0
71.430         7
71.440         0
71.450         0
71.460         7
71.470         7
71.480         0
71.490         0
71.500        13
71.510         0
71.520         7
71.530         0
71.540         0
71.550         0
71.560         0
71.570        13
71.580         0
71.590         0
71.600        20
71.610        13
71.620        13
71.630         7
71.640         7
71.650        27
71.660         0
71.670         0
71.680         0
71.690         0
71.700         7
71.710         0
71.720         0
71.730         0
71.740         0
71.750         7
71.760         0
71.770         7
71.780        20
71.790        13
71.800        27
71.810         0
71.820        13
71.830        13
71.840         0
71.850         7
71.860        27
71.870         0
71.880         7
71.890         0
71.900         0
71.910        20
71.920         7
71.930         7
71.940         7
71.950         0
71.960         7
71.970         0
71.980         7
71.990        13
72.000         0
72.010        13
72.020        13
72.030         7
72.040        13
72.050         0
72.060         0
72.070         7
72.080         7
72.090         7
72.100         7
72.110        13
72.120         0
72.130         0
72.140         0
72.150         7
72.160         0
72.170         0
72.180         0
72.190         7
72.200         0
72.210         0
72.220        13
72.230         7
72.240        13
72.250         0
72.260         0
72.270         0
72.280        13
72.290        13
72.300        13
72.310         0
72.320         0
72.330        13
72.340        27
72.350        13
72.360         0
72.370         7
72.380         0
72.390         7
72.400         0
72.410        13
72.420         7
72.430         0
72.440         0
72.450         7
72.460         0
72.470         0
72.480         7
72.490         0
72.500         7
72.510        13
72.520         0
72.530        13
72.540         0
72.550         7
72.560        13
72.570         7
72.580         0
72.590        20
72.600        13
72.610         7
72.620         7
72.630        20
72.640        13
72.650         0
72.660         7
72.670         7
72.680         0
72.690         7
72.700         0
72.710         7
72.720         7
72.730         7
72.740         0
72.750         0
72.760         0
72.770         7
72.780         0
72.790         0
72.800         7
72.810         7
72.820         0
72.830         0
72.840         7
72.850         7
72.860        20
72.870         7
72.880        13
72.890         7
72.900         0
72.910         0
72.920         7
72.930         0
72.940         7
72.950         0
72.960         7
72.970        13
72.980         0
72.990         7
73.000         0
73.010         7
73.020         0
73.030         0
73.040         7
73.050         7
73.060        13
73.070        27
73.080         0
73.090        13
73.100         7
73.110        13
73.120         0
73.130         7
73.140         0
73.150        20
73.160         0
73.170         0
73.180         7
73.190         7
73.200         7
73.210        13
73.220         7
73.230         0
73.240        13
73.250         7
73.260         0
73.270         7
73.280         0
73.290         7
73.300         0
73.310        13
73.320         0
73.330         7
73.340         0
73.350        20
73.360        13
73.370        13
73.380         0
73.390        13
73.400         0
73.410         7
73.420        13
73.430         0
73.440         7
73.450         0
73.460         7
73.470         0
73.480         7
73.490         0
73.500         7
73.510        13
73.520         0
73.530         7
73.540         7
73.550         7
73.560        20
73.570         0
73.580         7
73.590         0
73.600         7
73.610        13
73.620         0
73.630         0
73.640         0
73.650         7
73.660         7
73.670         7
73.680         0
73.690        20
73.700         7
73.710         7
73.720         7
73.730        13
73.740         7
73.750         0
73.760        20
73.770         0
73.780        13
73.790         0
73.800        13
73.810         0
73.820         7
73.830         0
73.840         7
73.850         0
73.860         0
73.870        13
73.880         7
73.890         7
73.900         7
73.910         7
73.920        13
73.930         0
73.940         7
73.950        13
73.960         7
73.970         0
73.980         7
73.990        13
74.000         0
74.010         0
74.020         7
74.030        13
74.040         7
74.050         7
74.060         0
74.070         7
74.080         0
74.090        13
74.100         0
74.110         0
74.120         7
74.130         0
74.140        20
74.150         0
74.160         0
74.170         0
74.180         0
74.190         7
74.200         7
74.210         0
74.220         0
74.230         0
74.240        27
74.250         7
74.260         7
74.270        13
74.280         7
74.290         0
74.300         0
74.310         0
74.320        13
74.330         0
74.340         7
74.350         7
74.360        20
74.370         0
74.380         7
74.390         0
74.400         0
74.410         7
74.420         0
74.430        20
74.440         7
74.450         7
74.460         7
74.470         0
74.480        20
74.490         0
74.500         0
74.510         0
74.520         7
74.530         7
74.540        13
74.550         0
74.560         7
74.570         7
74.580        13
74.590         0
74.600         7
74.610         7
74.620         7
74.630         0
74.640         7
74.650        13
74.660         0
74.670         7
74.680         7
74.690         0
74.700         7
74.710        13
74.720        13
74.730        13
74.740        13
74.750         7
74.760         7
74.770        27
74.780         0
74.790         7
74.800        13
74.810         0
74.820         7
74.830         0
74.840         7
74.850         7
74.860         0
74.870         0
74.880        20
74.890         0
74.900         7
74.910        13
74.920         7
74.930         0
74.940        13
74.950         0
74.960         0
74.970        20
74.980         0
74.990        27
75.000         0
75.010        13
75.020         0
75.030        13
75.040         0
75.050         7
75.060         0
75.070         0
75.080         7
75.090         0
75.100         0
75.110         0
75.120         0
75.130        13
75.140        13
75.150         0
75.160         7
75.170        13
75.180         7
75.190         0
75.200         7
75.210         0
75.220         0
75.230        13
75.240         0
75.250         7
75.260        13
75.270         7
75.280         0
75.290         0
75.300         0
75.310         0
75.320         0
75.330         7
75.340        13
75.350         7
75.360        13
75.370         0
75.380         0
75.390         0
75.400         7
75.410         7
75.420         7
75.430        13
75.440         7
75.450         7
75.460         7
75.470         7
75.480         0
75.490         0
75.500         0
75.510         0
75.520         7
75.530         0
75.540        13
75.550         0
75.560         7
75.570        13
75.580         7
75.590         7
75.600         0
75.610         0
75.620         0
75.630         7
75.640         7
75.650        13
75.660         0
75.670         0
75.680         0
75.690         0
75.700         0
75.710         7
75.720         7
75.730         0
75.740        20
75.750         0
75.760         0
75.770         0
75.780         0
75.790         7
75.800         7
75.810        13
75.820        13
75.830         7
75.840         0
75.850         7
75.860         7
75.870        13
75.880         0
75.890         7
75.900         7
75.910         7
75.920        13
75.930         7
75.940        13
75.950         7
75.960         0
75.970         0
75.980         7
75.990         7
76.000         7
76.010         0
76.020         0
76.030         7
76.040        13
76.050        20
76.060         0
76.070        20
76.080         7
76.090         0
76.100        13
76.110         7
76.120         0
76.130        13
76.140         7
76.150         0
76.160         0
76.170        20
76.180         7
76.190        27
76.200         0
76.210         7
76.220         7
76.230         7
76.240         7
76.250         0
76.260        20
76.270         0
76.280         0
76.290         7
76.300         0
76.310         7
76.320         0
76.330         7
76.340         0
76.350         0
76.360         7
76.370         7
76.380         0
76.390         0
76.400         0
76.410        13
76.420         7
76.430         7
76.440         7
76.450        20
76.460         7
76.470        13
76.480        20
76.490         0
76.500         0
76.510         7
76.520         7
76.530         7
76.540        27
76.550         0
76.560         7
76.570         7
76.580         0
76.590         7
76.600         0
76.610         7
76.620        20
76.630        13
76.640         0
76.650         0
76.660         0
76.670         7
76.680         7
76.690         0
76.700        13
76.710         0
76.720         0
76.730         7
76.740         0
76.750         0
76.760         7
76.770         0
76.780         7
76.790         0
76.800        20
76.810         7
76.820         0
76.830         0
76.840         0
76.850         0
76.860         0
76.870         0
76.880        20
76.890         7
76.900        27
76.910         0
76.920         0
76.930         7
76.940         0
76.950         7
76.960         0
76.970         7
76.980         0
76.990        13
77.000         0
77.010        13
77.020         7
77.030         7
77.040         7
77.050         7
77.060         7
77.070         0
77.080         0
77.090         0
77.100         0
77.110         0
77.120         7
77.130         7
77.140         7
77.150         7
77.160        13
77.170         7
77.180         0
77.190         7
77.200         0
77.210         7
77.220         0
77.230         7
77.240        13
77.250         0
77.260         7
77.270         7
77.280         0
77.290        13
77.300         7
77.310         0
77.320         7
77.330         0
77.340         7
77.350         7
77.360         7
77.370         0
77.380         0
77.390         0
77.400         0
77.410         7
77.420         0
77.430         0
77.440         0
77.450         0
77.460         0
77.470         7
77.480        20
77.490         7
77.500        13
77.510         7
77.520         7
77.530         0
77.540         7
77.550         0
77.560         0
77.570         7
77.580         7
77.590        13
77.600         7
77.610         0
77.620         7
77.630         7
77.640         7
77.650         7
77.660         0
77.670         7
77.680         0
77.690         7
77.700         0
77.710         7
77.720         0
77.730         0
77.740         7
77.750         7
77.760        13
77.770         7
77.780         0
77.790        13
77.800         7
77.810         7
77.820         0
77.830         7
77.840         0
77.850         7
77.860         0
77.870         7
77.880         7
77.890         7
77.900         0
77.910         0
77.920        13
77.930        13
77.940         0
77.950         0
77.960         0
77.970         0
77.980         0
77.990         0
78.000         7
78.010         7
78.020         0
78.030        13
78.040         7
78.050         7
78.060        13
78.070         0
78.080        13
78.090         7
78.100         0
78.110        13
78.120        20
78.130         0
78.140        13
78.150         0
78.160        20
78.170         7
78.180        20
78.190         7
78.200         0
78.210         0
78.220         7
78.230        13
78.240         0
78.250         0
78.260         0
78.270         7
78.280         0
78.290         0
78.300        13
78.310         0
78.320         0
78.330         0
78.340        13
78.350        13
78.360         0
78.370         0
78.380         7
78.390         0
78.400         0
78.410        13
78.420         7
78.430        13
78.440         7
78.450         7
78.460         0
78.470         0
78.480        13
78.490         0
78.500         0
78.510        20
78.520         7
78.530         0
78.540         0
78.550         7
78.560         7
78.570         7
78.580         7
78.590         7
78.600        13
78.610        13
78.620        13
78.630         7
78.640         0
78.650         7
78.660         7
78.670         0
78.680         0
78.690         7
78.700         0
78.710         7
78.720         7
78.730         0
78.740        13
78.750         0
78.760         0
78.770        13
78.780         0
78.790        13
78.800         7
78.810        13
78.820         0
78.830         0
78.840         0
78.850         0
78.860         0
78.870         0
78.880        13
78.890         7
78.900         7
78.910         7
78.920         0
78.930         7
78.940         7
78.950         0
78.960         0
78.970         0
78.980        20
78.990         0
79.000        13
79.010         0
79.020         0
79.030         0
79.040         7
79.050         7
79.060         7
79.070         0
79.080         0
79.090         0
79.100        13
79.110         0
79.120         7
79.130         0
79.140         0
79.150        13
79.160         0
79.170         7
79.180         7
79.190         0
79.200        13
79.210         7
79.220         7
79.230        13
79.240         7
79.250         0
79.260         0
79.270        13
79.280         0
79.290         7
79.300         7
79.310         7
79.320         0
79.330         0
79.340         0
79.350         7
79.360         0
79.370         0
79.380         0
79.390        20
79.400         7
79.410         7
79.420         7
79.430        13
79.440         7
79.450         0
79.460         0
79.470         0
79.480         7
79.490         7
79.500        13
79.510         7
79.520         7
79.530         7
79.540        13
79.550         0
79.560         0
79.570         0
79.580        20
79.590         0
79.600         0
79.610         0
79.620         7
79.630         7
79.640         0
79.650         0
79.660         0
79.670         0
79.680         0
79.690         7
79.700         0
79.710         7
79.720         0
79.730         0
79.740         0
79.750         7
79.760         0
79.770         0
79.780         0
79.790         7
79.800         0
79.810         7
79.820         0
79.830        13
79.840         7
79.850         7
79.860         0
79.870         0
79.880         0
79.890         7
79.900         0
79.910         0
79.920        13
79.930        13
79.940        13
79.950        13
79.960         0
79.970         0
79.980         7
79.990        13
80.000        13
