20.000        33
20.010        33
20.020        53
20.030        20
20.040        13
20.050        47
20.060        47
20.070        53
20.080        27
20.090        47
20.100        40
20.110        53
20.120        33
20.130        40
20.140        13
20.150        20
20.160        53
20.170        40
20.180        67
20.190        60
20.200        40
20.210        60
20.220        53
20.230        47
20.240        33
20.250        20
20.260        33
20.270        13
20.280         7
20.290        93
20.300        40
20.310        33
20.320         7
20.330        27
20.340        40
20.350        33
20.360        47
20.370        33
20.380        93
20.390        27
20.400        47
20.410        47
20.420        47
20.430        47
20.440        73
20.450        53
20.460        47
20.470        20
20.480        40
20.490        33
20.500        20
20.510        27
20.520        20
20.530        87
20.540        27
20.550        20
20.560        27
20.570        33
20.580        20
20.590        13
20.600        47
20.610        27
20.620        53
20.630        47
20.640        60
20.650        20
20.660        53
20.670        47
20.680        53
20.690        60
20.700        47
20.710        13
20.720        33
20.730        53
20.740        33
20.750        33
20.760        67
20.770        33
20.780        47
20.790        27
20.800        33
20.810        40
20.820        13
20.830        53
20.840        27
20.850        33
20.860        47
20.870        60
20.880        60
20.890       100
20.900        73
20.910        33
20.920        40
20.930        33
20.940        47
20.950        27
20.960        33
20.970        40
20.980        33
20.990        47
21.000        73
21.010        33
21.020        13
21.030        53
21.040        40
21.050        27
21.060        33
21.070        33
21.080        53
21.090        27
21.100        33
21.110        40
21.120        20
21.130        53
21.140        40
21.150        53
21.160        27
21.170        40
21.180        40
21.190        47
21.200        33
21.210        47
21.220        47
21.230        47
21.240        47
21.250        40
21.260        20
21.270        40
21.280        60
21.290        27
21.300        33
21.310        47
21.320        60
21.330         7
21.340        27
21.350        33
21.360         7
21.370        33
21.380        20
21.390        27
21.400        53
21.410        20
21.420        40
21.430        27
21.440        40
21.450        40
21.460        40
21.470        33
21.480        27
21.490        27
21.500        33
21.510        13
21.520        60
21.530        53
21.540        40
21.550        27
21.560        40
21.570        20
21.580        47
21.590        27
21.600        20
21.610        33
21.620        27
21.630        20
21.640        33
21.650        53
21.660        27
21.670        40
21.680        53
21.690        93
21.700        47
21.710        40
21.720        53
21.730        47
21.740        47
21.750        33
21.760        53
21.770        40
21.780        40
21.790        47
21.800        27
21.810        27
21.820        13
21.830        13
21.840        20
21.850        13
21.860        40
21.870        27
21.880        33
21.890        47
21.900        27
21.910        40
21.920        20
21.930        27
21.940        27
21.950         7
21.960         0
21.970         0
21.980        40
21.990        27
22.000        33
22.010        27
22.020        20
22.030        13
22.040        47
22.050        67
22.060        13
22.070        40
22.080        60
22.090        20
22.100        40
22.110        40
22.120        60
22.130        40
22.140        20
22.150        20
22.160        60
22.170         7
22.180        27
22.190        33
22.200        20
22.210         7
22.220        33
22.230         7
22.240        27
22.250        27
22.260        47
22.270        67
22.280        33
22.290        13
22.300        47
22.310        13
22.320        33
22.330        27
22.340        33
22.350        40
22.360        60
22.370        13
22.380        53
22.390        27
22.400         7
22.410        60
22.420        40
22.430        27
22.440        53
22.450        33
22.460        67
22.470        40
22.480        20
22.490        27
22.500        40
22.510        33
22.520         7
22.530        27
22.540        27
22.550        20
22.560        33
22.570        13
22.580         7
22.590        40
22.600        33
22.610        40
22.620        47
22.630        60
22.640        53
22.650        47
22.660        33
22.670        33
22.680        20
22.690         7
22.700        47
22.710        20
22.720        20
22.730        20
22.740        33
22.750        13
22.760        73
22.770        33
22.780        27
22.790        33
22.800        20
22.810        40
22.820        20
22.830        40
22.840        33
22.850        20
22.860        73
22.870        27
22.880        27
22.890        13
22.900        27
22.910        27
22.920        20
22.930        20
22.940        40
22.950        20
22.960        40
22.970        47
22.980        27
22.990        40
23.000        27
23.010        40
23.020        20
23.030        40
23.040        53
23.050         7
23.060        27
23.070        20
23.080        20
23.090        47
23.100         7
23.110        40
23.120        27
23.130        33
23.140        53
23.150        27
23.160        27
23.170        40
23.180        33
23.190        27
23.200         7
23.210        13
23.220        20
23.230        27
23.240        20
23.250        20
23.260        53
23.270        40
23.280        33
23.290        47
23.300        47
23.310        27
23.320        27
23.330        20
23.340        33
23.350        20
23.360        53
23.370        40
23.380        40
23.390        27
23.400        27
23.410        53
23.420        40
23.430        33
23.440        27
23.450        53
23.460        33
23.470        53
23.480        53
23.490        33
23.500        27
23.510        27
23.520        33
23.530        40
23.540        33
23.550        13
23.560        27
23.570        40
23.580        20
23.590        53
23.600         7
23.610        33
23.620        13
23.630        20
23.640        40
23.650        13
23.660        20
23.670        67
23.680        40
23.690        53
23.700        40
23.710        27
23.720         7
23.730        13
23.740        40
23.750        40
23.760        47
23.770        33
23.780        53
23.790        40
23.800        33
23.810         7
23.820        27
23.830        40
23.840        20
23.850        20
23.860        27
23.870        33
23.880         0
23.890        27
23.900        27
23.910        40
23.920        13
23.930        20
23.940        20
23.950        40
23.960        33
23.970        33
23.980        33
23.990        27
24.000        47
24.010        27
24.020        27
24.030        20
24.040        27
24.050        13
24.060        33
24.070        20
24.080        33
24.090        33
24.100        27
24.110        60
24.120        40
24.130         7
24.140        20
24.150        40
24.160        40
24.170        20
24.180        60
24.190        20
24.200        33
24.210        47
24.220        13
24.230        40
24.240         7
24.250        53
24.260        40
24.270        20
24.280        33
24.290        20
24.300        27
24.310        20
24.320        33
24.330         7
24.340        20
24.350        33
24.360        47
24.370         7
24.380         7
24.390        27
24.400        53
24.410        27
24.420        27
24.430         7
24.440        33
24.450        33
24.460        13
24.470        53
24.480        40
24.490         7
24.500        40
24.510        27
24.520        47
24.530        20
24.540        27
24.550        13
24.560        27
24.570        20
24.580        13
24.590        47
24.600        20
24.610        13
24.620        20
24.630        20
24.640        27
24.650        20
24.660        53
24.670        13
24.680        20
24.690        40
24.700        13
24.710        40
24.720        27
24.730        33
24.740        33
24.750        20
24.760        33
24.770        27
24.780        20
24.790        20
24.800        27
24.810        60
24.820        33
24.830        33
24.840        13
24.850        13
24.860        13
24.870         7
24.880        47
24.890        27
24.900        33
24.910        40
24.920        27
24.930        33
24.940        47
24.950        53
24.960        27
24.970        60
24.980         7
24.990        27
25.000        13
25.010        27
25.020        33
25.030        27
25.040        27
25.050        47
25.060        33
25.070        20
25.080        27
25.090        40
25.100        33
25.110        13
25.120        53
25.130         7
25.140        27
25.150         7
25.160        27
25.170        40
25.180        33
25.190        13
25.200        27
25.210        47
25.220        33
25.230        20
25.240        33
25.250        20
25.260        20
25.270        33
25.280        40
25.290        27
25.300        53
25.310        33
25.320        33
25.330         7
25.340         0
25.350        40
25.360        13
25.370        47
25.380        47
25.390        47
25.400        20
25.410        27
25.420        20
25.430        13
25.440        13
25.450        20
25.460        27
25.470         7
25.480        13
25.490         7
25.500        27
25.510        40
25.520        27
25.530        13
25.540        27
25.550        20
25.560        13
25.570        27
25.580         7
25.590        27
25.600        47
25.610        27
25.620        13
25.630        13
25.640        27
25.650        33
25.660         7
25.670        33
25.680        27
25.690        33
25.700        13
25.710        20
25.720        20
25.730        27
25.740        13
25.750        40
25.760        33
25.770        13
25.780        27
25.790        47
25.800        20
25.810         7
25.820        40
25.830        13
25.840         0
25.850        40
25.860        33
25.870        40
25.880        33
25.890        27
25.900        53
25.910        27
25.920        27
25.930        20
25.940        40
25.950        27
25.960        33
25.970        33
25.980         7
25.990        27
26.000        27
26.010        20
26.020        33
26.030        13
26.040        33
26.050        20
26.060        20
26.070         7
26.080        20
26.090        13
26.100        13
26.110        40
26.120        47
26.130        20
26.140        60
26.150        27
26.160        27
26.170        33
26.180        13
26.190        20
26.200         7
26.210        33
26.220        33
26.230        13
26.240         0
26.250        13
26.260        27
26.270        33
26.280        27
26.290        27
26.300        20
26.310        67
26.320        27
26.330        33
26.340        47
26.350        13
26.360        40
26.370        53
26.380        20
26.390        20
26.400        20
26.410        20
26.420        47
26.430         7
26.440        27
26.450        13
26.460        33
26.470        20
26.480        13
26.490        33
26.500         0
26.510        27
26.520        13
26.530        27
26.540        13
26.550        20
26.560        27
26.570        27
26.580        47
26.590        13
26.600        33
26.610        47
26.620        13
26.630        13
26.640        20
26.650        13
26.660         7
26.670        27
26.680        27
26.690         7
26.700        20
26.710        13
26.720        27
26.730        27
26.740        40
26.750        13
26.760        20
26.770        20
26.780        13
26.790        20
26.800         0
26.810        33
26.820        20
26.830        33
26.840        33
26.850         7
26.860         7
26.870        20
26.880        27
26.890        40
26.900        27
26.910        13
26.920        20
26.930        27
26.940        13
26.950        27
26.960         7
26.970        27
26.980        33
26.990        27
27.000        27
27.010        27
27.020        20
27.030         7
27.040        47
27.050        13
27.060        27
27.070        47
27.080        20
27.090        27
27.100        13
27.110        20
27.120        20
27.130        20
27.140         7
27.150        20
27.160        13
27.170        20
27.180        13
27.190        33
27.200        33
27.210        40
27.220        47
27.230        27
27.240        20
27.250        33
27.260        20
27.270        13
27.280        33
27.290        33
27.300        27
27.310        20
27.320        27
27.330        33
27.340        33
27.350        27
27.360        27
27.370        27
27.380        27
27.390        13
27.400        33
27.410        20
27.420        27
27.430        20
27.440        33
27.450        20
27.460        60
27.470        27
27.480        47
27.490        27
27.500        40
27.510        53
27.520        67
27.530        73
27.540        53
27.550        40
27.560        33
27.570        47
27.580         7
27.590        60
27.600        47
27.610        40
27.620        33
27.630        33
27.640        33
27.650        27
27.660        27
27.670        33
27.680         7
27.690        33
27.700        13
27.710        20
27.720        40
27.730        53
27.740        47
27.750        20
27.760        13
27.770         7
27.780         7
27.790        27
27.800        40
27.810        53
27.820         7
27.830        20
27.840        13
27.850         7
27.860        20
27.870        13
27.880        20
27.890        60
27.900        13
27.910        13
27.920        20
27.930        33
27.940        13
27.950         7
27.960        13
27.970        33
27.980        20
27.990        33
28.000        47
28.010        13
28.020         7
28.030        27
28.040        20
28.050         7
28.060        27
28.070        40
28.080        13
28.090         0
28.100         7
28.110        33
28.120         7
28.130         7
28.140        33
28.150        20
28.160        13
28.170         7
28.180        33
28.190        33
28.200        20
28.210        20
28.220        27
28.230        20
28.240        27
28.250         7
28.260        13
28.270        20
28.280         7
28.290        40
28.300        33
28.310        20
28.320        13
28.330        27
28.340        33
28.350         7
28.360        13
28.370        27
28.380        13
28.390         0
28.400        20
28.410        13
28.420        33
28.430        13
28.440        13
28.450        27
28.460        27
28.470        27
28.480        33
28.490        20
28.500        27
28.510        27
28.520        20
28.530        13
28.540        20
28.550        20
28.560        27
28.570        20
28.580        20
28.590        27
28.600        27
28.610        20
28.620        13
28.630        40
28.640        13
28.650        20
28.660        20
28.670        33
28.680        20
28.690         7
28.700        13
28.710        20
28.720        27
28.730        13
28.740        20
28.750        20
28.760        20
28.770        40
28.780        13
28.790         7
28.800        33
28.810        33
28.820        27
28.830        27
28.840        33
28.850        20
28.860        13
28.870        13
28.880        13
28.890        20
28.900        40
28.910         7
28.920        33
28.930        27
28.940        27
28.950        27
28.960        13
28.970        27
28.980        33
28.990         7
29.000        27
29.010         0
29.020        13
29.030        40
29.040        20
29.050        20
29.060        20
29.070        33
29.080        27
29.090        20
29.100        20
29.110        33
29.120        20
29.130        13
29.140         7
29.150        13
29.160        13
29.170         0
29.180        33
29.190        20
29.200        20
29.210        33
29.220         0
29.230        20
29.240        33
29.250        20
29.260        13
29.270         0
29.280        13
29.290         0
29.300         7
29.310        13
29.320         7
29.330        13
29.340        20
29.350        40
29.360        20
29.370        13
29.380        27
29.390        27
29.400        33
29.410        33
29.420        13
29.430         0
29.440        20
29.450        27
29.460        13
29.470        13
29.480         0
29.490        47
29.500         7
29.510        20
29.520        13
29.530        27
29.540        47
29.550         0
29.560        20
29.570        27
29.580        40
29.590         7
29.600        27
29.610        53
29.620         7
29.630        47
29.640        20
29.650        13
29.660         0
29.670        47
29.680         0
29.690        27
29.700        13
29.710         7
29.720        13
29.730        13
29.740        20
29.750        40
29.760        20
29.770        20
29.780        20
29.790         7
29.800        27
29.810        27
29.820        27
29.830         0
29.840        20
29.850         7
29.860        13
29.870        13
29.880         7
29.890        13
29.900         7
29.910         0
29.920        13
29.930        20
29.940        40
29.950        27
29.960         7
29.970        20
29.980         7
29.990        20
30.000        40
30.010         7
30.020         7
30.030        20
30.040         7
30.050        33
30.060        13
30.070        27
30.080        33
30.090        40
30.100        20
30.110        40
30.120         7
30.130         7
30.140        20
30.150        13
30.160        20
30.170        20
30.180        40
30.190        27
30.200        27
30.210        33
30.220         7
30.230        13
30.240         7
30.250        40
30.260        20
30.270         7
30.280         7
30.290        20
30.300        27
30.310        20
30.320         7
30.330        47
30.340         0
30.350         7
30.360        13
30.370        13
30.380        20
30.390        20
30.400        33
30.410        20
30.420        33
30.430        27
30.440         7
30.450        20
30.460        13
30.470        13
30.480        13
30.490        27
30.500        13
30.510        20
30.520        13
30.530        20
30.540        13
30.550         7
30.560        13
30.570        13
30.580        20
30.590        13
30.600         7
30.610         7
30.620        20
30.630        13
30.640        13
30.650        27
30.660        27
30.670        13
30.680        13
30.690        20
30.700        13
30.710        13
30.720         7
30.730        27
30.740         7
30.750        40
30.760        27
30.770         7
30.780        27
30.790        20
30.800         7
30.810        20
30.820         7
30.830        13
30.840        27
30.850         7
30.860        20
30.870        20
30.880        20
30.890        20
30.900        40
30.910        27
30.920        27
30.930         7
30.940        13
30.950        27
30.960        13
30.970        20
30.980        20
30.990         0
31.000         0
31.010         7
31.020        20
31.030        47
31.040        47
31.050        20
31.060         7
31.070        20
31.080         7
31.090        20
31.100         0
31.110        13
31.120        27
31.130        20
31.140         7
31.150         7
31.160        13
31.170        33
31.180        13
31.190         7
31.200        27
31.210        13
31.220        33
31.230        20
31.240        33
31.250        20
31.260         7
31.270        13
31.280         7
31.290        13
31.300        20
31.310         7
31.320        40
31.330        40
31.340        13
31.350        13
31.360        27
31.370        13
31.380        13
31.390        20
31.400        13
31.410        27
31.420        40
31.430        13
31.440        13
31.450        20
31.460        47
31.470        13
31.480        20
31.490         0
31.500        13
31.510         7
31.520        33
31.530        13
31.540        13
31.550        27
31.560        20
31.570         0
31.580         7
31.590        53
31.600         0
31.610        13
31.620        20
31.630        13
31.640         7
31.650         7
31.660         0
31.670        13
31.680        13
31.690        27
31.700         7
31.710        33
31.720        27
31.730         0
31.740        20
31.750        13
31.760         7
31.770        13
31.780        20
31.790        13
31.800        27
31.810        13
31.820         7
31.830        27
31.840        27
31.850        13
31.860        27
31.870        20
31.880         7
31.890        27
31.900        27
31.910        40
31.920        27
31.930        33
31.940        20
31.950         7
31.960        27
31.970        27
31.980        13
31.990        27
32.000        20
32.010        13
32.020        13
32.030        13
32.040        27
32.050        33
32.060        13
32.070        13
32.080        20
32.090        13
32.100        13
32.110         7
32.120        20
32.130         7
32.140        13
32.150         7
32.160        13
32.170        20
32.180        40
32.190        13
32.200         0
32.210         7
32.220         0
32.230         7
32.240        40
32.250        20
32.260        13
32.270        33
32.280         7
32.290        33
32.300        13
32.310         7
32.320        40
32.330        20
32.340        20
32.350        33
32.360        13
32.370         7
32.380        13
32.390         0
32.400         7
32.410        20
32.420        27
32.430        13
32.440        20
32.450        20
32.460        20
32.470        20
32.480        33
32.490        20
32.500        13
32.510        27
32.520         7
32.530        13
32.540        20
32.550        27
32.560         7
32.570        27
32.580         0
32.590        33
32.600        13
32.610        20
32.620        20
32.630         7
32.640        20
32.650        20
32.660        27
32.670        13
32.680        27
32.690        20
32.700         7
32.710         7
32.720         7
32.730        40
32.740        13
32.750         7
32.760        33
32.770         7
32.780         0
32.790        20
32.800         7
32.810        13
32.820        27
32.830        20
32.840        20
32.850        13
32.860        33
32.870        13
32.880        13
32.890        13
32.900         7
32.910        47
32.920        40
32.930        13
32.940        20
32.950        13
32.960         0
32.970         7
32.980        20
32.990         7
33.000        20
33.010         7
33.020        13
33.030        40
33.040        13
33.050        33
33.060        20
33.070         0
33.080         7
33.090        13
33.100         7
33.110        13
33.120        13
33.130        13
33.140         7
33.150        13
33.160        13
33.170        20
33.180        27
33.190         7
33.200        27
33.210        27
33.220        13
33.230         0
33.240        27
33.250         7
33.260        33
33.270        13
33.280        20
33.290        20
33.300         7
33.310        13
33.320         7
33.330         7
33.340         7
33.350         7
33.360        20
33.370        13
33.380         7
33.390        13
33.400        27
33.410        20
33.420         7
33.430         7
33.440         7
33.450        27
33.460        13
33.470        20
33.480         0
33.490        13
33.500         7
33.510         7
33.520         0
33.530        13
33.540        13
33.550        20
33.560        20
33.570        20
33.580        13
33.590        33
33.600        27
33.610        13
33.620        27
33.630        40
33.640        13
33.650        13
33.660        20
33.670        20
33.680        13
33.690         7
33.700        13
33.710        20
33.720        40
33.730        13
33.740        20
33.750         7
33.760         0
33.770        13
33.780        13
33.790        13
33.800        13
33.810        27
33.820        20
33.830        20
33.840         0
33.850        47
33.860        13
33.870         7
33.880         7
33.890        27
33.900        33
33.910        47
33.920        13
33.930        13
33.940        20
33.950        13
33.960        20
33.970        27
33.980         7
33.990        20
34.000        27
34.010         7
34.020         7
34.030        20
34.040        27
34.050         7
34.060        20
34.070         7
34.080        33
34.090        13
34.100        27
34.110         7
34.120        20
34.130         7
34.140        27
34.150         7
34.160         7
34.170        13
34.180        13
34.190         7
34.200         0
34.210         7
34.220        20
34.230        20
34.240        13
34.250         7
34.260        33
34.270        33
34.280        20
34.290        20
34.300        13
34.310        33
34.320        20
34.330        20
34.340        20
34.350        13
34.360        20
34.370        27
34.380        13
34.390        33
34.400        40
34.410        13
34.420         7
34.430        27
34.440        20
34.450         7
34.460        27
34.470         0
34.480        13
34.490        13
34.500         0
34.510         7
34.520        20
34.530         7
34.540         0
34.550         0
34.560         7
34.570        27
34.580         7
34.590         0
34.600        13
34.610         7
34.620        33
34.630        20
34.640        20
34.650        27
34.660        20
34.670         7
34.680         7
34.690         7
34.700        20
34.710         7
34.720        20
34.730        27
34.740        13
34.750        27
34.760        40
34.770         7
34.780        20
34.790         7
34.800        33
34.810         7
34.820        27
34.830        33
34.840        27
34.850        20
34.860        13
34.870         7
34.880        13
34.890         7
34.900        20
34.910        13
34.920         0
34.930         7
34.940        13
34.950         0
34.960        20
34.970         0
34.980        13
34.990        20
35.000         0
35.010        27
35.020         7
35.030        13
35.040        13
35.050        13
35.060        20
35.070        20
35.080        20
35.090         0
35.100        13
35.110        13
35.120        33
35.130         7
35.140         7
35.150         0
35.160         7
35.170        27
35.180        13
35.190        20
35.200        13
35.210        33
35.220        20
35.230         7
35.240         7
35.250        13
35.260        27
35.270        20
35.280        20
35.290         7
35.300        13
35.310         7
35.320        13
35.330         7
35.340         7
35.350        13
35.360        40
35.370         7
35.380        13
35.390        13
35.400         0
35.410        20
35.420        20
35.430         7
35.440         0
35.450        13
35.460        13
35.470        13
35.480         7
35.490         7
35.500        13
35.510        13
35.520         7
35.530        40
35.540        47
35.550         7
35.560        20
35.570        13
35.580        47
35.590        20
35.600         7
35.610        13
35.620        27
35.630         7
35.640         7
35.650         0
35.660        13
35.670        13
35.680        33
35.690        27
35.700        20
35.710        27
35.720         7
35.730         7
35.740        27
35.750        13
35.760         7
35.770        13
35.780         7
35.790        13
35.800         0
35.810        20
35.820         7
35.830        20
35.840         7
35.850        20
35.860        20
35.870        20
35.880         7
35.890         7
35.900         7
35.910         7
35.920        33
35.930        20
35.940        20
35.950        20
35.960        13
35.970        20
35.980        13
35.990        27
36.000         0
36.010         7
36.020         7
36.030        27
36.040        40
36.050        13
36.060         0
36.070        33
36.080        13
36.090        20
36.100        13
36.110        40
36.120         7
36.130         7
36.140        13
36.150        13
36.160         7
36.170        13
36.180        20
36.190         7
36.200        33
36.210        27
36.220         7
36.230         7
36.240        13
36.250        13
36.260        20
36.270        20
36.280        33
36.290         7
36.300        40
36.310        33
36.320        13
36.330        33
36.340        27
36.350        20
36.360         7
36.370        13
36.380        13
36.390        20
36.400        20
36.410        27
36.420        20
36.430         7
36.440        13
36.450        20
36.460        13
36.470        27
36.480         7
36.490        13
36.500        20
36.510        13
36.520        13
36.530        13
36.540         0
36.550        13
36.560        33
36.570        20
36.580         0
36.590        13
36.600         7
36.610        13
36.620         0
36.630        20
36.640        13
36.650        20
36.660         0
36.670        13
36.680        13
36.690         7
36.700        27
36.710         7
36.720        13
36.730        27
36.740         0
36.750         0
36.760        13
36.770        13
36.780        33
36.790        13
36.800         7
36.810         0
36.820         7
36.830        13
36.840        13
36.850        13
36.860        20
36.870         0
36.880        27
36.890        33
36.900        27
36.910        27
36.920        20
36.930        27
36.940        13
36.950        13
36.960        33
36.970         7
36.980        20
36.990        27
37.000        13
37.010        33
37.020        13
37.030        13
37.040        13
37.050        33
37.060        20
37.070        20
37.080         0
37.090         7
37.100         0
37.110        40
37.120        13
37.130         0
37.140         7
37.150        40
37.160         7
37.170         0
37.180        13
37.190         7
37.200         7
37.210        13
37.220        33
37.230         7
37.240         0
37.250         0
37.260        13
37.270         0
37.280        20
37.290        20
37.300        13
37.310        20
37.320         7
37.330         7
37.340         7
37.350         0
37.360        20
37.370         7
37.380        13
37.390        20
37.400         7
37.410        13
37.420        13
37.430         0
37.440         0
37.450        20
37.460        13
37.470        13
37.480        13
37.490        13
37.500         7
37.510        13
37.520         7
37.530        13
37.540        40
37.550         0
37.560        13
37.570        27
37.580        27
37.590         7
37.600        13
37.610        13
37.620         7
37.630         0
37.640         7
37.650        13
37.660        33
37.670         7
37.680        20
37.690        20
37.700         0
37.710         7
37.720        20
37.730        27
37.740        27
37.750        20
37.760        13
37.770        20
37.780        20
37.790         7
37.800        13
37.810        20
37.820         7
37.830        13
37.840         7
37.850        13
37.860        13
37.870         7
37.880        20
37.890        27
37.900        13
37.910         7
37.920         7
37.930         7
37.940        13
37.950         0
37.960        13
37.970        13
37.980        27
37.990        13
38.000         7
38.010         7
38.020         7
38.030         7
38.040         0
38.050         7
38.060        33
38.070        13
38.080         7
38.090        13
38.100        27
38.110        13
38.120         7
38.130        13
38.140        20
38.150         0
38.160         7
38.170         0
38.180        20
38.190        13
38.200        33
38.210         7
38.220        40
38.230        20
38.240         7
38.250        20
38.260        20
38.270        13
38.280        13
38.290         0
38.300        13
38.310         7
38.320         7
38.330         7
38.340        13
38.350        20
38.360         0
38.370        20
38.380         7
38.390        20
38.400        20
38.410         7
38.420        13
38.430        13
38.440         7
38.450        27
38.460        13
38.470         7
38.480        13
38.490        27
38.500        13
38.510        20
38.520        13
38.530         0
38.540         7
38.550         7
38.560         7
38.570         0
38.580        20
38.590        33
38.600        20
38.610         7
38.620         0
38.630        20
38.640        13
38.650         0
38.660        27
38.670        13
38.680        20
38.690         0
38.700         7
38.710         7
38.720        33
38.730         7
38.740        13
38.750         7
38.760         0
38.770         7
38.780         0
38.790         0
38.800         7
38.810        20
38.820        27
38.830        13
38.840         0
38.850         7
38.860         7
38.870         0
38.880         7
38.890         0
38.900        33
38.910        20
38.920        13
38.930         0
38.940        13
38.950         7
38.960        20
38.970        20
38.980         0
38.990        27
39.000        20
39.010        20
39.020        13
39.030        13
39.040         7
39.050         7
39.060        27
39.070        13
39.080        13
39.090         7
39.100         0
39.110        20
39.120        13
39.130        20
39.140        13
39.150        20
39.160         7
39.170        27
39.180        13
39.190        40
39.200         7
39.210        27
39.220        13
39.230        27
39.240        33
39.250        53
39.260        33
39.270        67
39.280        60
39.290        20
39.300        40
39.310        47
39.320        20
39.330        60
39.340        47
39.350        33
39.360        60
39.370        87
39.380        40
39.390        40
39.400        47
39.410        13
39.420        27
39.430        67
39.440        13
39.450        47
39.460        13
39.470        33
39.480        27
39.490        33
39.500        20
39.510        27
39.520        13
39.530        20
39.540        13
39.550        20
39.560         7
39.570        20
39.580        27
39.590         7
39.600        13
39.610         7
39.620        13
39.630        20
39.640        27
39.650        13
39.660        27
39.670        13
39.680         7
39.690         7
39.700         7
39.710         7
39.720        13
39.730        13
39.740         7
39.750         7
39.760         7
39.770         7
39.780        20
39.790        40
39.800        20
39.810        13
39.820        27
39.830        20
39.840         7
39.850        13
39.860         0
39.870        13
39.880        20
39.890         7
39.900        20
39.910         0
39.920         0
39.930        27
39.940        13
39.950        13
39.960        13
39.970        20
39.980        27
39.990         7
40.000         0
40.010        13
40.020         7
40.030        13
40.040        20
40.050        13
40.060         7
40.070         0
40.080         0
40.090         0
40.100         7
40.110        27
40.120        13
40.130        33
40.140        13
40.150        20
40.160        27
40.170         7
40.180         7
40.190         7
40.200         7
40.210        13
40.220        13
40.230        27
40.240        13
40.250        13
40.260         7
40.270        20
40.280        20
40.290         0
40.300        20
40.310        20
40.320        13
40.330         0
40.340         7
40.350         7
40.360         7
40.370        33
40.380         7
40.390         0
40.400         7
40.410         7
40.420        27
40.430        13
40.440        33
40.450         0
40.460         7
40.470         7
40.480        13
40.490        13
40.500         7
40.510         7
40.520         7
40.530         7
40.540         7
40.550        13
40.560        20
40.570         7
40.580         7
40.590        13
40.600         7
40.610        13
40.620        47
40.630        13
40.640         0
40.650        20
40.660        13
40.670         7
40.680         7
40.690         7
40.700         7
40.710        13
40.720        13
40.730         7
40.740         7
40.750         7
40.760        20
40.770        13
40.780        20
40.790        13
40.800         0
40.810         7
40.820         7
40.830        20
40.840         7
40.850         7
40.860        13
40.870        13
40.880        20
40.890        20
40.900        27
40.910         7
40.920         7
40.930         7
40.940         7
40.950        13
40.960        40
40.970        20
40.980        13
40.990        13
41.000        27
41.010        13
41.020         0
41.030        20
41.040        13
41.050         0
41.060        33
41.070         7
41.080        13
41.090        20
41.100        13
41.110         0
41.120        13
41.130         7
41.140        13
41.150        33
41.160        13
41.170        27
41.180        13
41.190         7
41.200         0
41.210        20
41.220        47
41.230        47
41.240         7
41.250         7
41.260        33
41.270         0
41.280        27
41.290         7
41.300        20
41.310        13
41.320        27
41.330        13
41.340        20
41.350        20
41.360        13
41.370         7
41.380        20
41.390         7
41.400         7
41.410        20
41.420        20
41.430        20
41.440        27
41.450        20
41.460         7
41.470        27
41.480         7
41.490         7
41.500        27
41.510         7
41.520        27
41.530         0
41.540        20
41.550         7
41.560        27
41.570        20
41.580         7
41.590        27
41.600        27
41.610        13
41.620        20
41.630        20
41.640        27
41.650         7
41.660         7
41.670        13
41.680         7
41.690        33
41.700         7
41.710        20
41.720        13
41.730        13
41.740         0
41.750        13
41.760         7
41.770        27
41.780        40
41.790        20
41.800        13
41.810         7
41.820        13
41.830         0
41.840        20
41.850        13
41.860        13
41.870         7
41.880        20
41.890         0
41.900        13
41.910        13
41.920         7
41.930        27
41.940         7
41.950        13
41.960         0
41.970         7
41.980        20
41.990        33
42.000        20
42.010        27
42.020        27
42.030        20
42.040         7
42.050         7
42.060         0
42.070        13
42.080         7
42.090         0
42.100        27
42.110        20
42.120         7
42.130        27
42.140         7
42.150        20
42.160        13
42.170        13
42.180        13
42.190        13
42.200        27
42.210        20
42.220        13
42.230         7
42.240         7
42.250         7
42.260        27
42.270         7
42.280         7
42.290         7
42.300         7
42.310         7
42.320         7
42.330        47
42.340        13
42.350         0
42.360        20
42.370        13
42.380        13
42.390        20
42.400        20
42.410        33
42.420        13
42.430         7
42.440         7
42.450         7
42.460         7
42.470        20
42.480        20
42.490        33
42.500        20
42.510         7
42.520        13
42.530        20
42.540         0
42.550         0
42.560        13
42.570        13
42.580         0
42.590         0
42.600        13
42.610        13
42.620         7
42.630         7
42.640        13
42.650         7
42.660        13
42.670         0
42.680        20
42.690         7
42.700         7
42.710         7
42.720        27
42.730        20
42.740         0
42.750        20
42.760        20
42.770        13
42.780        13
42.790         7
42.800        13
42.810         0
42.820         7
42.830        20
42.840        20
42.850        13
42.860         7
42.870        20
42.880        13
42.890         7
42.900        20
42.910         0
42.920         7
42.930         7
42.940        13
42.950         0
42.960        27
42.970        13
42.980        13
42.990        13
43.000         7
43.010         7
43.020        27
43.030         7
43.040        20
43.050         7
43.060         7
43.070        27
43.080        13
43.090        27
43.100         7
43.110         0
43.120        20
43.130         7
43.140        13
43.150         0
43.160         7
43.170         7
43.180         7
43.190        20
43.200         0
43.210        27
43.220        20
43.230         7
43.240        27
43.250        33
43.260        20
43.270        27
43.280         7
43.290        20
43.300        20
43.310        20
43.320         0
43.330        13
43.340         0
43.350         7
43.360         7
43.370        13
43.380         7
43.390        20
43.400        27
43.410         7
43.420         7
43.430        33
43.440        13
43.450         0
43.460         7
43.470        20
43.480        20
43.490        40
43.500        13
43.510        27
43.520        13
43.530        13
43.540        20
43.550        20
43.560        13
43.570        20
43.580        20
43.590        13
43.600         7
43.610         7
43.620        20
43.630         7
43.640        13
43.650        13
43.660        20
43.670        13
43.680         0
43.690         7
43.700        27
43.710         7
43.720         7
43.730        27
43.740         7
43.750         7
43.760         7
43.770         0
43.780         7
43.790        13
43.800        13
43.810         7
43.820        13
43.830        13
43.840         7
43.850        13
43.860        20
43.870        40
43.880        20
43.890         7
43.900        20
43.910        20
43.920        20
43.930        20
43.940        33
43.950        20
43.960        33
43.970        27
43.980        27
43.990        13
44.000         7
44.010         7
44.020        13
44.030        13
44.040        20
44.050        40
44.060         7
44.070        33
44.080        33
44.090        20
44.100        33
44.110         0
44.120         7
44.130        13
44.140         7
44.150         7
44.160        20
44.170        13
44.180        20
44.190         0
44.200         7
44.210        40
44.220        13
44.230        13
44.240        20
44.250        27
44.260         0
44.270        20
44.280        20
44.290         7
44.300         7
44.310        13
44.320        20
44.330        20
44.340        20
44.350        20
44.360        13
44.370        13
44.380        13
44.390         7
44.400         0
44.410         0
44.420        13
44.430         7
44.440         7
44.450         0
44.460        27
44.470        13
44.480         7
44.490         0
44.500         7
44.510        27
44.520        27
44.530         7
44.540        20
44.550        20
44.560        33
44.570        13
44.580         7
44.590         0
44.600        13
44.610        27
44.620         0
44.630        13
44.640        27
44.650         7
44.660        27
44.670        13
44.680        13
44.690         0
44.700         7
44.710        20
44.720        13
44.730         7
44.740        13
44.750        27
44.760        13
44.770        20
44.780         7
44.790        13
44.800        13
44.810        13
44.820        13
44.830         7
44.840        33
44.850         0
44.860         7
44.870        13
44.880         7
44.890        33
44.900         7
44.910        13
44.920         0
44.930        20
44.940         0
44.950        20
44.960         0
44.970         7
44.980         7
44.990        27
45.000         7
45.010         0
45.020        27
45.030        13
45.040        20
45.050         7
45.060        20
45.070        33
45.080         7
45.090        13
45.100        27
45.110         7
45.120        13
45.130         7
45.140        20
45.150        27
45.160        20
45.170        33
45.180         7
45.190        20
45.200        13
45.210        20
45.220        13
45.230         0
45.240         0
45.250        13
45.260         7
45.270        13
45.280         0
45.290        20
45.300        20
45.310         7
45.320         7
45.330         7
45.340        13
45.350        13
45.360         7
45.370         0
45.380        20
45.390         0
45.400         0
45.410        33
45.420        13
45.430         0
45.440        13
45.450        67
45.460        20
45.470        20
45.480        13
45.490        27
45.500        27
45.510        27
45.520        13
45.530         7
45.540         0
45.550         0
45.560         0
45.570        13
45.580        13
45.590         7
45.600        33
45.610         7
45.620        20
45.630        20
45.640         7
45.650        20
45.660         7
45.670        20
45.680        13
45.690         0
45.700        20
45.710         0
45.720        20
45.730         0
45.740        20
45.750        27
45.760        27
45.770         7
45.780        13
45.790        33
45.800        33
45.810         7
45.820         7
45.830        20
45.840        13
45.850         7
45.860        27
45.870        20
45.880        20
45.890         0
45.900        20
45.910        20
45.920        33
45.930        20
45.940        20
45.950        20
45.960        40
45.970         7
45.980        13
45.990        40
46.000        13
46.010        20
46.020        20
46.030        13
46.040        13
46.050        27
46.060         0
46.070         0
46.080        13
46.090         7
46.100        33
46.110         0
46.120        13
46.130        13
46.140        20
46.150         0
46.160        13
46.170        20
46.180        20
46.190        20
46.200         7
46.210         7
46.220        27
46.230         7
46.240         0
46.250        27
46.260        27
46.270        40
46.280         0
46.290        13
46.300         0
46.310        20
46.320        20
46.330        13
46.340        13
46.350        33
46.360        33
46.370        13
46.380        27
46.390        20
46.400        27
46.410         0
46.420        13
46.430        20
46.440         7
46.450        13
46.460         0
46.470        20
46.480         7
46.490         0
46.500        13
46.510         7
46.520        13
46.530         7
46.540        20
46.550        27
46.560         7
46.570        20
46.580         7
46.590         7
46.600         7
46.610         7
46.620        20
46.630        13
46.640         0
46.650         7
46.660        27
46.670         7
46.680        13
46.690        20
46.700        20
46.710        13
46.720        13
46.730         7
46.740        20
46.750         7
46.760         7
46.770        13
46.780         7
46.790         0
46.800         0
46.810        20
46.820         7
46.830         7
46.840         7
46.850        13
46.860        20
46.870        13
46.880         7
46.890        20
46.900        13
46.910         0
46.920         7
46.930        27
46.940        13
46.950         7
46.960        13
46.970        20
46.980         7
46.990        13
47.000         7
47.010        13
47.020         7
47.030        13
47.040        20
47.050        20
47.060        13
47.070         7
47.080        20
47.090         0
47.100         0
47.110        13
47.120        27
47.130         0
47.140        27
47.150         7
47.160        33
47.170        13
47.180        33
47.190         7
47.200        13
47.210         7
47.220         0
47.230         7
47.240        33
47.250        13
47.260        20
47.270        13
47.280         0
47.290        13
47.300        20
47.310        13
47.320        20
47.330         7
47.340        13
47.350         7
47.360        13
47.370        13
47.380         0
47.390        20
47.400         0
47.410         0
47.420        20
47.430         7
47.440        13
47.450        20
47.460        13
47.470         7
47.480        20
47.490        13
47.500         0
47.510        27
47.520         7
47.530         7
47.540        27
47.550        13
47.560         7
47.570         7
47.580        13
47.590        27
47.600        27
47.610        20
47.620         7
47.630        20
47.640        13
47.650        20
47.660        27
47.670        33
47.680        13
47.690         7
47.700         0
47.710        13
47.720        13
47.730        13
47.740        20
47.750        13
47.760        20
47.770         0
47.780        13
47.790         7
47.800        13
47.810        20
47.820         7
47.830         7
47.840        13
47.850        13
47.860        20
47.870        27
47.880         0
47.890        20
47.900        20
47.910        13
47.920        13
47.930        20
47.940        13
47.950        20
47.960         7
47.970         7
47.980        13
47.990        13
48.000        20
48.010        13
48.020        27
48.030        40
48.040        13
48.050         7
48.060        13
48.070        20
48.080        13
48.090        13
48.100         7
48.110        20
48.120        13
48.130        20
48.140         0
48.150        13
48.160        20
48.170         0
48.180        20
48.190        27
48.200         7
48.210         7
48.220        33
48.230         0
48.240         7
48.250        13
48.260         7
48.270         7
48.280        13
48.290         0
48.300        27
48.310        13
48.320        13
48.330         0
48.340         7
48.350         7
48.360        20
48.370        20
48.380        20
48.390         7
48.400        13
48.410        20
48.420         7
48.430        20
48.440        20
48.450         7
48.460        13
48.470        20
48.480        20
48.490        13
48.500         7
48.510        20
48.520         0
48.530        20
48.540        27
48.550        27
48.560        13
48.570        13
48.580        20
48.590        13
48.600         0
48.610        13
48.620         0
48.630        20
48.640         7
48.650        27
48.660        20
48.670        13
48.680         7
48.690         7
48.700         7
48.710        20
48.720         0
48.730        20
48.740        20
48.750         0
48.760        20
48.770         7
48.780        20
48.790        20
48.800         7
48.810        13
48.820        13
48.830         0
48.840         7
48.850         7
48.860        13
48.870         0
48.880        13
48.890        13
48.900        20
48.910         7
48.920        20
48.930        13
48.940        13
48.950        27
48.960        27
48.970        20
48.980        13
48.990         7
49.000        27
49.010        47
49.020        20
49.030         7
49.040         7
49.050        27
49.060        20
49.070        13
49.080         7
49.090        13
49.100         0
49.110        13
49.120        20
49.130        20
49.140         7
49.150         7
49.160        20
49.170        20
49.180        20
49.190         0
49.200         0
49.210         0
49.220         0
49.230        20
49.240         0
49.250        20
49.260        47
49.270         0
49.280        13
49.290        20
49.300        13
49.310        13
49.320        20
49.330         7
49.340         7
49.350        20
49.360        20
49.370        20
49.380         7
49.390        20
49.400        13
49.410        13
49.420         7
49.430         7
49.440         7
49.450        13
49.460         0
49.470         7
49.480         7
49.490        13
49.500        13
49.510         7
49.520        13
49.530        13
49.540         7
49.550        13
49.560        13
49.570        13
49.580        13
49.590        20
49.600        13
49.610         7
49.620         7
49.630         7
49.640        27
49.650         7
49.660        33
49.670        13
49.680         0
49.690        13
49.700        27
49.710        13
49.720         7
49.730         7
49.740         7
49.750        13
49.760        13
49.770         0
49.780        20
49.790        13
49.800        20
49.810         0
49.820        13
49.830        33
49.840        20
49.850        27
49.860        13
49.870        13
49.880        13
49.890        27
49.900        13
49.910         7
49.920        13
49.930         7
49.940         7
49.950        33
49.960        13
49.970        13
49.980        13
49.990        20
50.000        27
50.010         7
50.020        20
50.030        20
50.040         7
50.050         0
50.060         7
50.070         7
50.080        13
50.090        20
50.100        33
50.110         7
50.120        33
50.130         7
50.140         7
50.150         7
50.160         7
50.170        13
50.180         7
50.190         7
50.200        13
50.210        27
50.220         7
50.230        27
50.240         7
50.250        20
50.260        13
50.270        27
50.280         7
50.290        13
50.300        13
50.310        27
50.320        13
50.330        13
50.340        20
50.350        27
50.360         0
50.370        13
50.380         0
50.390         7
50.400        13
50.410        27
50.420        13
50.430         0
50.440        33
50.450         7
50.460        27
50.470         7
50.480         0
50.490        20
50.500         7
50.510         7
50.520         7
50.530        20
50.540         7
50.550        13
50.560         7
50.570         0
50.580         7
50.590        20
50.600        20
50.610         0
50.620         7
50.630         7
50.640         7
50.650        13
50.660        20
50.670        33
50.680        13
50.690         7
50.700        13
50.710         7
50.720         0
50.730         7
50.740         7
50.750        13
50.760        27
50.770         0
50.780         7
50.790         7
50.800         0
50.810        13
50.820        27
50.830         7
50.840         7
50.850        13
50.860         0
50.870        20
50.880        20
50.890        13
50.900        20
50.910        27
50.920         0
50.930         7
50.940         7
50.950        27
50.960        13
50.970         7
50.980        13
50.990        13
51.000         0
51.010        27
51.020        20
51.030        13
51.040        13
51.050        20
51.060        13
51.070         0
51.080         0
51.090         0
51.100         7
51.110        13
51.120         7
51.130         7
51.140         7
51.150         7
51.160         0
51.170         7
51.180        20
51.190         7
51.200         7
51.210        20
51.220         0
51.230        13
51.240        13
51.250         7
51.260         0
51.270         7
51.280        20
51.290        20
51.300        40
51.310        20
51.320        13
51.330         7
51.340        13
51.350        20
51.360        13
51.370        20
51.380        13
51.390        20
51.400         7
51.410         7
51.420        20
51.430         7
51.440         7
51.450        13
51.460        20
51.470         0
51.480         7
51.490         0
51.500        13
51.510         7
51.520         7
51.530        27
51.540         7
51.550        20
51.560         7
51.570        13
51.580         7
51.590        13
51.600         0
51.610        27
51.620        13
51.630         7
51.640        13
51.650        13
51.660         7
51.670         7
51.680         7
51.690        13
51.700         7
51.710        20
51.720         7
51.730         7
51.740         0
51.750        13
51.760        13
51.770        13
51.780         7
51.790         0
51.800         0
51.810         7
51.820         7
51.830         7
51.840         0
51.850         7
51.860        27
51.870         7
51.880         7
51.890         7
51.900         7
51.910         0
51.920        20
51.930        20
51.940        13
51.950         7
51.960        13
51.970         7
51.980         7
51.990        13
52.000        20
52.010         0
52.020        33
52.030        20
52.040        33
52.050         7
52.060        13
52.070        13
52.080        40
52.090         0
52.100         0
52.110        27
52.120         7
52.130         7
52.140        13
52.150        20
52.160         7
52.170        13
52.180         7
52.190         7
52.200        13
52.210        13
52.220        13
52.230         0
52.240         7
52.250        13
52.260        27
52.270        13
52.280         7
52.290         7
52.300         7
52.310         0
52.320         7
52.330        13
52.340         7
52.350         0
52.360        33
52.370         0
52.380        13
52.390         7
52.400        13
52.410         7
52.420        13
52.430        20
52.440         0
52.450         0
52.460        13
52.470         0
52.480         7
52.490        20
52.500        20
52.510        13
52.520        20
52.530         7
52.540        27
52.550         7
52.560        20
52.570         7
52.580         7
52.590        20
52.600         7
52.610         7
52.620        20
52.630        13
52.640        27
52.650         7
52.660         7
52.670         7
52.680        13
52.690         0
52.700         0
52.710         7
52.720         7
52.730        13
52.740        13
52.750         7
52.760         7
52.770        20
52.780         0
52.790         7
52.800         7
52.810         0
52.820         0
52.830        20
52.840        27
52.850         7
52.860        27
52.870         7
52.880        13
52.890         7
52.900         0
52.910         0
52.920        20
52.930        13
52.940         7
52.950         0
52.960        20
52.970         0
52.980         7
52.990         7
53.000        27
53.010         0
53.020         7
53.030        20
53.040         7
53.050        27
53.060        20
53.070         0
53.080         7
53.090        13
53.100         7
53.110         7
53.120         0
53.130         0
53.140        27
53.150        13
53.160        13
53.170        13
53.180        13
53.190        13
53.200         7
53.210        13
53.220        13
53.230         7
53.240        13
53.250         0
53.260         7
53.270        27
53.280        13
53.290        20
53.300        13
53.310        13
53.320         7
53.330         7
53.340        27
53.350        20
53.360         7
53.370        27
53.380        20
53.390        27
53.400        20
53.410         0
53.420        13
53.430         7
53.440         0
53.450         0
53.460        13
53.470        13
53.480        13
53.490        13
53.500         7
53.510         0
53.520        13
53.530        13
53.540        13
53.550        20
53.560         0
53.570         7
53.580         7
53.590        13
53.600         7
53.610         0
53.620         7
53.630        13
53.640        33
53.650         7
53.660         7
53.670         0
53.680        13
53.690        13
53.700        27
53.710        20
53.720        27
53.730         0
53.740         0
53.750        13
53.760         0
53.770         0
53.780         7
53.790        20
53.800        20
53.810         0
53.820         0
53.830         0
53.840        33
53.850         7
53.860         7
53.870        13
53.880         7
53.890         7
53.900        13
53.910        13
53.920        13
53.930         0
53.940        13
53.950        13
53.960         0
53.970         7
53.980         7
53.990         7
54.000        13
54.010        13
54.020         0
54.030        20
54.040         7
54.050        13
54.060        20
54.070         7
54.080         7
54.090         0
54.100         0
54.110         7
54.120         0
54.130        13
54.140        13
54.150        13
54.160        20
54.170         0
54.180         7
54.190         0
54.200         7
54.210        13
54.220        20
54.230        13
54.240        13
54.250         0
54.260        20
54.270         0
54.280        13
54.290        20
54.300        27
54.310        20
54.320         7
54.330         7
54.340         7
54.350         7
54.360         0
54.370         0
54.380         7
54.390         7
54.400         0
54.410        13
54.420         7
54.430         7
54.440        13
54.450        40
54.460        13
54.470        13
54.480         7
54.490         7
54.500        13
54.510        13
54.520         7
54.530        13
54.540        13
54.550        13
54.560         0
54.570         0
54.580         0
54.590         0
54.600         0
54.610        13
54.620         7
54.630         7
54.640         0
54.650         7
54.660         0
54.670         0
54.680        13
54.690        20
54.700        20
54.710        13
54.720        20
54.730         0
54.740         7
54.750         7
54.760        20
54.770         0
54.780        13
54.790        13
54.800         7
54.810         7
54.820        20
54.830         7
54.840         7
54.850         7
54.860        13
54.870         0
54.880         7
54.890        20
54.900         7
54.910        20
54.920        33
54.930         7
54.940         7
54.950        20
54.960         7
54.970         7
54.980         7
54.990         7
55.000        20
55.010         0
55.020        20
55.030         0
55.040         0
55.050        13
55.060        13
55.070        13
55.080        20
55.090        13
55.100        27
55.110         7
55.120         7
55.130        40
55.140        13
55.150        20
55.160        13
55.170         7
55.180        13
55.190        20
55.200        27
55.210         7
55.220         0
55.230         7
55.240         7
55.250         0
55.260        13
55.270        20
55.280         0
55.290        33
55.300         7
55.310        20
55.320         7
55.330         7
55.340        20
55.350        20
55.360         7
55.370         7
55.380        13
55.390         7
55.400        27
55.410        13
55.420        27
55.430        20
55.440        13
55.450        13
55.460         0
55.470        13
55.480         7
55.490         7
55.500         0
55.510        20
55.520        20
55.530        13
55.540         0
55.550         7
55.560        13
55.570         7
55.580        13
55.590         7
55.600         7
55.610         7
55.620        20
55.630        20
55.640         7
55.650        13
55.660        13
55.670         0
55.680         7
55.690        13
55.700         7
55.710        13
55.720         7
55.730         7
55.740         7
55.750         7
55.760         7
55.770         0
55.780        20
55.790         7
55.800         0
55.810         7
55.820         0
55.830        20
55.840         7
55.850        20
55.860         7
55.870         0
55.880        20
55.890         7
55.900        20
55.910         0
55.920         7
55.930         7
55.940        13
55.950        20
55.960        13
55.970        13
55.980         7
55.990         7
56.000         0
56.010         7
56.020        20
56.030        20
56.040        13
56.050         0
56.060         7
56.070         7
56.080         0
56.090        13
56.100        27
56.110        13
56.120         0
56.130         7
56.140         7
56.150         7
56.160         7
56.170         7
56.180        13
56.190         7
56.200        13
56.210        20
56.220         7
56.230        13
56.240        13
56.250        13
56.260         7
56.270         7
56.280        13
56.290        27
56.300         0
56.310        27
56.320        13
56.330        13
56.340         0
56.350         7
56.360         7
56.370         7
56.380        13
56.390        20
56.400         7
56.410        13
56.420         7
56.430         7
56.440        13
56.450         7
56.460         0
56.470         7
56.480         7
56.490        13
56.500         7
56.510         7
56.520         0
56.530        33
56.540        20
56.550         7
56.560         7
56.570        13
56.580         7
56.590        33
56.600         7
56.610         7
56.620        13
56.630        13
56.640        20
56.650        13
56.660         7
56.670         0
56.680         0
56.690         0
56.700        13
56.710         7
56.720        33
56.730        20
56.740        20
56.750        13
56.760        27
56.770        13
56.780         7
56.790         0
56.800         0
56.810        13
56.820         7
56.830        40
56.840         0
56.850         7
56.860         7
56.870        13
56.880         7
56.890         0
56.900         0
56.910        20
56.920        20
56.930         0
56.940        13
56.950         0
56.960         0
56.970        13
56.980         7
56.990         7
57.000        13
57.010         7
57.020         0
57.030         7
57.040         7
57.050         0
57.060         7
57.070         0
57.080        13
57.090         7
57.100         0
57.110        20
57.120         7
57.130         7
57.140         7
57.150        13
57.160        20
57.170         7
57.180         0
57.190         0
57.200         7
57.210        20
57.220         7
57.230        13
57.240         0
57.250         7
57.260         7
57.270         7
57.280         7
57.290        13
57.300         7
57.310         0
57.320         0
57.330        20
57.340         0
57.350         0
57.360         7
57.370         0
57.380         0
57.390        20
57.400        13
57.410         7
57.420         0
57.430        13
57.440         7
57.450         7
57.460        27
57.470        27
57.480        13
57.490        20
57.500        20
57.510        13
57.520        20
57.530        13
57.540         0
57.550         0
57.560        27
57.570        13
57.580        13
57.590        13
57.600         0
57.610         7
57.620         0
57.630         0
57.640        13
57.650         7
57.660         0
57.670         0
57.680         0
57.690         0
57.700         7
57.710         7
57.720         7
57.730         0
57.740        20
57.750         0
57.760        13
57.770         7
57.780        13
57.790         7
57.800         0
57.810         7
57.820         7
57.830         0
57.840        20
57.850        13
57.860         7
57.870        13
57.880         7
57.890         0
57.900        20
57.910        13
57.920        13
57.930        13
57.940        13
57.950         7
57.960        13
57.970        13
57.980         0
57.990         7
58.000        20
58.010        13
58.020         0
58.030        20
58.040         7
58.050         7
58.060         0
58.070        13
58.080         0
58.090        20
58.100        20
58.110         0
58.120         0
58.130        13
58.140        13
58.150        13
58.160        13
58.170         0
58.180        13
58.190        13
58.200        27
58.210         7
58.220         7
58.230         7
58.240         7
58.250         7
58.260         0
58.270        13
58.280        20
58.290        13
58.300         7
58.310        13
58.320         0
58.330         0
58.340        13
58.350         7
58.360         7
58.370         0
58.380         0
58.390        20
58.400         0
58.410         0
58.420        13
58.430        13
58.440        13
58.450        13
58.460         7
58.470        20
58.480        13
58.490         0
58.500        13
58.510         7
58.520         7
58.530         7
58.540        33
58.550         7
58.560         0
58.570        20
58.580         0
58.590        20
58.600         7
58.610        20
58.620        13
58.630        13
58.640         7
58.650        13
58.660         7
58.670        20
58.680        13
58.690         7
58.700         7
58.710         0
58.720        13
58.730        13
58.740         7
58.750         0
58.760         0
58.770        27
58.780         0
58.790         7
58.800         7
58.810         7
58.820         7
58.830         7
58.840         7
58.850        20
58.860         7
58.870         7
58.880         0
58.890         0
58.900        33
58.910         7
58.920        20
58.930         7
58.940        20
58.950         0
58.960         0
58.970         7
58.980         0
58.990         0
59.000         0
59.010        13
59.020         0
59.030         0
59.040         7
59.050        20
59.060        20
59.070         7
59.080         0
59.090         7
59.100         7
59.110        20
59.120         0
59.130        20
59.140         7
59.150         0
59.160         0
59.170         7
59.180         0
59.190        13
59.200         0
59.210         0
59.220         0
59.230         0
59.240        20
59.250        13
59.260         7
59.270        20
59.280         7
59.290        13
59.300         0
59.310         7
59.320         0
59.330         0
59.340         7
59.350        13
59.360         7
59.370        13
59.380        13
59.390         7
59.400        20
59.410        27
59.420        13
59.430         0
59.440        13
59.450         0
59.460        13
59.470        13
59.480        13
59.490         7
59.500         7
59.510         0
59.520         0
59.530         7
59.540         0
59.550         7
59.560         0
59.570         7
59.580         0
59.590        13
59.600        13
59.610         7
59.620         7
59.630         7
59.640        27
59.650         7
59.660         7
59.670        20
59.680        27
59.690         0
59.700         0
59.710        13
59.720         7
59.730         7
59.740         0
59.750        13
59.760        13
59.770        20
59.780         7
59.790         0
59.800        13
59.810         0
59.820        13
59.830         7
59.840         7
59.850         7
59.860        13
59.870        27
59.880         7
59.890         7
59.900         0
59.910         7
59.920        13
59.930        13
59.940         0
59.950        13
59.960        20
59.970        20
59.980         7
59.990         7
60.000         7
60.010         7
60.020         0
60.030        20
60.040        13
60.050         0
60.060        13
60.070         7
60.080         0
60.090         7
60.100         0
60.110         7
60.120         0
60.130         0
60.140         7
60.150         0
60.160         0
60.170        27
60.180        20
60.190         7
60.200        13
60.210         7
60.220         7
60.230        13
60.240        20
60.250         7
60.260         0
60.270        13
60.280         0
60.290         7
60.300         7
60.310        13
60.320        20
60.330         7
60.340         0
60.350         0
60.360         7
60.370        13
60.380        13
60.390        33
60.400         7
60.410        13
60.420         0
60.430         0
60.440        13
60.450         7
60.460         0
60.470         7
60.480         0
60.490         7
60.500        13
60.510         7
60.520         0
60.530         7
60.540        20
60.550         0
60.560        20
60.570        13
60.580        13
60.590         7
60.600         7
60.610         7
60.620        13
60.630        20
60.640         7
60.650         7
60.660         0
60.670        13
60.680         7
60.690         0
60.700         0
60.710        20
60.720        13
60.730         7
60.740         7
60.750         0
60.760        20
60.770        13
60.780         7
60.790         0
60.800         7
60.810         7
60.820        20
60.830        20
60.840        20
60.850         7
60.860        13
60.870        20
60.880        13
60.890        20
60.900         0
60.910        13
60.920        13
60.930         0
60.940         7
60.950         7
60.960         0
60.970        20
60.980        27
60.990        13
61.000         7
61.010         0
61.020        13
61.030         7
61.040         0
61.050         0
61.060         7
61.070         0
61.080        13
61.090         0
61.100        20
61.110         7
61.120         7
61.130         7
61.140         0
61.150         7
61.160         0
61.170         0
61.180        20
61.190         0
61.200         0
61.210        13
61.220        13
61.230         7
61.240        13
61.250        13
61.260         0
61.270         0
61.280         7
61.290         0
61.300        20
61.310        20
61.320         7
61.330        40
61.340        20
61.350         7
61.360        13
61.370         0
61.380         7
61.390         7
61.400         0
61.410        20
61.420         7
61.430        20
61.440         7
61.450         7
61.460         7
61.470         0
61.480         0
61.490        13
61.500         7
61.510        13
61.520         7
61.530         7
61.540         7
61.550         0
61.560        13
61.570         7
61.580         7
61.590         7
61.600        20
61.610         0
61.620         7
61.630         7
61.640        20
61.650        13
61.660         0
61.670         7
61.680        20
61.690         0
61.700        20
61.710         0
61.720        13
61.730        13
61.740         0
61.750         0
61.760         7
61.770        13
61.780         7
61.790         0
61.800        13
61.810         7
61.820         0
61.830         7
61.840        13
61.850         0
61.860        13
61.870        13
61.880         7
61.890         0
61.900        13
61.910         7
61.920         0
61.930        13
61.940         0
61.950         7
61.960         0
61.970         0
61.980         0
61.990         0
62.000        13
62.010         7
62.020         0
62.030         7
62.040        20
62.050         0
62.060         0
62.070        20
62.080         7
62.090         7
62.100        20
62.110        20
62.120         7
62.130        20
62.140         0
62.150         7
62.160         0
62.170         0
62.180         0
62.190         0
62.200        20
62.210         0
62.220         0
62.230         7
62.240        13
62.250        13
62.260         7
62.270        13
62.280        13
62.290        20
62.300         7
62.310         7
62.320        27
62.330         7
62.340         7
62.350         7
62.360         7
62.370         7
62.380        27
62.390         0
62.400         0
62.410         0
62.420         7
62.430         7
62.440        13
62.450         0
62.460         0
62.470        20
62.480        13
62.490        20
62.500         7
62.510         0
62.520        13
62.530        13
62.540         7
62.550         7
62.560        13
62.570         0
62.580        20
62.590        13
62.600        13
62.610         7
62.620         7
62.630        13
62.640         7
62.650         7
62.660        13
62.670         7
62.680         7
62.690         0
62.700        13
62.710         7
62.720         7
62.730         0
62.740         7
62.750         0
62.760        13
62.770        13
62.780         0
62.790        13
62.800         7
62.810         7
62.820         0
62.830         0
62.840        13
62.850         0
62.860         0
62.870        13
62.880         0
62.890         0
62.900         7
62.910         7
62.920        33
62.930        13
62.940        13
62.950         7
62.960         0
62.970        13
62.980         7
62.990         7
63.000        20
63.010         7
63.020         0
63.030        20
63.040         7
63.050        13
63.060         0
63.070         0
63.080         7
63.090        13
63.100        20
63.110         0
63.120         0
63.130         7
63.140         0
63.150         0
63.160        20
63.170         7
63.180        13
63.190         0
63.200         7
63.210         0
63.220         7
63.230        13
63.240         7
63.250         7
63.260         7
63.270         0
63.280         0
63.290         0
63.300         7
63.310         0
63.320         7
63.330         0
63.340        20
63.350         7
63.360         0
63.370         7
63.380        13
63.390         7
63.400         7
63.410         7
63.420        13
63.430         7
63.440        13
63.450        13
63.460         7
63.470         7
63.480         7
63.490        13
63.500         0
63.510        27
63.520        13
63.530         0
63.540         7
63.550         0
63.560        13
63.570        13
63.580         0
63.590         0
63.600         7
63.610         7
63.620         7
63.630         0
63.640         7
63.650        13
63.660         0
63.670        13
63.680        27
63.690         7
63.700        13
63.710         7
63.720         0
63.730        13
63.740         7
63.750         0
63.760        20
63.770         7
63.780         0
63.790         7
63.800         7
63.810         0
63.820        20
63.830         7
63.840         0
63.850        20
63.860         0
63.870         0
63.880         0
63.890        13
63.900        20
63.910        40
63.920        13
63.930        13
63.940         7
63.950        13
63.960        13
63.970         0
63.980         0
63.990        13
64.000         0
64.010         0
64.020         7
64.030         0
64.040         0
64.050        33
64.060        20
64.070        13
64.080         0
64.090        13
64.100         7
64.110        13
64.120        13
64.130        33
64.140         7
64.150         7
64.160         0
64.170         7
64.180         7
64.190        13
64.200         0
64.210         7
64.220        20
64.230         0
64.240        13
64.250        13
64.260         7
64.270         7
64.280         0
64.290         0
64.300         7
64.310         7
64.320         7
64.330        20
64.340        13
64.350        20
64.360        27
64.370        13
64.380         7
64.390         0
64.400        13
64.410        13
64.420         7
64.430         0
64.440         0
64.450         7
64.460         7
64.470         0
64.480        13
64.490        13
64.500         0
64.510         7
64.520         7
64.530         7
64.540         0
64.550         7
64.560         0
64.570         0
64.580        13
64.590         7
64.600         7
64.610         0
64.620         7
64.630         7
64.640         0
64.650         7
64.660         0
64.670         7
64.680         7
64.690         0
64.700        13
64.710         0
64.720         7
64.730         0
64.740         7
64.750        13
64.760         0
64.770         7
64.780        13
64.790        13
64.800        20
64.810        13
64.820         7
64.830         7
64.840         7
64.850         0
64.860         0
64.870         7
64.880        20
64.890         0
64.900         0
64.910         7
64.920         0
64.930         7
64.940         0
64.950         0
64.960        13
64.970         0
64.980         0
64.990        20
65.000         0
65.010         7
65.020        13
65.030         7
65.040         0
65.050         7
65.060        13
65.070         7
65.080         7
65.090         7
65.100        20
65.110        13
65.120        13
65.130        13
65.140         7
65.150         7
65.160         0
65.170         7
65.180        13
65.190         0
65.200         7
65.210         0
65.220         0
65.230         0
65.240        13
65.250         7
65.260         0
65.270         7
65.280        20
65.290        13
65.300         7
65.310         7
65.320        13
65.330         0
65.340         7
65.350         0
65.360        13
65.370         0
65.380         0
65.390         0
65.400        13
65.410         7
65.420         0
65.430         7
65.440         0
65.450        13
65.460         7
65.470         7
65.480        20
65.490        13
65.500        13
65.510         0
65.520        13
65.530         0
65.540         0
65.550         7
65.560         0
65.570         0
65.580         0
65.590         0
65.600         0
65.610         0
65.620        20
65.630        13
65.640         7
65.650        20
65.660         0
65.670         7
65.680        13
65.690         7
65.700         7
65.710        27
65.720        20
65.730         7
65.740         0
65.750         0
65.760         7
65.770        27
65.780        20
65.790         0
65.800        13
65.810        13
65.820         7
65.830         0
65.840         7
65.850         7
65.860        13
65.870         7
65.880        13
65.890        13
65.900        13
65.910        20
65.920         7
65.930        13
65.940         7
65.950         0
65.960         7
65.970         7
65.980        27
65.990         7
66.000        13
66.010        20
66.020         7
66.030         7
66.040        13
66.050         7
66.060         0
66.070         7
66.080         7
66.090        13
66.100         0
66.110        13
66.120         7
66.130         7
66.140         7
66.150         7
66.160         7
66.170        27
66.180         0
66.190         0
66.200        27
66.210         0
66.220         7
66.230        13
66.240        13
66.250         0
66.260        13
66.270        20
66.280         7
66.290         7
66.300         0
66.310         0
66.320         0
66.330        13
66.340         0
66.350        13
66.360        13
66.370         7
66.380         0
66.390         7
66.400         0
66.410         7
66.420         7
66.430         0
66.440        13
66.450         0
66.460         0
66.470        13
66.480         7
66.490         0
66.500         0
66.510        20
66.520        13
66.530         0
66.540         7
66.550        13
66.560         0
66.570        27
66.580        13
66.590         0
66.600         7
66.610         0
66.620         0
66.630         7
66.640        13
66.650         7
66.660         7
66.670         0
66.680         7
66.690         0
66.700        13
66.710         7
66.720         7
66.730        13
66.740         0
66.750        13
66.760        13
66.770        20
66.780         7
66.790        20
66.800         7
66.810         7
66.820        13
66.830        13
66.840         0
66.850        13
66.860         0
66.870        20
66.880        20
66.890        13
66.900        13
66.910        13
66.920         0
66.930         0
66.940        13
66.950         0
66.960        13
66.970         7
66.980         0
66.990         7
67.000        13
67.010         7
67.020         7
67.030         0
67.040         0
67.050         0
67.060         0
67.070         0
67.080         7
67.090         7
67.100        13
67.110         0
67.120        13
67.130         0
67.140         0
67.150         7
67.160        13
67.170        20
67.180        13
67.190         7
67.200        13
67.210        20
67.220        20
67.230        13
67.240         0
67.250        27
67.260         7
67.270         7
67.280         7
67.290         0
67.300        13
67.310         7
67.320         7
67.330         7
67.340        13
67.350         7
67.360         0
67.370        20
67.380         7
67.390         7
67.400         0
67.410        27
67.420         7
67.430         7
67.440         0
67.450         7
67.460         7
67.470         0
67.480         0
67.490         7
67.500        13
67.510         0
67.520         0
67.530        13
67.540        13
67.550         7
67.560         7
67.570        13
67.580         7
67.590         7
67.600         7
67.610         0
67.620        20
67.630         0
67.640        13
67.650         7
67.660        13
67.670        33
67.680        13
67.690         7
67.700         0
67.710        20
67.720         7
67.730         0
67.740         7
67.750         7
67.760         0
67.770         7
67.780         7
67.790         7
67.800        13
67.810         0
67.820        13
67.830         7
67.840        13
67.850        13
67.860         0
67.870         0
67.880         0
67.890        20
67.900         0
67.910        20
67.920         0
67.930         0
67.940         7
67.950         7
67.960        13
67.970         7
67.980         7
67.990         0
68.000        27
68.010         0
68.020         0
68.030        13
68.040         0
68.050         0
68.060         0
68.070         0
68.080         0
68.090         0
68.100         0
68.110         7
68.120         7
68.130        20
68.140         7
68.150         0
68.160         7
68.170         7
68.180        20
68.190         7
68.200         0
68.210         7
68.220         7
68.230         0
68.240         7
68.250         0
68.260        13
68.270         7
68.280        13
68.290        13
68.300         7
68.310         0
68.320         7
68.330         0
68.340        13
68.350         7
68.360         0
68.370         0
68.380         7
68.390        13
68.400         7
68.410         0
68.420        13
68.430        13
68.440         0
68.450         7
68.460         7
68.470         7
68.480        13
68.490         7
68.500         0
68.510         0
68.520        13
68.530         0
68.540         7
68.550         0
68.560        40
68.570         7
68.580         0
68.590        20
68.600         0
68.610         0
68.620         7
68.630         0
68.640         7
68.650         7
68.660         7
68.670         7
68.680         7
68.690         7
68.700        13
68.710         7
68.720         0
68.730         0
68.740        13
68.750         7
68.760         7
68.770         0
68.780         0
68.790         0
68.800         7
68.810        13
68.820         7
68.830         7
68.840         7
68.850         7
68.860        20
68.870         7
68.880         7
68.890         0
68.900        13
68.910         7
68.920         0
68.930         0
68.940         0
68.950         0
68.960        13
68.970        13
68.980         7
68.990         7
69.000         7
69.010         7
69.020         7
69.030         7
69.040         7
69.050         0
69.060        20
69.070        13
69.080        33
69.090         0
69.100        20
69.110         0
69.120         7
69.130        13
69.140        13
69.150         0
69.160         7
69.170         7
69.180        13
69.190         0
69.200        20
69.210         7
69.220         0
69.230         0
69.240         7
69.250        13
69.260         0
69.270         7
69.280         7
69.290         0
69.300         7
69.310         0
69.320         7
69.330        20
69.340        20
69.350         7
69.360        13
69.370         7
69.380         7
69.390        13
69.400         7
69.410         7
69.420         7
69.430         0
69.440        13
69.450         0
69.460        13
69.470         0
69.480         0
69.490        20
69.500         0
69.510        13
69.520         0
69.530        13
69.540         0
69.550         7
69.560         0
69.570        20
69.580         0
69.590         7
69.600         0
69.610         7
69.620         7
69.630         0
69.640         7
69.650         7
69.660         0
69.670        13
69.680         0
69.690         7
69.700        13
69.710        13
69.720        13
69.730         7
69.740         0
69.750         0
69.760         7
69.770         0
69.780        13
69.790         0
69.800         0
69.810         7
69.820         0
69.830         0
69.840         7
69.850         7
69.860         0
69.870         7
69.880        20
69.890        13
69.900        13
69.910         0
69.920         0
69.930         0
69.940         7
69.950        20
69.960         0
69.970         0
69.980         0
69.990         0
70.000         0
70.010        13
70.020         0
70.030         7
70.040         7
70.050        33
70.060         7
70.070         0
70.080        20
70.090         0
70.100         7
70.110         7
70.120         0
70.130         7
70.140        20
70.150        13
70.160         7
70.170         0
70.180         0
70.190         0
70.200         0
70.210        20
70.220         0
70.230         7
70.240         7
70.250         0
70.260        13
70.270         7
70.280         7
70.290        20
70.300         7
70.310         7
70.320         7
70.330        20
70.340         7
70.350         7
70.360         0
70.370         7
70.380         7
70.390         0
70.400         7
70.410         7
70.420        20
70.430        13
70.440         7
70.450         7
70.460         0
70.470         0
70.480         7
70.490         7
70.500        13
70.510         7
70.520         0
70.530         7
70.540        13
70.550        20
70.560         7
70.570         7
70.580         0
70.590         7
70.600         0
70.610         0
70.620         0
70.630         0
70.640        13
70.650        20
70.660         0
70.670         7
70.680         0
70.690        13
70.700         0
70.710         7
70.720         0
70.730         0
70.740         7
70.750         0
70.760         7
70.770        13
70.780         0
70.790         7
70.800         0
70.810         7
70.820         0
70.830        13
70.840         0
70.850        20
70.860         7
70.870         7
70.880         7
70.890        13
70.900         0
70.910         7
70.920         7
70.930         7
70.940         0
70.950         7
70.960        13
70.970        20
70.980         0
70.990         7
71.000        20
71.010        33
71.020         7
71.030         0
71.040         0
71.050         7
71.060         7
71.070         7
71.080         7
71.090         0
71.100         7
71.110        33
71.120         7
71.130        20
71.140         7
71.150         0
71.160         7
71.170         7
71.180         0
71.190         7
71.200         0
71.210         0
71.220         7
71.230         7
71.240         7
71.250         0
71.260        13
71.270         0
71.280         0
71.290        13
71.300         0
71.310         7
71.320         0
71.330         7
71.340        13
71.350         7
71.360         7
71.370        13
71.380        20
71.390         0
71.400         0
71.410         7
71.420        13
71.430         0
71.440         7
71.450        13
71.460        13
71.470         7
71.480         7
71.490         7
71.500         0
71.510        20
71.520         0
71.530         7
71.540         0
71.550         0
71.560         0
71.570         7
71.580         0
71.590         7
71.600        13
71.610         7
71.620         0
71.630         0
71.640        20
71.650         7
71.660         7
71.670         0
71.680        13
71.690         0
71.700         0
71.710         0
71.720         0
71.730         0
71.740         0
71.750         7
71.760        27
71.770         0
71.780         7
71.790         0
71.800         0
71.810         7
71.820         0
71.830         7
71.840         0
71.850         7
71.860         7
71.870         7
71.880        27
71.890        13
71.900        13
71.910         0
71.920        20
71.930         0
71.940         7
71.950         7
71.960         7
71.970         7
71.980         7
71.990        13
72.000        13
72.010         0
72.020         0
72.030        20
72.040         7
72.050        20
72.060        13
72.070         7
72.080         7
72.090        13
72.100         7
72.110         0
72.120         0
72.130         7
72.140         0
72.150         0
72.160        13
72.170        13
72.180         0
72.190        13
72.200         0
72.210         7
72.220         0
72.230         0
72.240         0
72.250         0
72.260         7
72.270         7
72.280         0
72.290         0
72.300        13
72.310         0
72.320        13
72.330        20
72.340         0
72.350         0
72.360        20
72.370        13
72.380         0
72.390         7
72.400         0
72.410        13
72.420         7
72.430         0
72.440         0
72.450         7
72.460         0
72.470        13
72.480         0
72.490         7
72.500         0
72.510        13
72.520         0
72.530         7
72.540         7
72.550         0
72.560        13
72.570         7
72.580         0
72.590         7
72.600         7
72.610         7
72.620         7
72.630         7
72.640         7
72.650         0
72.660        13
72.670         0
72.680         0
72.690         0
72.700         7
72.710        13
72.720         0
72.730        20
72.740         7
72.750         0
72.760         0
72.770        13
72.780         7
72.790         0
72.800         7
72.810        13
72.820         7
72.830         0
72.840        20
72.850         0
72.860         7
72.870         7
72.880         0
72.890        13
72.900         0
72.910         0
72.920        13
72.930         0
72.940         0
72.950         7
72.960         7
72.970        13
72.980        13
72.990         7
73.000         7
73.010        13
73.020         0
73.030         7
73.040         0
73.050         0
73.060         7
73.070         7
73.080         0
73.090         7
73.100         0
73.110         0
73.120         7
73.130        13
73.140         7
73.150         0
73.160         0
73.170        13
73.180         7
73.190         0
73.200        27
73.210         0
73.220         0
73.230        20
73.240        13
73.250        20
73.260         0
73.270         0
73.280        13
73.290         7
73.300         0
73.310         0
73.320        13
73.330        13
73.340        13
73.350         7
73.360         7
73.370         7
73.380         0
73.390        13
73.400         0
73.410         0
73.420         7
73.430        13
73.440        13
73.450        13
73.460        13
73.470         0
73.480         7
73.490         7
73.500        13
73.510         0
73.520         7
73.530         0
73.540         7
73.550         7
73.560        13
73.570         7
73.580         0
73.590         7
73.600        13
73.610         7
73.620         0
73.630         7
73.640         0
73.650         0
73.660         0
73.670        13
73.680        20
73.690        13
73.700         7
73.710         7
73.720        13
73.730         0
73.740         7
73.750         0
73.760         0
73.770        13
73.780         0
73.790         0
73.800        27
73.810         7
73.820        27
73.830         7
73.840        13
73.850         0
73.860        13
73.870        13
73.880         0
73.890         7
73.900         0
73.910         0
73.920         7
73.930         0
73.940         7
73.950         0
73.960         0
73.970         0
73.980         0
73.990         0
74.000        13
74.010         0
74.020         0
74.030        13
74.040         0
74.050         0
74.060         7
74.070         0
74.080         7
74.090         0
74.100         0
74.110         0
74.120         7
74.130         7
74.140         7
74.150         0
74.160        27
74.170         0
74.180         0
74.190         0
74.200         7
74.210         0
74.220         0
74.230         0
74.240         0
74.250         0
74.260         0
74.270         0
74.280         0
74.290        13
74.300         0
74.310        13
74.320         0
74.330         7
74.340        13
74.350         7
74.360        13
74.370         0
74.380         7
74.390         0
74.400         0
74.410        20
74.420         0
74.430        13
74.440         0
74.450         7
74.460         7
74.470         0
74.480        20
74.490         0
74.500         7
74.510         0
74.520        13
74.530         7
74.540         7
74.550         0
74.560         0
74.570        27
74.580         7
74.590        13
74.600         0
74.610         7
74.620         0
74.630         0
74.640         7
74.650        20
74.660         7
74.670         7
74.680         0
74.690        13
74.700         7
74.710        13
74.720         7
74.730         7
74.740         0
74.750         0
74.760        13
74.770         7
74.780         7
74.790         7
74.800         0
74.810         7
74.820         7
74.830         7
74.840        13
74.850        27
74.860         7
74.870         7
74.880         0
74.890        13
74.900         0
74.910         0
74.920         7
74.930         7
74.940        20
74.950         0
74.960        13
74.970        20
74.980         7
74.990         0
75.000         7
75.010         7
75.020         7
75.030         0
75.040         0
75.050         0
75.060         7
75.070         0
75.080         7
75.090         0
75.100         0
75.110        13
75.120        20
75.130         0
75.140         0
75.150         0
75.160         0
75.170         7
75.180         0
75.190         0
75.200         0
75.210        13
75.220         0
75.230         7
75.240         7
75.250         7
75.260         0
75.270         7
75.280         7
75.290         0
75.300         7
75.310         7
75.320        13
75.330         0
75.340         0
75.350         0
75.360        13
75.370         7
75.380         7
75.390         7
75.400         0
75.410         0
75.420         0
75.430         0
75.440         7
75.450        13
75.460        13
75.470         7
75.480         7
75.490         7
75.500         0
75.510         7
75.520         7
75.530         7
75.540        13
75.550         7
75.560         0
75.570         7
75.580         0
75.590         7
75.600        13
75.610         0
75.620        20
75.630         0
75.640        13
75.650         0
75.660         7
75.670         0
75.680         7
75.690         7
75.700        13
75.710         7
75.720         7
75.730         7
75.740        20
75.750         0
75.760         7
75.770         7
75.780        13
75.790        13
75.800         7
75.810        13
75.820         0
75.830        13
75.840        20
75.850         7
75.860         0
75.870         7
75.880         0
75.890        13
75.900         0
75.910        13
75.920         0
75.930         7
75.940         0
75.950         7
75.960         7
75.970         0
75.980         0
75.990         0
76.000        13
76.010         0
76.020        13
76.030         0
76.040         0
76.050         0
76.060         0
76.070        13
76.080         0
76.090        13
76.100         0
76.110         0
76.120         0
76.130         0
76.140         7
76.150        13
76.160        13
76.170         0
76.180         0
76.190        20
76.200         7
76.210         0
76.220         7
76.230        13
76.240         7
76.250         0
76.260        13
76.270         0
76.280         0
76.290         0
76.300         7
76.310         7
76.320         0
76.330         0
76.340         7
76.350         7
76.360        13
76.370        13
76.380         0
76.390         0
76.400         0
76.410        13
76.420         7
76.430         0
76.440         7
76.450         0
76.460         0
76.470         0
76.480         0
76.490         0
76.500         7
76.510         0
76.520        13
76.530        27
76.540         0
76.550         0
76.560         0
76.570         7
76.580         0
76.590         0
76.600         7
76.610         0
76.620         7
76.630        13
76.640         0
76.650         7
76.660         0
76.670         7
76.680         0
76.690         0
76.700         0
76.710         0
76.720         0
76.730         7
76.740        13
76.750         7
76.760         0
76.770         0
76.780         7
76.790         7
76.800         0
76.810         0
76.820         0
76.830        13
76.840         7
76.850         7
76.860        20
76.870         0
76.880         7
76.890        13
76.900         7
76.910         7
76.920         0
76.930         7
76.940         7
76.950         0
76.960         0
76.970         7
76.980         0
76.990         0
77.000         7
77.010         0
77.020         0
77.030         7
77.040         7
77.050         7
77.060         0
77.070         0
77.080         0
77.090         7
77.100        13
77.110         0
77.120         0
77.130         7
77.140         7
77.150         7
77.160        13
77.170         0
77.180        13
77.190        27
77.200        20
77.210        13
77.220         0
77.230        13
77.240         0
77.250         0
77.260         7
77.270         7
77.280         0
77.290         7
77.300         0
77.310         0
77.320         0
77.330         7
77.340         7
77.350         7
77.360         0
77.370        13
77.380        20
77.390        13
77.400         7
77.410         7
77.420         7
77.430         7
77.440         0
77.450         7
77.460         0
77.470         7
77.480         0
77.490         7
77.500         0
77.510         0
77.520        13
77.530         0
77.540        20
77.550        13
77.560         0
77.570         0
77.580        20
77.590         0
77.600         7
77.610         7
77.620         0
77.630         0
77.640         0
77.650        13
77.660         7
77.670         0
77.680         0
77.690         0
77.700        13
77.710        13
77.720        13
77.730        13
77.740         0
77.750        13
77.760         7
77.770         7
77.780         7
77.790         0
77.800         7
77.810         0
77.820         7
77.830        20
77.840         0
77.850         0
77.860         0
77.870         0
77.880         0
77.890         0
77.900         0
77.910         7
77.920         0
77.930         7
77.940         7
77.950         7
77.960         0
77.970         0
77.980         0
77.990         0
78.000        13
78.010         0
78.020        13
78.030        13
78.040         0
78.050         7
78.060         7
78.070        13
78.080         0
78.090        13
78.100         0
78.110         7
78.120         0
78.130         7
78.140         0
78.150         0
78.160         7
78.170         0
78.180         7
78.190         7
78.200         7
78.210         7
78.220         0
78.230         0
78.240         0
78.250         0
78.260         7
78.270         7
78.280         7
78.290         0
78.300         7
78.310         0
78.320         0
78.330         7
78.340        20
78.350         7
78.360         7
78.370         7
78.380         0
78.390         7
78.400         0
78.410         7
78.420         0
78.430         0
78.440         0
78.450        20
78.460         0
78.470         0
78.480         0
78.490         0
78.500         7
78.510        13
78.520         0
78.530         7
78.540        13
78.550         7
78.560         0
78.570        27
78.580         0
78.590         7
78.600         7
78.610         0
78.620        13
78.630         7
78.640        13
78.650         0
78.660         7
78.670         0
78.680        13
78.690        13
78.700         7
78.710         0
78.720        13
78.730         0
78.740         7
78.750         7
78.760        13
78.770         0
78.780         7
78.790         7
78.800         0
78.810         0
78.820         7
78.830         0
78.840         0
78.850         7
78.860         0
78.870         7
78.880         7
78.890         7
78.900         7
78.910        27
78.920         7
78.930         0
78.940         7
78.950         7
78.960        13
78.970        13
78.980         0
78.990         7
79.000         0
79.010        13
79.020         7
79.030         7
79.040         0
79.050        13
79.060        33
79.070         0
79.080         0
79.090         0
79.100         7
79.110         7
79.120         7
79.130         0
79.140         7
79.150         7
79.160         7
79.170         0
79.180        13
79.190         7
79.200         7
79.210         7
79.220         0
79.230        13
79.240        13
79.250         0
79.260         0
79.270         0
79.280        13
79.290         7
79.300         7
79.310         0
79.320         0
79.330         0
79.340         7
79.350         7
79.360        13
79.370         0
79.380        20
79.390         0
79.400        13
79.410         0
79.420         7
79.430         0
79.440         0
79.450         0
79.460         0
79.470         0
79.480         0
79.490         0
79.500        13
79.510        13
79.520         7
79.530         7
79.540         0
79.550         0
79.560        27
79.570         0
79.580         7
79.590         7
79.600         0
79.610         7
79.620         7
79.630        13
79.640         0
79.650         7
79.660         7
79.670         7
79.680         0
79.690         0
79.700         7
79.710         0
79.720         7
79.730         0
79.740         0
79.750         0
79.760         0
79.770        13
79.780         7
79.790         7
79.800         0
79.810         0
79.820        13
79.830         0
79.840        13
79.850        13
79.860         0
79.870        13
79.880         7
79.890         7
79.900         7
79.910         0
79.920         7
79.930         0
79.940         7
79.950         7
79.960         0
79.970         0
79.980         7
79.990         0
80.000         0
