20.000         0
20.010         0
20.020         0
20.030         0
20.040         0
20.050         0
20.060         0
20.070         0
20.080         0
20.090         0
20.100         0
20.110         0
20.120         0
20.130         0
20.140         0
20.150         0
20.160         0
20.170         0
20.180         0
20.190         0
20.200         0
20.210         0
20.220         0
20.230         0
20.240         7
20.250         0
20.260         0
20.270         0
20.280         0
20.290       247
20.300       260
20.310       240
20.320       233
20.330       207
20.340       193
20.350       187
20.360       220
20.370       127
20.380       200
20.390       187
20.400       180
20.410       233
20.420       193
20.430       247
20.440       220
20.450       187
20.460       187
20.470       207
20.480       220
20.490       153
20.500       193
20.510       207
20.520       207
20.530       167
20.540       267
20.550       253
20.560       267
20.570       267
20.580       213
20.590       160
20.600       267
20.610       200
20.620       247
20.630       220
20.640       167
20.650       187
20.660       220
20.670       207
20.680       180
20.690       207
20.700       320
20.710       220
20.720       253
20.730       233
20.740       200
20.750       187
20.760       213
20.770       200
20.780       227
20.790       233
20.800       207
20.810       220
20.820       280
20.830       267
20.840       253
20.850       193
20.860       233
20.870       193
20.880       300
20.890       287
20.900       267
20.910       233
20.920       267
20.930       213
20.940       313
20.950       187
20.960       340
20.970       227
20.980       300
20.990       233
21.000       260
21.010       200
21.020       333
21.030       307
21.040       313
21.050       300
21.060       373
21.070       307
21.080       307
21.090       240
21.100       240
21.110       300
21.120       320
21.130       253
21.140       273
21.150       273
21.160       167
21.170       287
21.180       187
21.190       260
21.200       233
21.210       200
21.220       227
21.230       207
21.240       220
21.250       313
21.260       193
21.270       273
21.280       307
21.290       267
21.300       227
21.310       307
21.320       213
21.330       220
21.340       207
21.350       313
21.360       200
21.370       280
21.380       280
21.390       307
21.400       207
21.410       293
21.420       213
21.430       213
21.440       233
21.450       233
21.460       220
21.470       233
21.480       233
21.490       253
21.500       180
21.510       213
21.520       287
21.530       240
21.540       260
21.550       260
21.560       267
21.570       253
21.580       300
21.590       273
21.600       193
21.610       267
21.620       233
21.630       240
21.640       207
21.650       280
21.660       207
21.670       207
21.680       207
21.690       220
21.700       267
21.710       280
21.720       233
21.730       267
21.740       253
21.750       300
21.760       360
21.770       313
21.780       253
21.790       240
21.800       260
21.810       273
21.820       273
21.830       320
21.840       287
21.850       233
21.860       167
21.870       260
21.880       307
21.890       367
21.900       293
21.910       267
21.920       320
21.930       347
21.940       380
21.950       307
21.960       300
21.970       360
21.980       360
21.990       347
22.000       327
22.010       260
22.020       253
22.030       260
22.040       267
22.050       293
22.060       260
22.070       347
22.080       253
22.090       380
22.100       267
22.110       287
22.120       227
22.130       187
22.140       227
22.150       287
22.160       253
22.170       280
22.180       307
22.190       280
22.200       273
22.210       240
22.220       220
22.230       260
22.240       327
22.250       207
22.260       253
22.270       260
22.280       287
22.290       307
22.300       220
22.310       313
22.320       280
22.330       187
22.340       287
22.350       260
22.360       313
22.370       347
22.380       227
22.390       287
22.400       233
22.410       247
22.420       307
22.430       280
22.440       247
22.450       320
22.460       233
22.470       293
22.480       227
22.490       273
22.500       247
22.510       247
22.520       280
22.530       273
22.540       347
22.550       320
22.560       280
22.570       273
22.580       426
22.590       260
22.600       340
22.610       233
22.620       327
22.630       307
22.640       260
22.650       340
22.660       360
22.670       313
22.680       413
22.690       313
22.700       280
22.710       327
22.720       273
22.730       293
22.740       220
22.750       407
22.760       307
22.770       320
22.780       347
22.790       213
22.800       233
22.810       380
22.820       367
22.830       253
22.840       273
22.850       247
22.860       233
22.870       287
22.880       520
22.890       327
22.900       340
22.910       333
22.920       327
22.930       320
22.940       373
22.950       340
22.960       446
22.970       347
22.980       420
22.990       380
23.000       353
23.010       400
23.020       407
23.030       486
23.040       526
23.050       660
23.060       793
23.070      1080
23.080      1206
23.090      1046
23.100      1639
23.110      1553
23.120      1213
23.130      1040
23.140       720
23.150       546
23.160       400
23.170       320
23.180       380
23.190       413
23.200       307
23.210       373
23.220       367
23.230       373
23.240       400
23.250       367
23.260       380
23.270       473
23.280       353
23.290       367
23.300       353
23.310       380
23.320       293
23.330       320
23.340       387
23.350       360
23.360       353
23.370       273
23.380       207
23.390       413
23.400       407
23.410       280
23.420       367
23.430       360
23.440       340
23.450       340
23.460       293
23.470       380
23.480       320
23.490       420
23.500       367
23.510       340
23.520       400
23.530       446
23.540       353
23.550       340
23.560       327
23.570       360
23.580       340
23.590       327
23.600       300
23.610       253
23.620       373
23.630       360
23.640       353
23.650       373
23.660       413
23.670       380
23.680       320
23.690       367
23.700       340
23.710       353
23.720       280
23.730       320
23.740       273
23.750       393
23.760       287
23.770       320
23.780       387
23.790       426
23.800       240
23.810       320
23.820       347
23.830       287
23.840       260
23.850       313
23.860       353
23.870       353
23.880       253
23.890       213
23.900       387
23.910       300
23.920       307
23.930       373
23.940       260
23.950       373
23.960       333
23.970       340
23.980       273
23.990       353
24.000       267
24.010       280
24.020       353
24.030       260
24.040       367
24.050       267
24.060       320
24.070       260
24.080       393
24.090       327
24.100       360
24.110       353
24.120       280
24.130       347
24.140       280
24.150       227
24.160       360
24.170       360
24.180       340
24.190       273
24.200       333
24.210       300
24.220       353
24.230       227
24.240       333
24.250       353
24.260       380
24.270       333
24.280       293
24.290       380
24.300       367
24.310       380
24.320       347
24.330       287
24.340       307
24.350       380
24.360       333
24.370       367
24.380       426
24.390       320
24.400       380
24.410       333
24.420       413
24.430       420
24.440       353
24.450       367
24.460       327
24.470       360
24.480       407
24.490       393
24.500       380
24.510       360
24.520       413
24.530       426
24.540       413
24.550       493
24.560       333
24.570       333
24.580       440
24.590       400
24.600       453
24.610       400
24.620       407
24.630       500
24.640       313
24.650       440
24.660       400
24.670       466
24.680       506
24.690       533
24.700       573
24.710       586
24.720       713
24.730       873
24.740       700
24.750       820
24.760       813
24.770       773
24.780       733
24.790       760
24.800       826
24.810       760
24.820       833
24.830       880
24.840       780
24.850       840
24.860       740
24.870       926
24.880       686
24.890       700
24.900       713
24.910       840
24.920       706
24.930       666
24.940       753
24.950       913
24.960       793
24.970       793
24.980       800
24.990       826
25.000       800
25.010       666
25.020       733
25.030       740
25.040       746
25.050       813
25.060       880
25.070       660
25.080       833
25.090       760
25.100       813
25.110       900
25.120       660
25.130       786
25.140       906
25.150       780
25.160       860
25.170       773
25.180       806
25.190       820
25.200       840
25.210       813
25.220       713
25.230      1026
25.240       773
25.250       920
25.260       853
25.270       833
25.280       966
25.290      1113
25.300       953
25.310       906
25.320       906
25.330      1066
25.340      1086
25.350      1106
25.360      1180
25.370      1519
25.380      1606
25.390      1999
25.400      2299
25.410      3045
25.420      3399
25.430      3872
25.440      4811
25.450      5504
25.460      6218
25.470      6897
25.480      8197
25.490      8910
25.500      9370
25.510     10363
25.520     10722
25.530     14408
25.540     20738
25.550     37218
25.560     66567
25.570     96975
25.580    118339
25.590    127262
25.600    133133
25.610    135546
25.620    135226
25.630    124144
25.640    105851
25.650     88611
25.660     78948
25.670     76883
25.680     74244
25.690     63455
25.700     45175
25.710     26503
25.720     14548
25.730     10356
25.740      8430
25.750      7230
25.760      5978
25.770      5391
25.780      5151
25.790      4038
25.800      3312
25.810      2965
25.820      2566
25.830      2439
25.840      1953
25.850      1786
25.860      1473
25.870      1359
25.880      1213
25.890      1293
25.900      1279
25.910      1053
25.920       933
25.930       953
25.940       986
25.950       860
25.960      1000
25.970       886
25.980       933
25.990       846
26.000       880
26.010       893
26.020       966
26.030       833
26.040       740
26.050       833
26.060       740
26.070       753
26.080       866
26.090       793
26.100       813
26.110       646
26.120       713
26.130       793
26.140       726
26.150       833
26.160       880
26.170       840
26.180       706
26.190       726
26.200       766
26.210       693
26.220       706
26.230       726
26.240       620
26.250       720
26.260       546
26.270       640
26.280       686
26.290       713
26.300       593
26.310       620
26.320       573
26.330       720
26.340       866
26.350       653
26.360       646
26.370       666
26.380       520
26.390       646
26.400       633
26.410       786
26.420       613
26.430       513
26.440       586
26.450       620
26.460       606
26.470       606
26.480       713
26.490       533
26.500       626
26.510       613
26.520       646
26.530       613
26.540       526
26.550       553
26.560       586
26.570       580
26.580       600
26.590       586
26.600       566
26.610       646
26.620       520
26.630       573
26.640       620
26.650       660
26.660       493
26.670       560
26.680       600
26.690       533
26.700       593
26.710       626
26.720       566
26.730       640
26.740       560
26.750       560
26.760       433
26.770       620
26.780       440
26.790       466
26.800       480
26.810       586
26.820       506
26.830       573
26.840       560
26.850       573
26.860       540
26.870       553
26.880       586
26.890       646
26.900       666
26.910       500
26.920       413
26.930       420
26.940       446
26.950       606
26.960       600
26.970       526
26.980       560
26.990       580
27.000       513
27.010       593
27.020       446
27.030       453
27.040       600
27.050       500
27.060       433
27.070       526
27.080       433
27.090       500
27.100       586
27.110       633
27.120       486
27.130       593
27.140       480
27.150       466
27.160       593
27.170       566
27.180       533
27.190       513
27.200       433
27.210       500
27.220       446
27.230       480
27.240       546
27.250       493
27.260       693
27.270       520
27.280       466
27.290       573
27.300       466
27.310       513
27.320       480
27.330       433
27.340       493
27.350       426
27.360       380
27.370       460
27.380       493
27.390       506
27.400       453
27.410       573
27.420       433
27.430       700
27.440       593
27.450       466
27.460       413
27.470       440
27.480       573
27.490       426
27.500       480
27.510       546
27.520       433
27.530       426
27.540       500
27.550       553
27.560       580
27.570       480
27.580       460
27.590       500
27.600       500
27.610       360
27.620       440
27.630       506
27.640       413
27.650       533
27.660       426
27.670       606
27.680       533
27.690       486
27.700       426
27.710       486
27.720       480
27.730       513
27.740       500
27.750       407
27.760       466
27.770       540
27.780       533
27.790       353
27.800       453
27.810       513
27.820       573
27.830       387
27.840       466
27.850       380
27.860       466
27.870       453
27.880       453
27.890       446
27.900       446
27.910       393
27.920       453
27.930       520
27.940       480
27.950       493
27.960       466
27.970       513
27.980       360
27.990       526
28.000       506
28.010       493
28.020       340
28.030       446
28.040       340
28.050       466
28.060       433
28.070       340
28.080       466
28.090       420
28.100       446
28.110       453
28.120       420
28.130       493
28.140       473
28.150       480
28.160       533
28.170       440
28.180       480
28.190       367
28.200       440
28.210       480
28.220       380
28.230       520
28.240       433
28.250       480
28.260       520
28.270       400
28.280       500
28.290       460
28.300       413
28.310       420
28.320       340
28.330       347
28.340       360
28.350       393
28.360       440
28.370       500
28.380       440
28.390       426
28.400       400
28.410       486
28.420       407
28.430       387
28.440       320
28.450       500
28.460       393
28.470       453
28.480       473
28.490       453
28.500       420
28.510       440
28.520       473
28.530       407
28.540       407
28.550       433
28.560       500
28.570       466
28.580       413
28.590       407
28.600       380
28.610       453
28.620       473
28.630       446
28.640       353
28.650       360
28.660       433
28.670       440
28.680       393
28.690       440
28.700       553
28.710       433
28.720       420
28.730       327
28.740       546
28.750       440
28.760       400
28.770       413
28.780       413
28.790       433
28.800       353
28.810       407
28.820       426
28.830       486
28.840       433
28.850       493
28.860       380
28.870       460
28.880       426
28.890       546
28.900       613
28.910       640
28.920       420
28.930       546
28.940       566
28.950       500
28.960       586
28.970       646
28.980       626
28.990       620
29.000       660
29.010       726
29.020       713
29.030       680
29.040       846
29.050       866
29.060       853
29.070       833
29.080       860
29.090       686
29.100       760
29.110       686
29.120       620
29.130       766
29.140       573
29.150       740
29.160       680
29.170       580
29.180       706
29.190       513
29.200       560
29.210       473
29.220       613
29.230       520
29.240       500
29.250       646
29.260       560
29.270       513
29.280       520
29.290       546
29.300       600
29.310       473
29.320       493
29.330       473
29.340       500
29.350       520
29.360       600
29.370       446
29.380       400
29.390       493
29.400       387
29.410       387
29.420       440
29.430       413
29.440       327
29.450       460
29.460       307
29.470       440
29.480       287
29.490       367
29.500       426
29.510       333
29.520       333
29.530       407
29.540       327
29.550       313
29.560       380
29.570       433
29.580       393
29.590       407
29.600       347
29.610       387
29.620       413
29.630       380
29.640       367
29.650       400
29.660       380
29.670       347
29.680       340
29.690       240
29.700       353
29.710       420
29.720       380
29.730       400
29.740       426
29.750       360
29.760       393
29.770       426
29.780       413
29.790       380
29.800       360
29.810       347
29.820       333
29.830       267
29.840       367
29.850       333
29.860       353
29.870       367
29.880       287
29.890       413
29.900       367
29.910       413
29.920       353
29.930       407
29.940       387
29.950       333
29.960       327
29.970       327
29.980       333
29.990       360
30.000       333
30.010       320
30.020       327
30.030       353
30.040       340
30.050       380
30.060       380
30.070       233
30.080       393
30.090       273
30.100       407
30.110       340
30.120       367
30.130       333
30.140       287
30.150       360
30.160       420
30.170       333
30.180       360
30.190       353
30.200       327
30.210       340
30.220       387
30.230       360
30.240       333
30.250       313
30.260       280
30.270       307
30.280       273
30.290       360
30.300       287
30.310       380
30.320       353
30.330       360
30.340       307
30.350       307
30.360       327
30.370       387
30.380       340
30.390       200
30.400       300
30.410       407
30.420       320
30.430       293
30.440       307
30.450       353
30.460       347
30.470       373
30.480       340
30.490       260
30.500       240
30.510       333
30.520       367
30.530       393
30.540       440
30.550       313
30.560       300
30.570       307
30.580       327
30.590       280
30.600       273
30.610       367
30.620       400
30.630       307
30.640       280
30.650       367
30.660       333
30.670       287
30.680       320
30.690       307
30.700       287
30.710       267
30.720       333
30.730       340
30.740       353
30.750       280
30.760       240
30.770       340
30.780       333
30.790       287
30.800       293
30.810       267
30.820       407
30.830       287
30.840       313
30.850       260
30.860       347
30.870       313
30.880       313
30.890       247
30.900       313
30.910       307
30.920       227
30.930       373
30.940       307
30.950       566
30.960       480
30.970       300
30.980       367
30.990       367
31.000       440
31.010       460
31.020       400
31.030       446
31.040       373
31.050       473
31.060       460
31.070       660
31.080       520
31.090       433
31.100       520
31.110       546
31.120       533
31.130       773
31.140       686
31.150       686
31.160       746
31.170       706
31.180       626
31.190       766
31.200       620
31.210       566
31.220       640
31.230       686
31.240       640
31.250       693
31.260       433
31.270       513
31.280       426
31.290       560
31.300       433
31.310       426
31.320       373
31.330       340
31.340       353
31.350       287
31.360       373
31.370       260
31.380       253
31.390       367
31.400       307
31.410       233
31.420       253
31.430       247
31.440       307
31.450       280
31.460       327
31.470       193
31.480       287
31.490       327
31.500       293
31.510       253
31.520       253
31.530       300
31.540       207
31.550       313
31.560       287
31.570       240
31.580       327
31.590       273
31.600       227
31.610       207
31.620       207
31.630       260
31.640       207
31.650       287
31.660       293
31.670       227
31.680       260
31.690       247
31.700       300
31.710       253
31.720       207
31.730       287
31.740       247
31.750       253
31.760       300
31.770       280
31.780       253
31.790       320
31.800       260
31.810       253
31.820       233
31.830       273
31.840       207
31.850       253
31.860       267
31.870       240
31.880       267
31.890       287
31.900       247
31.910       273
31.920       240
31.930       247
31.940       267
31.950       227
31.960       360
31.970       267
31.980       233
31.990       253
32.000       187
32.010       273
32.020       273
32.030       220
32.040       267
32.050       173
32.060       220
32.070       187
32.080       187
32.090       253
32.100       227
32.110       313
32.120       240
32.130       173
32.140       173
32.150       287
32.160       307
32.170       213
32.180       207
32.190       267
32.200       220
32.210       227
32.220       233
32.230       287
32.240       260
32.250       260
32.260       220
32.270       307
32.280       280
32.290       287
32.300       280
32.310       220
32.320       180
32.330       220
32.340       293
32.350       293
32.360       193
32.370       273
32.380       167
32.390       273
32.400       220
32.410       273
32.420       193
32.430       240
32.440       193
32.450       220
32.460       167
32.470       207
32.480       213
32.490       260
32.500       220
32.510       213
32.520       220
32.530       260
32.540       173
32.550       187
32.560       200
32.570       233
32.580       260
32.590       207
32.600       213
32.610       280
32.620       213
32.630       207
32.640       167
32.650       260
32.660       367
32.670       147
32.680       167
32.690       160
32.700       240
32.710       200
32.720       180
32.730       207
32.740       180
32.750       300
32.760       207
32.770       200
32.780       227
32.790       193
32.800       253
32.810       167
32.820       227
32.830       200
32.840       247
32.850       220
32.860       147
32.870       213
32.880       160
32.890       167
32.900       213
32.910       227
32.920       160
32.930       227
32.940       220
32.950       187
32.960       260
32.970       147
32.980       220
32.990       220
33.000       193
33.010       187
33.020       240
33.030       120
33.040       207
33.050       180
33.060       120
33.070       180
33.080       200
33.090       227
33.100       227
33.110       147
33.120       187
33.130       193
33.140       213
33.150       247
33.160       200
33.170       213
33.180       193
33.190       207
33.200       133
33.210       127
33.220       147
33.230       227
33.240       220
33.250       240
33.260       167
33.270       180
33.280       220
33.290       213
33.300       213
33.310       213
33.320       227
33.330       180
33.340       227
33.350       213
33.360       253
33.370       180
33.380       207
33.390       173
33.400       220
33.410       213
33.420       207
33.430       193
33.440       153
33.450       200
33.460       160
33.470       200
33.480       200
33.490       193
33.500       160
33.510       247
33.520       247
33.530       240
33.540       140
33.550       120
33.560       200
33.570       200
33.580       213
33.590       127
33.600       267
33.610       173
33.620       207
33.630       153
33.640       213
33.650       187
33.660       127
33.670       207
33.680       180
33.690       213
33.700       173
33.710       167
33.720       213
33.730       167
33.740       200
33.750       213
33.760       227
33.770       187
33.780       107
33.790       120
33.800        93
33.810       213
33.820       173
33.830       167
33.840       160
33.850       127
33.860       227
33.870       173
33.880       227
33.890       173
33.900       167
33.910       280
33.920       193
33.930       160
33.940       240
33.950       127
33.960       200
33.970       260
33.980       147
33.990        93
34.000       220
34.010       160
34.020       173
34.030       120
34.040       140
34.050       160
34.060       133
34.070       127
34.080       153
34.090       180
34.100       160
34.110       167
34.120       113
34.130       220
34.140       147
34.150       100
34.160       187
34.170       140
34.180       193
34.190       153
34.200       173
34.210       180
34.220       187
34.230       193
34.240       173
34.250       187
34.260       113
34.270       187
34.280       153
34.290       120
34.300       173
34.310       140
34.320       173
34.330       200
34.340       233
34.350       153
34.360       193
34.370       193
34.380       193
34.390       180
34.400       173
34.410       180
34.420       160
34.430       140
34.440       193
34.450       160
34.460       127
34.470       160
34.480       153
34.490       147
34.500       147
34.510       153
34.520       120
34.530       173
34.540       213
34.550       200
34.560       140
34.570       167
34.580       107
34.590       127
34.600       160
34.610       153
34.620       247
34.630       213
34.640       267
34.650       187
34.660       193
34.670       173
34.680       160
34.690       220
34.700       193
34.710       160
34.720       153
34.730       180
34.740       160
34.750       187
34.760       160
34.770       147
34.780       140
34.790       180
34.800       200
34.810       107
34.820       160
34.830       180
34.840       193
34.850       167
34.860       187
34.870       193
34.880       213
34.890       213
34.900       127
34.910       187
34.920       127
34.930       113
34.940       187
34.950       147
34.960       153
34.970       120
34.980       127
34.990       160
35.000       147
35.010       113
35.020       147
35.030       153
35.040        93
35.050       173
35.060       160
35.070       173
35.080       207
35.090       140
35.100       107
35.110       173
35.120       173
35.130       160
35.140       107
35.150       193
35.160       140
35.170       100
35.180       147
35.190       133
35.200       107
35.210       220
35.220       220
35.230       233
35.240       127
35.250       153
35.260       167
35.270       200
35.280       147
35.290       227
35.300       160
35.310       153
35.320       173
35.330       153
35.340       127
35.350       140
35.360       167
35.370       187
35.380        73
35.390       160
35.400       140
35.410       133
35.420       207
35.430       200
35.440       113
35.450       160
35.460       213
35.470       147
35.480       173
35.490       173
35.500       140
35.510       193
35.520       220
35.530       200
35.540       220
35.550       220
35.560       160
35.570       213
35.580       207
35.590       207
35.600       233
35.610       200
35.620       233
35.630       260
35.640       267
35.650       233
35.660       233
35.670       187
35.680       253
35.690       227
35.700       193
35.710       233
35.720       220
35.730       160
35.740       193
35.750       220
35.760       280
35.770       260
35.780       173
35.790       220
35.800       153
35.810       127
35.820       247
35.830       167
35.840       220
35.850       187
35.860       187
35.870       180
35.880       167
35.890        93
35.900       140
35.910       153
35.920       200
35.930       173
35.940       153
35.950       180
35.960       173
35.970       173
35.980       127
35.990       140
36.000       173
36.010       193
36.020       160
36.030       147
36.040       173
36.050       173
36.060       187
36.070       193
36.080       120
36.090       193
36.100       113
36.110       147
36.120       113
36.130       113
36.140       127
36.150       153
36.160       193
36.170       140
36.180       220
36.190       207
36.200       120
36.210       153
36.220       207
36.230       127
36.240       153
36.250       140
36.260       160
36.270       107
36.280       180
36.290       167
36.300       173
36.310        80
36.320       153
36.330       173
36.340       127
36.350       140
36.360       120
36.370       227
36.380       167
36.390       147
36.400       233
36.410       140
36.420       140
36.430       113
36.440       127
36.450       167
36.460       140
36.470       107
36.480       133
36.490       120
36.500       127
36.510        87
36.520       147
36.530       167
36.540       127
36.550       120
36.560       180
36.570       193
36.580       160
36.590       100
36.600       153
36.610       153
36.620       100
36.630       180
36.640       153
36.650       153
36.660       167
36.670       100
36.680       160
36.690        93
36.700       120
36.710       160
36.720        93
36.730       153
36.740       127
36.750       133
36.760       160
36.770       100
36.780       140
36.790       100
36.800       160
36.810       133
36.820       113
36.830       133
36.840       147
36.850       127
36.860       120
36.870       193
36.880       120
36.890        80
36.900       193
36.910       153
36.920       160
36.930       153
36.940       173
36.950       147
36.960       140
36.970       133
36.980       107
36.990        73
37.000       140
37.010       160
37.020       147
37.030       133
37.040       133
37.050       200
37.060       167
37.070       167
37.080       160
37.090       120
37.100       100
37.110       133
37.120       160
37.130       147
37.140       107
37.150       160
37.160       193
37.170       167
37.180       107
37.190       140
37.200       180
37.210       100
37.220       127
37.230       127
37.240       133
37.250       213
37.260       107
37.270       193
37.280       187
37.290       113
37.300       133
37.310       127
37.320       180
37.330       113
37.340       140
37.350       127
37.360       100
37.370       140
37.380       147
37.390       147
37.400       167
37.410       127
37.420       173
37.430       147
37.440       167
37.450       107
37.460       187
37.470       120
37.480       140
37.490       140
37.500        93
37.510       167
37.520       107
37.530        80
37.540        93
37.550       107
37.560       140
37.570       160
37.580       160
37.590       153
37.600       107
37.610       153
37.620       187
37.630       133
37.640       133
37.650       120
37.660       140
37.670       140
37.680       160
37.690       107
37.700        93
37.710       100
37.720       127
37.730       140
37.740       120
37.750       107
37.760       187
37.770        80
37.780       167
37.790        60
37.800       187
37.810       133
37.820       100
37.830       120
37.840       107
37.850       153
37.860       100
37.870       167
37.880       133
37.890       133
37.900       113
37.910       153
37.920       160
37.930       213
37.940       107
37.950       127
37.960       113
37.970       120
37.980       140
37.990       127
38.000       213
38.010       167
38.020       173
38.030       167
38.040       127
38.050       153
38.060       147
38.070       107
38.080       120
38.090       147
38.100       153
38.110       180
38.120       147
38.130       207
38.140       127
38.150       120
38.160        67
38.170       173
38.180       113
38.190       160
38.200       187
38.210       167
38.220       220
38.230        93
38.240       100
38.250       120
38.260       160
38.270       173
38.280       127
38.290       160
38.300        93
38.310       207
38.320       147
38.330       107
38.340       153
38.350       133
38.360       107
38.370       167
38.380       100
38.390        87
38.400       127
38.410       140
38.420       193
38.430       140
38.440       153
38.450       147
38.460       173
38.470       200
38.480       133
38.490       167
38.500       153
38.510       173
38.520       147
38.530       153
38.540       147
38.550       127
38.560       127
38.570       147
38.580       113
38.590       207
38.600       147
38.610       160
38.620       173
38.630       100
38.640       100
38.650       160
38.660       113
38.670       147
38.680       153
38.690       193
38.700       127
38.710       167
38.720       127
38.730       180
38.740       120
38.750       147
38.760       147
38.770       153
38.780       167
38.790       187
38.800       107
38.810       127
38.820       160
38.830       147
38.840       127
38.850       120
38.860       167
38.870       113
38.880       180
38.890       107
38.900       153
38.910       193
38.920       140
38.930       127
38.940       127
38.950       153
38.960       200
38.970       147
38.980       200
38.990       193
39.000       160
39.010       213
39.020       133
39.030       233
39.040       233
39.050       160
39.060       220
39.070       173
39.080       240
39.090       273
39.100       233
39.110       307
39.120       233
39.130       253
39.140       193
39.150       193
39.160       180
39.170       193
39.180       153
39.190       247
39.200       220
39.210       220
39.220       220
39.230       193
39.240       220
39.250       153
39.260       200
39.270       187
39.280       180
39.290       140
39.300       160
39.310       227
39.320       120
39.330       187
39.340       113
39.350       167
39.360       213
39.370       147
39.380       233
39.390       193
39.400       173
39.410       173
39.420       160
39.430       120
39.440       200
39.450       227
39.460       140
39.470       187
39.480       193
39.490       140
39.500       133
39.510       153
39.520       180
39.530       153
39.540        87
39.550       173
39.560       160
39.570       267
39.580       187
39.590       173
39.600       253
39.610       247
39.620       287
39.630       333
39.640       327
39.650       413
39.660       367
39.670       446
39.680       466
39.690       520
39.700       706
39.710       646
39.720       693
39.730       740
39.740       873
39.750       900
39.760      1066
39.770       873
39.780      1046
39.790       920
39.800      1046
39.810      1046
39.820      1020
39.830       993
39.840      1020
39.850       960
39.860       873
39.870       946
39.880       706
39.890       746
39.900       733
39.910       660
39.920       546
39.930       580
39.940       553
39.950       546
39.960       466
39.970       433
39.980       407
39.990       307
40.000       233
40.010       213
40.020       267
40.030       220
40.040       153
40.050       227
40.060       260
40.070       293
40.080       207
40.090       140
40.100       147
40.110       167
40.120       167
40.130       153
40.140       193
40.150       207
40.160       153
40.170       140
40.180       133
40.190       153
40.200       140
40.210       160
40.220       153
40.230       147
40.240        87
40.250       160
40.260       133
40.270       107
40.280       120
40.290       107
40.300       100
40.310       127
40.320       133
40.330       127
40.340       140
40.350       120
40.360       147
40.370       153
40.380        93
40.390       167
40.400        80
40.410        93
40.420       107
40.430       107
40.440        80
40.450        73
40.460        87
40.470        93
40.480       113
40.490       100
40.500       100
40.510       107
40.520       120
40.530        87
40.540       113
40.550       100
40.560       107
40.570        80
40.580       133
40.590        93
40.600        93
40.610       113
40.620       113
40.630        87
40.640       100
40.650       120
40.660        93
40.670       173
40.680        93
40.690        87
40.700       147
40.710       107
40.720        80
40.730        93
40.740       140
40.750        80
40.760        67
40.770       100
40.780       113
40.790        93
40.800       120
40.810       140
40.820       113
40.830        93
40.840       133
40.850        73
40.860       100
40.870        87
40.880       120
40.890       133
40.900        87
40.910       127
40.920        93
40.930       100
40.940       107
40.950       120
40.960       120
40.970        93
40.980        47
40.990       120
41.000       120
41.010        80
41.020        73
41.030        67
41.040       100
41.050       153
41.060       113
41.070        73
41.080       107
41.090       160
41.100        87
41.110       113
41.120        93
41.130       100
41.140        93
41.150       107
41.160        87
41.170        53
41.180        87
41.190        80
41.200       107
41.210        67
41.220       113
41.230       127
41.240       133
41.250        87
41.260       120
41.270       107
41.280        87
41.290       113
41.300       113
41.310       107
41.320       100
41.330       100
41.340       153
41.350        80
41.360       100
41.370        93
41.380       113
41.390        73
41.400       133
41.410       140
41.420        60
41.430       120
41.440       147
41.450       140
41.460       113
41.470        53
41.480        87
41.490        80
41.500       107
41.510        87
41.520       113
41.530       133
41.540        67
41.550       113
41.560       153
41.570       213
41.580       147
41.590       160
41.600       127
41.610        80
41.620       140
41.630       100
41.640       140
41.650       107
41.660       113
41.670       120
41.680       153
41.690        73
41.700        53
41.710        93
41.720       107
41.730       113
41.740       113
41.750        73
41.760        93
41.770        80
41.780        87
41.790       133
41.800       107
41.810       113
41.820       107
41.830        87
41.840        87
41.850       100
41.860        93
41.870        93
41.880       107
41.890       120
41.900       100
41.910        80
41.920       133
41.930       100
41.940       100
41.950        80
41.960        67
41.970       120
41.980       107
41.990       100
42.000       133
42.010        73
42.020        80
42.030       100
42.040        93
42.050        87
42.060       133
42.070       113
42.080       120
42.090        93
42.100        60
42.110        93
42.120        67
42.130       100
42.140       107
42.150       107
42.160        87
42.170        53
42.180        73
42.190       127
42.200       107
42.210       107
42.220       100
42.230        67
42.240       120
42.250       100
42.260        93
42.270       133
42.280       100
42.290       107
42.300        73
42.310        67
42.320        73
42.330        67
42.340        73
42.350       147
42.360       113
42.370       127
42.380       100
42.390       147
42.400       107
42.410        40
42.420       147
42.430        60
42.440       107
42.450       133
42.460       120
42.470       133
42.480       133
42.490       133
42.500        87
42.510        67
42.520        87
42.530       100
42.540        93
42.550        60
42.560       100
42.570       107
42.580       133
42.590        80
42.600        80
42.610        87
42.620       113
42.630        87
42.640       113
42.650        73
42.660       100
42.670       160
42.680       100
42.690       120
42.700       153
42.710       113
42.720       160
42.730       147
42.740       147
42.750       140
42.760       127
42.770       140
42.780       173
42.790       240
42.800       173
42.810       127
42.820        93
42.830       160
42.840       200
42.850       167
42.860       153
42.870       193
42.880       120
42.890       187
42.900       173
42.910       173
42.920       193
42.930       127
42.940       167
42.950       120
42.960       120
42.970       140
42.980       133
42.990       113
43.000       113
43.010       113
43.020       173
43.030       113
43.040       160
43.050       113
43.060        80
43.070       100
43.080       113
43.090       160
43.100        87
43.110       167
43.120       127
43.130       200
43.140       120
43.150       127
43.160       100
43.170       107
43.180       113
43.190       107
43.200        87
43.210       113
43.220       100
43.230       100
43.240        73
43.250       160
43.260        80
43.270       133
43.280       113
43.290       107
43.300       107
43.310        53
43.320       107
43.330       127
43.340       100
43.350        80
43.360       120
43.370        93
43.380        87
43.390        93
43.400       133
43.410        67
43.420        87
43.430        93
43.440       107
43.450        93
43.460       107
43.470        80
43.480        47
43.490       107
43.500        67
43.510       133
43.520        73
43.530       100
43.540       100
43.550        60
43.560       100
43.570        60
43.580        87
43.590        73
43.600        73
43.610        73
43.620        67
43.630       107
43.640        60
43.650        73
43.660        53
43.670       140
43.680        73
43.690       120
43.700        87
43.710        93
43.720        60
43.730       100
43.740       100
43.750       127
43.760        73
43.770        67
43.780       120
43.790        80
43.800        87
43.810       113
43.820       100
43.830       120
43.840        87
43.850        73
43.860        87
43.870        60
43.880        60
43.890        87
43.900       113
43.910        67
43.920        33
43.930        53
43.940       107
43.950        93
43.960       140
43.970       140
43.980       140
43.990        87
44.000        67
44.010       113
44.020        53
44.030        47
44.040        73
44.050       100
44.060        80
44.070        93
44.080        73
44.090       113
44.100        87
44.110        73
44.120       127
44.130       120
44.140       140
44.150        87
44.160        87
44.170        87
44.180        73
44.190       100
44.200        87
44.210       133
44.220        73
44.230       113
44.240        67
44.250       140
44.260       153
44.270        67
44.280       100
44.290       133
44.300       113
44.310       113
44.320       100
44.330       127
44.340       100
44.350       127
44.360       107
44.370       147
44.380       160
44.390       127
44.400       133
44.410       107
44.420       167
44.430       120
44.440       140
44.450       160
44.460       153
44.470       113
44.480       147
44.490       213
44.500       127
44.510       193
44.520       160
44.530       167
44.540       180
44.550       153
44.560       173
44.570       213
44.580       160
44.590       187
44.600       200
44.610       193
44.620       187
44.630       173
44.640       200
44.650       207
44.660       173
44.670       193
44.680       287
44.690       247
44.700       227
44.710       300
44.720       233
44.730       173
44.740       260
44.750       167
44.760       213
44.770       153
44.780       247
44.790       200
44.800       200
44.810       220
44.820       160
44.830       160
44.840       233
44.850       187
44.860       160
44.870       147
44.880       180
44.890       167
44.900       207
44.910       200
44.920       153
44.930       173
44.940       213
44.950       173
44.960       140
44.970       193
44.980       120
44.990       133
45.000       140
45.010       193
45.020       133
45.030       173
45.040       167
45.050        80
45.060       213
45.070       153
45.080       153
45.090       167
45.100       227
45.110       240
45.120       187
45.130       153
45.140       113
45.150       247
45.160       153
45.170       173
45.180       167
45.190       160
45.200       187
45.210       173
45.220       153
45.230       113
45.240       107
45.250       147
45.260       107
45.270       240
45.280       187
45.290       167
45.300       207
45.310       107
45.320       153
45.330       120
45.340       120
45.350       147
45.360       120
45.370       140
45.380       113
45.390       100
45.400        60
45.410       127
45.420       167
45.430       127
45.440       140
45.450       120
45.460       133
45.470       173
45.480       107
45.490       133
45.500       213
45.510       120
45.520        93
45.530       153
45.540       107
45.550       180
45.560       167
45.570       153
45.580       193
45.590       193
45.600       113
45.610       180
45.620       127
45.630       107
45.640       167
45.650       173
45.660       160
45.670       140
45.680       147
45.690       247
45.700       220
45.710       207
45.720       220
45.730       100
45.740       240
45.750       193
45.760       180
45.770       133
45.780       193
45.790       240
45.800       187
45.810       160
45.820       193
45.830       240
45.840       240
45.850       207
45.860       200
45.870       233
45.880       207
45.890       253
45.900       313
45.910       347
45.920       367
45.930       287
45.940       333
45.950       333
45.960       360
45.970       373
45.980       373
45.990       466
46.000       513
46.010       413
46.020       560
46.030       580
46.040       620
46.050       593
46.060       666
46.070       666
46.080       926
46.090       920
46.100      1073
46.110      1033
46.120      1126
46.130      1226
46.140      1619
46.150      1606
46.160      1699
46.170      2026
46.180      2232
46.190      2346
46.200      2832
46.210      3085
46.220      3325
46.230      3299
46.240      3845
46.250      4045
46.260      4365
46.270      4152
46.280      4385
46.290      4631
46.300      4198
46.310      4285
46.320      4138
46.330      4185
46.340      3772
46.350      3858
46.360      3585
46.370      3499
46.380      3705
46.390      3379
46.400      2952
46.410      2866
46.420      2759
46.430      2559
46.440      2392
46.450      2166
46.460      2039
46.470      1946
46.480      1659
46.490      1306
46.500      1459
46.510      1273
46.520      1046
46.530      1033
46.540       840
46.550       773
46.560       780
46.570       553
46.580       673
46.590       433
46.600       626
46.610       486
46.620       420
46.630       473
46.640       407
46.650       420
46.660       340
46.670       393
46.680       387
46.690       380
46.700       207
46.710       373
46.720       200
46.730       360
46.740       253
46.750       273
46.760       213
46.770       287
46.780       247
46.790       260
46.800       227
46.810       300
46.820       253
46.830       367
46.840       213
46.850       293
46.860       260
46.870       240
46.880       253
46.890       193
46.900       307
46.910       200
46.920       253
46.930       267
46.940       173
46.950       247
46.960       213
46.970       287
46.980       273
46.990       227
47.000       300
47.010       173
47.020       173
47.030       340
47.040       307
47.050       300
47.060       347
47.070       333
47.080       340
47.090       300
47.100       420
47.110       480
47.120       533
47.130       646
47.140       826
47.150      1053
47.160      1160
47.170      1386
47.180      1459
47.190      1513
47.200      1553
47.210      1273
47.220      1259
47.230      1053
47.240       806
47.250       513
47.260       446
47.270       400
47.280       407
47.290       373
47.300       293
47.310       293
47.320       400
47.330       313
47.340       227
47.350       240
47.360       227
47.370       247
47.380       213
47.390       273
47.400       280
47.410       187
47.420       233
47.430       167
47.440       173
47.450       260
47.460       233
47.470       227
47.480       220
47.490       160
47.500       260
47.510       207
47.520       273
47.530       207
47.540       187
47.550       107
47.560       193
47.570       127
47.580       200
47.590       200
47.600       147
47.610       127
47.620       147
47.630       140
47.640       153
47.650       107
47.660       167
47.670       180
47.680       153
47.690       140
47.700       127
47.710       113
47.720       127
47.730        80
47.740       167
47.750       153
47.760       140
47.770       153
47.780       160
47.790       180
47.800       127
47.810       147
47.820       173
47.830       167
47.840       107
47.850       200
47.860       140
47.870       113
47.880       153
47.890       160
47.900        80
47.910       100
47.920       173
47.930       120
47.940       153
47.950       113
47.960       187
47.970       160
47.980       113
47.990       160
48.000       120
48.010       167
48.020       160
48.030       120
48.040       120
48.050       120
48.060       193
48.070       100
48.080       133
48.090       147
48.100       167
48.110       187
48.120       147
48.130       173
48.140       193
48.150       267
48.160       280
48.170       227
48.180       253
48.190       213
48.200       220
48.210       200
48.220       167
48.230       200
48.240       227
48.250       293
48.260       187
48.270       187
48.280       240
48.290       187
48.300       220
48.310       160
48.320       140
48.330       120
48.340       213
48.350       127
48.360       187
48.370       247
48.380       200
48.390       227
48.400       173
48.410       147
48.420       147
48.430       167
48.440       193
48.450       133
48.460        93
48.470       220
48.480       153
48.490       120
48.500       100
48.510       100
48.520       140
48.530       140
48.540       140
48.550       113
48.560       147
48.570       127
48.580       147
48.590       160
48.600        93
48.610       127
48.620       113
48.630       113
48.640       113
48.650       120
48.660       100
48.670       113
48.680       140
48.690       100
48.700       107
48.710        53
48.720        93
48.730       107
48.740       127
48.750       127
48.760       107
48.770        93
48.780       113
48.790       107
48.800       133
48.810        93
48.820       100
48.830       113
48.840        73
48.850       107
48.860       100
48.870       153
48.880        87
48.890       127
48.900       100
48.910        93
48.920       147
48.930        87
48.940       107
48.950       113
48.960       127
48.970        67
48.980        73
48.990       127
49.000       100
49.010        80
49.020       100
49.030       100
49.040        53
49.050       107
49.060       100
49.070       120
49.080        60
49.090       100
49.100       120
49.110       100
49.120        67
49.130        87
49.140       140
49.150        87
49.160        93
49.170        80
49.180        87
49.190       107
49.200       120
49.210        93
49.220       100
49.230        93
49.240        80
49.250       100
49.260        80
49.270       127
49.280        80
49.290        93
49.300       113
49.310       113
49.320        60
49.330        73
49.340       140
49.350       113
49.360       107
49.370       133
49.380        80
49.390       127
49.400        87
49.410       107
49.420       133
49.430       127
49.440        40
49.450        67
49.460       140
49.470       133
49.480        33
49.490        80
49.500        87
49.510        33
49.520        80
49.530        93
49.540        93
49.550        80
49.560        33
49.570        73
49.580        80
49.590       107
49.600       100
49.610       100
49.620       107
49.630        93
49.640        73
49.650       127
49.660       153
49.670        93
49.680       127
49.690        87
49.700       113
49.710        67
49.720        93
49.730       153
49.740       107
49.750        60
49.760       127
49.770       113
49.780        40
49.790        93
49.800       127
49.810       120
49.820        93
49.830        67
49.840        67
49.850       153
49.860        87
49.870       140
49.880        87
49.890       120
49.900       120
49.910        80
49.920       160
49.930        80
49.940       140
49.950       107
49.960        93
49.970        73
49.980        47
49.990        60
50.000        87
50.010       100
50.020        80
50.030       100
50.040        93
50.050        73
50.060        60
50.070        80
50.080        87
50.090       113
50.100       100
50.110       120
50.120       100
50.130       113
50.140       107
50.150        93
50.160       100
50.170       113
50.180        93
50.190       147
50.200       107
50.210       127
50.220        87
50.230       127
50.240       100
50.250        93
50.260       160
50.270       100
50.280       113
50.290       107
50.300       107
50.310        80
50.320        73
50.330       100
50.340       133
50.350        67
50.360       133
50.370       100
50.380        93
50.390        87
50.400        67
50.410       127
50.420       127
50.430       113
50.440       153
50.450       133
50.460        80
50.470        67
50.480       140
50.490       173
50.500        67
50.510        87
50.520        93
50.530       113
50.540       133
50.550        80
50.560        87
50.570       133
50.580       113
50.590       133
50.600       133
50.610       173
50.620       107
50.630       240
50.640       260
50.650       180
50.660       287
50.670       333
50.680       313
50.690       393
50.700       327
50.710       420
50.720       347
50.730       400
50.740       426
50.750       393
50.760       446
50.770       440
50.780       380
50.790       453
50.800       360
50.810       333
50.820       466
50.830       367
50.840       473
50.850       500
50.860       340
50.870       293
50.880       393
50.890       353
50.900       420
50.910       360
50.920       300
50.930       367
50.940       440
50.950       420
50.960       426
50.970       420
50.980       320
50.990       420
51.000       460
51.010       373
51.020       493
51.030       307
51.040       387
51.050       440
51.060       287
51.070       433
51.080       373
51.090       380
51.100       446
51.110       413
51.120       460
51.130       426
51.140       313
51.150       367
51.160       407
51.170       307
51.180       413
51.190       360
51.200       373
51.210       367
51.220       426
51.230       393
51.240       433
51.250       387
51.260       387
51.270       380
51.280       453
51.290       367
51.300       300
51.310       453
51.320       460
51.330       387
51.340       360
51.350       327
51.360       433
51.370       367
51.380       373
51.390       440
51.400       347
51.410       453
51.420       480
51.430       413
51.440       453
51.450       407
51.460       466
51.470       413
51.480       413
51.490       440
51.500       466
51.510       480
51.520       433
51.530       413
51.540       453
51.550       433
51.560       440
51.570       420
51.580       513
51.590       400
51.600       347
51.610       453
51.620       407
51.630       420
51.640       446
51.650       420
51.660       420
51.670       433
51.680       493
51.690       486
51.700       373
51.710       513
51.720       440
51.730       460
51.740       526
51.750       407
51.760       513
51.770       466
51.780       460
51.790       513
51.800       420
51.810       433
51.820       387
51.830       420
51.840       420
51.850       446
51.860       560
51.870       466
51.880       480
51.890       446
51.900       493
51.910       387
51.920       546
51.930       566
51.940       640
51.950       453
51.960       486
51.970       460
51.980       533
51.990       460
52.000       573
52.010       586
52.020       453
52.030       653
52.040       700
52.050       533
52.060       660
52.070       586
52.080       593
52.090       640
52.100       626
52.110       740
52.120       686
52.130       646
52.140       640
52.150       706
52.160       753
52.170       813
52.180       946
52.190       906
52.200       780
52.210       873
52.220      1093
52.230      1053
52.240      1180
52.250      1060
52.260      1346
52.270      1439
52.280      1559
52.290      1819
52.300      2266
52.310      2399
52.320      2759
52.330      2752
52.340      2872
52.350      2932
52.360      3432
52.370      3838
52.380      4245
52.390      4831
52.400      5258
52.410      5831
52.420      6831
52.430      7044
52.440      7684
52.450      8690
52.460      9336
52.470     11129
52.480     12275
52.490     14521
52.500     16867
52.510     20865
52.520     28169
52.530     43289
52.540     68499
52.550    100033
52.560    126396
52.570    148014
52.580    154778
52.590    158123
52.600    151599
52.610    132634
52.620    104585
52.630     75656
52.640     50453
52.650     37698
52.660     32540
52.670     35426
52.680     47154
52.690     60856
52.700     75723
52.710     85399
52.720     91897
52.730     91110
52.740     86805
52.750     76063
52.760     59176
52.770     40191
52.780     25736
52.790     17280
52.800     12422
52.810      9396
52.820      8043
52.830      7104
52.840      6297
52.850      5744
52.860      5351
52.870      4651
52.880      4072
52.890      3519
52.900      3225
52.910      2499
52.920      2406
52.930      1893
52.940      1726
52.950      1473
52.960      1433
52.970      1559
52.980      1253
52.990      1133
53.000      1286
53.010      1333
53.020       900
53.030      1100
53.040      1020
53.050       966
53.060      1133
53.070      1000
53.080       846
53.090       946
53.100       806
53.110       773
53.120       833
53.130       726
53.140       726
53.150       693
53.160       686
53.170       560
53.180       720
53.190       700
53.200       680
53.210       633
53.220       573
53.230       653
53.240       706
53.250       680
53.260       686
53.270       600
53.280       506
53.290       593
53.300       626
53.310       580
53.320       566
53.330       573
53.340       373
53.350       486
53.360       520
53.370       580
53.380       560
53.390       500
53.400       553
53.410       420
53.420       420
53.430       466
53.440       513
53.450       520
53.460       513
53.470       347
53.480       413
53.490       500
53.500       313
53.510       473
53.520       460
53.530       380
53.540       387
53.550       546
53.560       500
53.570       420
53.580       413
53.590       526
53.600       540
53.610       486
53.620       433
53.630       446
53.640       373
53.650       393
53.660       420
53.670       353
53.680       393
53.690       446
53.700       460
53.710       413
53.720       387
53.730       466
53.740       387
53.750       360
53.760       333
53.770       433
53.780       340
53.790       347
53.800       387
53.810       380
53.820       380
53.830       393
53.840       400
53.850       313
53.860       313
53.870       313
53.880       387
53.890       320
53.900       333
53.910       360
53.920       367
53.930       440
53.940       300
53.950       360
53.960       413
53.970       393
53.980       373
53.990       400
54.000       327
54.010       387
54.020       340
54.030       353
54.040       420
54.050       253
54.060       293
54.070       407
54.080       253
54.090       387
54.100       320
54.110       387
54.120       360
54.130       353
54.140       253
54.150       333
54.160       247
54.170       340
54.180       360
54.190       260
54.200       253
54.210       300
54.220       300
54.230       387
54.240       273
54.250       300
54.260       360
54.270       293
54.280       420
54.290       347
54.300       433
54.310       333
54.320       280
54.330       260
54.340       426
54.350       353
54.360       207
54.370       320
54.380       340
54.390       293
54.400       273
54.410       307
54.420       353
54.430       353
54.440       347
54.450       200
54.460       313
54.470       400
54.480       227
54.490       353
54.500       387
54.510       307
54.520       267
54.530       233
54.540       260
54.550       307
54.560       387
54.570       200
54.580       273
54.590       327
54.600       273
54.610       280
54.620       293
54.630       360
54.640       273
54.650       347
54.660       340
54.670       347
54.680       387
54.690       207
54.700       373
54.710       280
54.720       307
54.730       300
54.740       280
54.750       167
54.760       287
54.770       320
54.780       340
54.790       207
54.800       320
54.810       320
54.820       347
54.830       300
54.840       273
54.850       293
54.860       267
54.870       347
54.880       340
54.890       320
54.900       327
54.910       247
54.920       213
54.930       313
54.940       280
54.950       287
54.960       340
54.970       400
54.980       267
54.990       340
55.000       267
55.010       240
55.020       287
55.030       287
55.040       253
55.050       307
55.060       273
55.070       313
55.080       160
55.090       380
55.100       267
55.110       240
55.120       360
55.130       280
55.140       340
55.150       213
55.160       247
55.170       293
55.180       233
55.190       233
55.200       207
55.210       227
55.220       247
55.230       247
55.240       240
55.250       280
55.260       273
55.270       227
55.280       260
55.290       260
55.300       400
55.310       233
55.320       207
55.330       273
55.340       260
55.350       313
55.360       267
55.370       227
55.380       333
55.390       213
55.400       320
55.410       260
55.420       293
55.430       353
55.440       420
55.450       293
55.460       320
55.470       260
55.480       273
55.490       327
55.500       253
55.510       313
55.520       287
55.530       327
55.540       373
55.550       327
55.560       240
55.570       273
55.580       353
55.590       273
55.600       313
55.610       280
55.620       313
55.630       240
55.640       293
55.650       233
55.660       287
55.670       260
55.680       240
55.690       313
55.700       260
55.710       307
55.720       307
55.730       267
55.740       307
55.750       240
55.760       220
55.770       273
55.780       220
55.790       307
55.800       220
55.810       273
55.820       293
55.830       293
55.840       313
55.850       327
55.860       233
55.870       253
55.880       300
55.890       227
55.900       247
55.910       227
55.920       240
55.930       207
55.940       327
55.950       207
55.960       200
55.970       193
55.980       253
55.990       287
56.000       260
56.010       240
56.020       213
56.030       227
56.040       307
56.050       220
56.060       207
56.070       313
56.080       267
56.090       300
56.100       253
56.110       160
56.120       287
56.130       220
56.140       220
56.150       180
56.160       220
56.170       247
56.180       213
56.190       180
56.200       273
56.210       327
56.220       293
56.230       207
56.240       200
56.250       273
56.260       313
56.270       227
56.280       273
56.290       253
56.300       207
56.310       313
56.320       293
56.330       267
56.340       260
56.350       213
56.360       213
56.370       200
56.380       207
56.390       267
56.400       193
56.410       253
56.420       253
56.430       260
56.440       267
56.450       253
56.460       227
56.470       227
56.480       287
56.490       207
56.500       233
56.510       267
56.520       220
56.530       200
56.540       227
56.550       260
56.560       253
56.570       173
56.580       273
56.590       213
56.600       227
56.610       200
56.620       287
56.630       260
56.640       207
56.650       220
56.660       227
56.670       213
56.680       233
56.690       240
56.700       273
56.710       187
56.720       193
56.730       240
56.740       213
56.750       193
56.760       207
56.770       253
56.780       213
56.790       287
56.800       260
56.810       247
56.820       187
56.830       200
56.840       200
56.850       160
56.860       187
56.870       220
56.880       260
56.890       280
56.900       233
56.910       293
56.920       247
56.930       253
56.940       207
56.950       187
56.960       247
56.970       207
56.980       220
56.990       227
57.000       220
57.010       233
57.020       193
57.030       280
57.040       293
57.050       253
57.060       247
57.070       333
57.080       207
57.090       220
57.100       247
57.110       213
57.120       287
57.130       300
57.140       260
57.150       273
57.160       327
57.170       200
57.180       260
57.190       267
57.200       220
57.210       300
57.220       240
57.230       193
57.240       173
57.250       267
57.260       193
57.270       180
57.280       220
57.290       207
57.300       233
57.310       240
57.320       227
57.330       247
57.340       213
57.350       200
57.360       207
57.370       247
57.380       147
57.390       213
57.400       193
57.410       127
57.420       227
57.430       180
57.440       247
57.450       200
57.460       193
57.470       240
57.480       193
57.490       213
57.500       207
57.510       120
57.520       227
57.530       173
57.540       207
57.550       160
57.560       207
57.570       200
57.580       173
57.590       187
57.600       207
57.610       213
57.620       193
57.630       173
57.640       193
57.650       167
57.660       213
57.670       173
57.680       167
57.690       233
57.700       240
57.710       153
57.720       207
57.730       127
57.740       207
57.750       233
57.760       233
57.770       167
57.780       220
57.790       260
57.800       200
57.810       220
57.820       247
57.830       180
57.840       200
57.850       200
57.860       173
57.870       140
57.880       273
57.890       187
57.900       173
57.910       187
57.920       213
57.930       180
57.940       167
57.950       160
57.960       173
57.970       240
57.980       233
57.990       127
58.000       140
58.010       187
58.020       160
58.030       160
58.040       200
58.050       233
58.060       167
58.070       167
58.080       147
58.090       133
58.100       220
58.110       173
58.120       213
58.130       140
58.140       120
58.150       240
58.160       207
58.170       220
58.180       147
58.190       160
58.200       187
58.210       207
58.220       173
58.230       120
58.240       207
58.250       167
58.260       180
58.270       180
58.280       173
58.290       153
58.300       127
58.310       240
58.320       167
58.330       153
58.340       193
58.350       127
58.360       207
58.370       133
58.380       167
58.390       173
58.400       133
58.410       160
58.420       160
58.430       213
58.440       133
58.450       180
58.460       180
58.470       147
58.480       147
58.490       127
58.500       200
58.510       220
58.520       113
58.530       160
58.540       173
58.550       107
58.560       200
58.570       240
58.580       100
58.590       127
58.600       200
58.610       107
58.620       147
58.630       180
58.640       133
58.650       140
58.660       207
58.670       200
58.680       193
58.690       133
58.700       173
58.710       160
58.720       140
58.730       147
58.740       127
58.750       180
58.760       173
58.770       200
58.780       180
58.790       193
58.800       193
58.810       167
58.820       187
58.830       193
58.840       193
58.850       113
58.860       140
58.870       113
58.880       193
58.890       153
58.900       187
58.910       153
58.920       173
58.930       160
58.940       200
58.950       167
58.960       147
58.970       173
58.980       147
58.990       100
59.000       173
59.010       193
59.020       113
59.030        93
59.040       113
59.050       153
59.060       160
59.070       207
59.080       187
59.090       200
59.100       153
59.110       153
59.120       187
59.130       127
59.140       147
59.150       113
59.160       173
59.170       120
59.180       147
59.190       147
59.200       107
59.210       200
59.220       180
59.230       153
59.240       107
59.250       160
59.260       200
59.270       200
59.280       267
59.290       153
59.300       267
59.310       167
59.320       153
59.330       173
59.340        73
59.350       113
59.360       160
59.370       220
59.380       153
59.390       153
59.400       100
59.410       133
59.420       167
59.430       153
59.440       153
59.450       180
59.460       147
59.470       193
59.480       167
59.490       187
59.500       207
59.510       187
59.520        93
59.530       207
59.540       147
59.550       140
59.560       180
59.570       133
59.580       193
59.590       193
59.600       253
59.610       133
59.620       140
59.630       120
59.640       133
59.650       227
59.660       187
59.670       127
59.680       187
59.690       200
59.700       127
59.710       180
59.720       140
59.730       233
59.740       100
59.750       167
59.760       167
59.770       193
59.780       173
59.790       220
59.800       200
59.810       133
59.820       140
59.830       193
59.840       160
59.850       187
59.860       113
59.870       153
59.880       147
59.890       200
59.900       140
59.910       207
59.920       187
59.930       153
59.940       167
59.950       167
59.960       153
59.970       147
59.980       147
59.990       173
60.000       107
60.010       107
60.020       180
60.030       193
60.040       133
60.050       127
60.060       133
60.070       227
60.080       127
60.090       193
60.100       180
60.110       160
60.120       220
60.130       167
60.140       167
60.150       140
60.160       180
60.170       180
60.180       187
60.190       147
60.200       127
60.210       133
60.220       200
60.230       160
60.240       160
60.250       180
60.260       207
60.270       193
60.280       173
60.290       187
60.300       187
60.310       207
60.320       173
60.330       187
60.340        93
60.350       213
60.360       140
60.370       120
60.380       193
60.390       127
60.400       193
60.410       153
60.420       207
60.430       193
60.440       160
60.450       193
60.460       233
60.470       147
60.480       240
60.490       280
60.500       167
60.510       220
60.520       160
60.530       267
60.540       187
60.550       133
60.560       187
60.570       213
60.580       187
60.590       213
60.600       120
60.610       133
60.620       213
60.630       193
60.640       167
60.650       167
60.660       180
60.670       227
60.680       193
60.690       140
60.700       140
60.710       140
60.720       153
60.730       147
60.740        47
60.750       233
60.760       233
60.770       227
60.780       147
60.790       120
60.800       160
60.810       160
60.820       113
60.830       140
60.840       187
60.850       160
60.860       213
60.870       113
60.880       140
60.890       133
60.900       187
60.910       133
60.920       113
60.930       193
60.940       200
60.950       193
60.960       207
60.970        73
60.980       133
60.990       147
61.000       127
61.010       120
61.020       107
61.030       133
61.040       147
61.050       167
61.060       107
61.070       193
61.080       153
61.090       120
61.100       133
61.110        93
61.120       180
61.130       153
61.140       133
61.150       147
61.160       133
61.170       127
61.180       140
61.190       187
61.200        93
61.210        87
61.220       193
61.230       133
61.240       140
61.250        93
61.260       187
61.270       140
61.280       140
61.290       220
61.300       193
61.310       153
61.320       160
61.330       173
61.340       187
61.350       140
61.360       133
61.370       113
61.380       140
61.390       133
61.400       107
61.410       107
61.420       193
61.430       120
61.440       127
61.450        80
61.460       173
61.470       127
61.480       140
61.490       107
61.500       200
61.510       100
61.520       140
61.530       200
61.540       120
61.550       153
61.560       167
61.570       133
61.580       140
61.590        87
61.600       160
61.610       173
61.620       120
61.630       140
61.640       140
61.650       213
61.660       147
61.670        87
61.680       120
61.690       160
61.700       127
61.710       133
61.720       113
61.730       107
61.740       107
61.750       140
61.760       173
61.770       160
61.780       107
61.790       113
61.800       113
61.810       100
61.820       147
61.830       160
61.840       140
61.850        93
61.860       193
61.870       193
61.880       160
61.890       153
61.900       147
61.910       133
61.920       133
61.930       160
61.940       147
61.950       133
61.960       140
61.970       167
61.980       107
61.990       113
62.000       120
62.010       153
62.020        87
62.030       153
62.040       133
62.050       133
62.060       153
62.070       140
62.080       167
62.090       193
62.100       187
62.110       127
62.120       200
62.130       153
62.140       167
62.150       127
62.160       120
62.170       107
62.180       153
62.190       113
62.200       127
62.210       153
62.220       160
62.230       147
62.240       120
62.250       127
62.260        73
62.270       113
62.280       160
62.290        87
62.300       147
62.310       173
62.320       173
62.330       107
62.340       127
62.350       147
62.360        80
62.370       140
62.380       180
62.390       153
62.400       160
62.410       147
62.420       127
62.430       127
62.440       140
62.450       153
62.460       113
62.470       113
62.480       140
62.490       100
62.500       140
62.510       107
62.520        93
62.530       180
62.540       133
62.550       133
62.560       180
62.570       113
62.580       127
62.590        80
62.600       173
62.610       153
62.620        80
62.630       180
62.640        80
62.650       107
62.660       107
62.670       127
62.680       100
62.690       100
62.700       193
62.710       120
62.720       140
62.730       127
62.740       160
62.750       173
62.760       160
62.770       127
62.780       140
62.790       140
62.800       127
62.810       233
62.820       160
62.830        87
62.840       120
62.850       127
62.860       127
62.870       140
62.880       133
62.890       153
62.900        93
62.910       120
62.920        80
62.930        80
62.940       160
62.950       120
62.960       107
62.970        87
62.980        93
62.990        93
63.000       160
63.010       153
63.020       133
63.030       127
63.040       127
63.050       107
63.060       113
63.070       153
63.080       113
63.090        87
63.100       200
63.110       147
63.120        60
63.130       147
63.140       173
63.150       160
63.160       153
63.170       133
63.180       127
63.190       113
63.200        87
63.210       133
63.220       120
63.230       140
63.240       127
63.250        93
63.260       180
63.270       160
63.280       153
63.290       167
63.300       167
63.310       113
63.320        67
63.330       147
63.340       167
63.350       120
63.360        93
63.370       120
63.380       127
63.390       120
63.400       107
63.410       140
63.420       120
63.430        87
63.440        60
63.450       133
63.460       107
63.470       100
63.480       187
63.490       100
63.500        93
63.510        87
63.520        93
63.530       107
63.540        73
63.550       100
63.560       113
63.570       113
63.580       133
63.590       100
63.600       133
63.610        73
63.620       133
63.630       153
63.640       147
63.650       100
63.660       133
63.670       107
63.680       120
63.690       113
63.700        80
63.710       140
63.720       133
63.730       120
63.740       113
63.750       107
63.760       120
63.770       153
63.780       147
63.790       153
63.800        73
63.810        87
63.820       127
63.830        80
63.840       120
63.850       113
63.860       133
63.870       160
63.880       113
63.890        93
63.900       107
63.910       107
63.920        73
63.930       127
63.940       113
63.950        60
63.960        93
63.970       133
63.980       133
63.990       113
64.000        93
64.010        73
64.020        93
64.030       100
64.040       113
64.050       107
64.060       120
64.070        80
64.080       100
64.090       107
64.100       100
64.110       160
64.120        87
64.130       100
64.140       100
64.150       127
64.160        93
64.170       140
64.180       140
64.190        80
64.200        87
64.210       120
64.220       100
64.230       100
64.240       100
64.250       167
64.260       100
64.270        73
64.280       127
64.290       120
64.300       107
64.310       127
64.320       167
64.330       167
64.340       127
64.350       140
64.360       107
64.370       160
64.380       113
64.390        93
64.400       120
64.410       147
64.420       100
64.430       107
64.440       133
64.450       113
64.460       120
64.470       100
64.480       113
64.490       167
64.500       127
64.510       100
64.520        93
64.530       127
64.540       127
64.550       100
64.560       147
64.570       147
64.580       107
64.590       113
64.600        80
64.610       160
64.620       180
64.630       100
64.640        93
64.650       147
64.660       147
64.670       147
64.680       100
64.690       100
64.700       140
64.710        93
64.720       127
64.730       160
64.740        67
64.750        60
64.760       100
64.770       100
64.780        80
64.790       107
64.800        60
64.810       107
64.820       173
64.830       107
64.840       193
64.850       147
64.860       153
64.870       127
64.880       120
64.890        73
64.900       127
64.910       160
64.920       140
64.930       107
64.940       153
64.950       133
64.960       173
64.970       167
64.980       107
64.990       127
65.000       140
65.010       167
65.020       133
65.030       187
65.040       120
65.050       180
65.060       113
65.070       207
65.080       153
65.090       120
65.100       153
65.110        93
65.120       140
65.130       153
65.140       113
65.150       160
65.160       140
65.170       160
65.180       180
65.190       187
65.200       127
65.210       213
65.220        93
65.230       113
65.240       133
65.250       147
65.260        73
65.270       120
65.280       147
65.290       127
65.300        53
65.310       160
65.320       153
65.330        93
65.340       133
65.350       100
65.360        80
65.370       133
65.380        87
65.390       167
65.400       127
65.410       113
65.420       160
65.430       113
65.440       113
65.450       100
65.460       107
65.470       140
65.480       167
65.490       120
65.500       133
65.510       147
65.520       120
65.530       107
65.540        93
65.550       140
65.560       140
65.570        87
65.580        87
65.590       160
65.600       193
65.610       100
65.620        60
65.630        73
65.640       107
65.650        93
65.660        93
65.670        47
65.680        87
65.690        73
65.700       107
65.710        80
65.720        53
65.730       113
65.740       147
65.750       107
65.760        80
65.770       113
65.780        67
65.790       127
65.800       133
65.810       127
65.820        87
65.830        80
65.840        60
65.850        87
65.860        80
65.870       100
65.880        87
65.890        93
65.900       120
65.910        80
65.920       100
65.930        93
65.940        93
65.950        73
65.960        67
65.970        93
65.980       127
65.990       120
66.000       120
66.010        60
66.020       120
66.030       100
66.040        73
66.050       100
66.060       100
66.070        87
66.080       113
66.090        80
66.100        73
66.110       100
66.120       133
66.130       100
66.140       127
66.150        93
66.160        40
66.170        60
66.180       113
66.190       120
66.200       113
66.210        80
66.220       120
66.230       133
66.240       113
66.250        80
66.260        93
66.270       120
66.280        80
66.290       120
66.300       107
66.310        47
66.320       133
66.330       160
66.340       107
66.350       140
66.360       187
66.370        80
66.380       140
66.390       107
66.400       100
66.410       113
66.420       127
66.430        80
66.440        73
66.450       120
66.460       120
66.470        87
66.480        93
66.490       140
66.500        93
66.510        73
66.520        87
66.530       107
66.540        80
66.550        93
66.560        87
66.570        80
66.580        73
66.590        60
66.600        73
66.610       113
66.620        40
66.630       100
66.640       113
66.650        67
66.660       107
66.670       100
66.680        73
66.690       113
66.700        60
66.710       107
66.720       107
66.730        80
66.740        93
66.750       113
66.760        80
66.770        93
66.780       113
66.790        67
66.800        33
66.810       100
66.820       127
66.830        87
66.840        93
66.850        93
66.860        67
66.870       100
66.880       113
66.890       100
66.900       113
66.910        33
66.920       120
66.930        53
66.940        93
66.950       100
66.960       100
66.970       113
66.980       113
66.990        87
67.000        87
67.010        80
67.020        73
67.030       100
67.040        73
67.050        93
67.060       100
67.070        80
67.080        87
67.090        93
67.100        73
67.110       113
67.120        67
67.130        60
67.140        73
67.150        87
67.160       107
67.170       147
67.180        60
67.190        87
67.200        80
67.210        93
67.220        87
67.230       140
67.240       120
67.250        53
67.260        80
67.270        87
67.280        53
67.290       120
67.300        60
67.310        80
67.320       140
67.330        53
67.340        67
67.350        93
67.360        67
67.370       113
67.380        60
67.390        67
67.400       107
67.410       100
67.420       100
67.430        80
67.440        67
67.450        60
67.460        87
67.470        40
67.480       107
67.490        87
67.500        87
67.510        80
67.520        53
67.530        80
67.540        80
67.550        80
67.560        87
67.570       100
67.580       107
67.590        67
67.600       153
67.610        93
67.620       140
67.630       187
67.640       133
67.650       153
67.660       113
67.670       120
67.680        87
67.690        80
67.700       140
67.710       100
67.720       120
67.730       153
67.740        73
67.750       100
67.760       127
67.770       153
67.780       100
67.790       127
67.800       153
67.810       113
67.820        73
67.830       100
67.840       100
67.850       100
67.860        67
67.870       100
67.880        80
67.890       113
67.900        73
67.910        67
67.920        93
67.930       113
67.940        67
67.950       120
67.960        73
67.970        53
67.980        73
67.990       113
68.000        47
68.010        93
68.020        87
68.030        67
68.040        73
68.050       107
68.060        73
68.070       113
68.080       107
68.090       127
68.100        80
68.110        73
68.120       100
68.130       140
68.140        67
68.150        73
68.160        80
68.170       120
68.180        73
68.190        67
68.200       107
68.210        73
68.220        67
68.230       120
68.240       120
68.250        13
68.260        60
68.270        53
68.280        80
68.290        60
68.300        47
68.310       120
68.320        93
68.330        87
68.340        53
68.350        87
68.360       107
68.370        80
68.380        67
68.390        53
68.400        47
68.410        80
68.420       113
68.430        60
68.440        53
68.450        47
68.460        73
68.470        60
68.480        80
68.490       140
68.500        73
68.510        60
68.520        80
68.530        93
68.540        47
68.550        93
68.560       100
68.570        80
68.580       100
68.590       120
68.600       120
68.610        67
68.620        73
68.630        87
68.640       107
68.650        60
68.660        80
68.670        87
68.680        93
68.690        87
68.700        60
68.710        73
68.720        80
68.730        87
68.740        87
68.750       133
68.760       107
68.770        80
68.780        67
68.790        80
68.800       140
68.810        73
68.820       107
68.830        87
68.840       133
68.850        80
68.860        73
68.870       113
68.880       107
68.890        93
68.900        87
68.910       107
68.920        67
68.930        73
68.940        80
68.950        87
68.960        87
68.970       100
68.980       120
68.990       100
69.000        80
69.010        93
69.020        93
69.030        67
69.040        73
69.050        93
69.060       127
69.070        80
69.080        73
69.090        53
69.100       100
69.110        80
69.120        80
69.130        87
69.140        60
69.150        80
69.160       140
69.170        80
69.180        73
69.190        67
69.200        93
69.210       107
69.220        73
69.230        87
69.240        87
69.250        93
69.260       107
69.270       100
69.280        67
69.290        87
69.300       100
69.310        67
69.320        67
69.330        53
69.340        60
69.350        67
69.360        27
69.370        80
69.380        93
69.390       113
69.400        87
69.410        67
69.420        33
69.430        47
69.440        87
69.450        67
69.460       107
69.470        67
69.480       120
69.490       100
69.500        53
69.510       120
69.520        87
69.530       153
69.540        67
69.550        60
69.560        67
69.570        93
69.580       107
69.590        87
69.600        67
69.610        60
69.620       107
69.630        80
69.640        80
69.650        80
69.660       120
69.670       147
69.680        87
69.690        67
69.700        93
69.710        93
69.720        80
69.730        87
69.740        73
69.750        73
69.760        67
69.770        87
69.780       140
69.790        73
69.800        53
69.810        80
69.820        87
69.830        80
69.840        73
69.850       140
69.860        47
69.870        93
69.880       100
69.890        60
69.900        73
69.910       107
69.920        87
69.930        93
69.940        80
69.950        93
69.960       133
69.970       160
69.980       107
69.990        87
70.000        60
70.010       127
70.020       147
70.030        93
70.040        87
70.050       100
70.060       133
70.070        80
70.080        73
70.090       173
70.100       107
70.110       113
70.120        80
70.130        60
70.140        87
70.150        47
70.160       100
70.170        80
70.180       107
70.190       140
70.200       153
70.210        53
70.220       100
70.230       140
70.240        53
70.250        80
70.260        87
70.270       100
70.280        73
70.290       120
70.300        80
70.310        73
70.320        67
70.330        33
70.340        80
70.350        40
70.360        67
70.370        33
70.380       107
70.390        13
70.400        53
70.410        53
70.420        93
70.430        80
70.440        67
70.450        33
70.460        60
70.470        87
70.480        53
70.490        80
70.500       100
70.510        27
70.520        73
70.530        47
70.540       107
70.550        67
70.560        60
70.570        60
70.580        40
70.590       120
70.600        80
70.610        93
70.620        40
70.630       107
70.640        87
70.650        87
70.660        33
70.670        87
70.680        60
70.690        60
70.700        87
70.710        53
70.720        87
70.730        93
70.740        87
70.750        73
70.760       127
70.770        53
70.780        53
70.790        53
70.800        87
70.810        33
70.820        47
70.830        67
70.840        87
70.850        73
70.860        73
70.870        40
70.880        47
70.890       107
70.900        73
70.910        80
70.920        40
70.930        93
70.940        67
70.950        60
70.960        93
70.970        53
70.980        40
70.990        87
71.000        73
71.010        33
71.020        87
71.030       100
71.040        40
71.050       120
71.060        80
71.070        27
71.080        67
71.090        93
71.100       100
71.110        27
71.120        47
71.130        60
71.140        67
71.150        73
71.160        53
71.170        73
71.180        60
71.190        27
71.200        60
71.210        80
71.220       100
71.230        87
71.240        33
71.250        87
71.260        80
71.270        80
71.280        47
71.290        40
71.300        47
71.310        60
71.320       100
71.330        67
71.340        53
71.350        60
71.360       107
71.370        93
71.380        53
71.390        80
71.400        67
71.410        47
71.420        53
71.430        67
71.440        53
71.450        67
71.460        40
71.470        80
71.480        60
71.490        67
71.500        53
71.510        67
71.520        67
71.530        87
71.540        60
71.550        67
71.560        53
71.570        73
71.580        40
71.590       113
71.600        73
71.610        60
71.620        53
71.630        73
71.640        73
71.650        40
71.660        60
71.670        80
71.680        80
71.690        40
71.700        60
71.710        53
71.720        60
71.730       120
71.740        87
71.750        60
71.760       133
71.770        60
71.780        73
71.790        87
71.800        67
71.810        73
71.820        40
71.830        73
71.840        60
71.850        73
71.860        27
71.870        60
71.880        60
71.890        93
71.900        80
71.910       107
71.920        67
71.930        93
71.940        60
71.950       107
71.960        80
71.970        53
71.980        93
71.990        53
72.000        40
72.010        60
72.020       100
72.030        67
72.040        67
72.050        40
72.060       107
72.070        80
72.080       120
72.090        87
72.100        93
72.110        73
72.120        60
72.130        67
72.140        33
72.150        60
72.160       113
72.170        67
72.180        53
72.190       107
72.200        87
72.210        60
72.220        87
72.230        53
72.240        33
72.250        73
72.260       180
72.270        67
72.280        80
72.290        53
72.300        60
72.310        80
72.320        87
72.330       100
72.340        60
72.350        80
72.360        47
72.370        93
72.380        47
72.390       100
72.400        73
72.410        73
72.420        67
72.430        67
72.440        93
72.450        73
72.460        73
72.470        60
72.480        80
72.490        93
72.500        93
72.510       107
72.520       107
72.530       107
72.540       113
72.550        87
72.560       113
72.570        67
72.580        47
72.590       113
72.600        53
72.610        73
72.620        67
72.630        67
72.640        40
72.650        80
72.660        80
72.670       100
72.680       107
72.690        80
72.700       107
72.710        87
72.720       100
72.730        80
72.740        80
72.750       107
72.760        80
72.770        67
72.780       133
72.790        47
72.800        73
72.810        67
72.820        87
72.830       107
72.840        53
72.850        80
72.860        60
72.870        53
72.880        93
72.890        53
72.900        93
72.910        33
72.920        40
72.930        73
72.940        73
72.950        53
72.960        80
72.970        67
72.980        60
72.990        80
73.000        87
73.010        93
73.020       100
73.030        87
73.040        93
73.050        47
73.060        40
73.070        53
73.080        73
73.090        33
73.100        93
73.110        27
73.120        93
73.130        60
73.140        53
73.150        80
73.160        53
73.170        73
73.180        60
73.190        93
73.200        60
73.210        67
73.220        67
73.230        53
73.240        67
73.250        40
73.260        53
73.270        93
73.280        53
73.290        93
73.300        40
73.310        53
73.320        73
73.330        47
73.340        40
73.350        53
73.360        87
73.370        87
73.380        60
73.390       100
73.400        60
73.410        67
73.420        47
73.430        33
73.440        53
73.450        67
73.460        40
73.470        80
73.480        93
73.490        47
73.500        47
73.510        67
73.520        53
73.530       107
73.540        67
73.550        80
73.560        53
73.570        73
73.580        80
73.590        80
73.600        60
73.610        67
73.620        53
73.630        47
73.640        60
73.650        53
73.660        67
73.670        80
73.680        80
73.690       113
73.700       113
73.710        87
73.720        87
73.730        73
73.740       107
73.750       100
73.760       167
73.770       140
73.780        80
73.790       133
73.800       147
73.810       153
73.820       107
73.830       100
73.840       100
73.850       113
73.860        80
73.870        47
73.880        93
73.890        93
73.900        93
73.910        73
73.920       107
73.930        93
73.940        53
73.950        87
73.960        73
73.970        53
73.980        73
73.990        47
74.000       107
74.010        47
74.020        40
74.030        60
74.040        73
74.050        67
74.060        93
74.070        67
74.080        87
74.090        73
74.100        60
74.110        93
74.120        53
74.130        40
74.140        53
74.150        47
74.160        33
74.170        60
74.180        60
74.190        53
74.200        40
74.210        80
74.220        80
74.230        67
74.240       107
74.250        60
74.260        73
74.270        67
74.280        53
74.290       100
74.300        40
74.310        40
74.320        67
74.330        60
74.340        53
74.350        80
74.360        40
74.370        67
74.380        73
74.390        53
74.400        53
74.410        47
74.420        53
74.430        60
74.440        80
74.450        60
74.460        87
74.470        53
74.480       133
74.490        87
74.500        67
74.510        40
74.520        67
74.530        60
74.540        53
74.550        67
74.560        20
74.570        87
74.580        40
74.590        47
74.600        93
74.610        47
74.620        60
74.630        87
74.640        33
74.650        53
74.660        53
74.670        67
74.680        47
74.690        40
74.700        33
74.710        67
74.720        40
74.730        80
74.740        80
74.750        47
74.760        80
74.770        67
74.780        47
74.790        40
74.800        47
74.810        47
74.820        60
74.830        47
74.840        53
74.850        47
74.860        33
74.870        73
74.880        27
74.890        53
74.900        60
74.910        33
74.920        67
74.930        87
74.940        27
74.950        67
74.960        40
74.970        20
74.980        20
74.990        33
75.000        33
75.010        73
75.020        53
75.030        73
75.040        53
75.050        60
75.060        67
75.070        60
75.080        20
75.090        87
75.100        60
75.110        47
75.120        80
75.130        47
75.140        47
75.150        60
75.160        40
75.170        67
75.180        40
75.190        87
75.200        60
75.210        47
75.220        93
75.230        53
75.240        47
75.250        67
75.260         7
75.270        53
75.280        67
75.290        80
75.300        40
75.310        47
75.320        40
75.330        73
75.340        67
75.350        73
75.360        80
75.370        47
75.380        27
75.390        40
75.400        40
75.410        80
75.420        73
75.430        40
75.440        40
75.450        53
75.460        40
75.470        40
75.480        80
75.490        53
75.500        80
75.510        87
75.520        73
75.530        80
75.540        53
75.550        33
75.560        73
75.570        33
75.580        47
75.590        40
75.600        53
75.610        47
75.620        80
75.630        47
75.640        13
75.650        47
75.660        47
75.670        73
75.680        40
75.690        33
75.700        80
75.710        93
75.720        53
75.730        60
75.740       133
75.750        73
75.760        73
75.770        60
75.780        40
75.790        47
75.800        47
75.810        67
75.820        47
75.830        47
75.840        67
75.850        33
75.860        67
75.870        60
75.880        73
75.890        60
75.900        60
75.910        33
75.920        47
75.930        80
75.940       107
75.950        93
75.960        47
75.970        40
75.980        53
75.990        67
76.000        47
76.010        73
76.020        73
76.030        40
76.040        80
76.050        80
76.060        60
76.070        73
76.080        67
76.090        40
76.100        80
76.110        27
76.120        87
76.130        67
76.140        87
76.150        73
76.160        80
76.170        60
76.180       107
76.190        93
76.200        73
76.210        47
76.220        73
76.230        53
76.240        53
76.250        47
76.260        47
76.270        93
76.280        53
76.290        33
76.300        60
76.310        40
76.320        47
76.330        40
76.340        80
76.350        53
76.360       107
76.370        53
76.380        60
76.390        67
76.400        67
76.410        33
76.420       100
76.430        87
76.440        60
76.450        33
76.460        60
76.470        27
76.480        93
76.490        87
76.500        73
76.510        47
76.520        67
76.530       100
76.540        93
76.550        53
76.560        60
76.570        53
76.580        87
76.590        93
76.600        73
76.610        60
76.620        67
76.630        93
76.640        53
76.650        53
76.660        80
76.670        80
76.680       113
76.690        73
76.700        33
76.710        53
76.720        27
76.730        73
76.740       113
76.750        80
76.760        80
76.770        47
76.780       107
76.790        67
76.800        73
76.810        33
76.820        87
76.830        93
76.840        80
76.850       107
76.860        73
76.870        67
76.880        53
76.890        60
76.900       113
76.910        53
76.920        67
76.930       113
76.940       113
76.950        20
76.960       133
76.970        47
76.980        67
76.990        87
77.000        80
77.010        80
77.020        67
77.030       113
77.040        73
77.050        73
77.060        53
77.070        47
77.080        73
77.090        40
77.100        40
77.110        80
77.120        53
77.130        20
77.140       120
77.150        53
77.160       113
77.170        33
77.180        73
77.190        67
77.200        53
77.210        73
77.220        47
77.230        67
77.240        40
77.250        87
77.260        73
77.270        27
77.280        33
77.290        67
77.300        93
77.310        73
77.320        73
77.330        67
77.340        87
77.350        53
77.360        80
77.370        60
77.380        47
77.390        60
77.400        40
77.410        47
77.420        13
77.430        67
77.440        33
77.450        87
77.460        60
77.470        73
77.480        47
77.490        67
77.500        60
77.510        73
77.520        60
77.530        73
77.540        60
77.550        40
77.560        53
77.570        53
77.580        13
77.590        87
77.600        47
77.610        73
77.620        80
77.630        53
77.640        53
77.650        20
77.660        33
77.670        60
77.680        73
77.690        40
77.700        67
77.710        27
77.720        67
77.730        67
77.740        40
77.750        27
77.760        27
77.770        67
77.780        40
77.790        33
77.800        73
77.810        87
77.820        33
77.830        93
77.840        80
77.850        80
77.860        33
77.870        67
77.880        60
77.890        67
77.900        87
77.910        53
77.920        47
77.930        33
77.940        60
77.950        60
77.960       107
77.970        53
77.980        40
77.990        67
78.000        47
78.010        80
78.020        60
78.030        80
78.040        60
78.050        40
78.060        47
78.070        33
78.080        47
78.090        47
78.100        20
78.110        73
78.120        80
78.130        67
78.140        53
78.150        53
78.160        67
78.170        53
78.180        27
78.190        33
78.200        53
78.210        40
78.220        47
78.230        67
78.240        60
78.250        40
78.260        67
78.270        53
78.280        87
78.290        33
78.300        33
78.310        53
78.320        60
78.330        40
78.340        47
78.350        20
78.360        47
78.370        80
78.380        73
78.390        60
78.400        60
78.410        40
78.420        60
78.430        47
78.440        60
78.450        47
78.460        33
78.470        27
78.480        67
78.490        40
78.500        27
78.510        47
78.520        93
78.530        33
78.540        47
78.550        53
78.560        33
78.570        40
78.580        27
78.590        60
78.600        60
78.610        53
78.620        73
78.630        27
78.640        60
78.650        40
78.660        73
78.670        27
78.680        33
78.690        33
78.700        93
78.710        47
78.720        53
78.730        47
78.740        47
78.750        73
78.760        40
78.770        53
78.780        47
78.790        60
78.800        40
78.810        53
78.820        67
78.830        47
78.840        33
78.850        53
78.860        87
78.870        80
78.880        33
78.890        60
78.900        80
78.910        80
78.920        47
78.930        47
78.940        33
78.950        53
78.960        47
78.970        60
78.980       100
78.990        53
79.000        27
79.010        40
79.020        33
79.030        40
79.040        20
79.050        40
79.060        27
79.070        40
79.080        67
79.090       107
79.100        40
79.110       107
79.120        53
79.130        47
79.140        67
79.150       113
79.160        60
79.170        53
79.180        67
79.190        53
79.200        40
79.210        53
79.220        47
79.230        47
79.240        87
79.250        60
79.260        33
79.270        40
79.280        73
79.290        53
79.300        53
79.310        53
79.320        40
79.330        47
79.340        47
79.350        47
79.360        13
79.370        33
79.380        40
79.390        40
79.400        27
79.410        93
79.420        87
79.430        40
79.440        47
79.450        27
79.460        73
79.470        33
79.480        67
79.490        47
79.500        47
79.510        47
79.520        60
79.530        20
79.540        53
79.550        47
79.560        67
79.570        47
79.580        73
79.590        67
79.600        40
79.610        27
79.620        47
79.630        47
79.640        33
79.650        60
79.660        40
79.670        67
79.680        20
79.690        73
79.700        47
79.710       100
79.720        80
79.730        67
79.740        67
79.750        60
79.760        47
79.770        67
79.780        47
79.790        80
79.800        47
79.810        53
79.820        53
79.830        33
79.840       100
79.850        47
79.860        80
79.870        80
79.880        80
79.890        73
79.900       100
79.910        40
79.920        53
79.930        47
79.940        47
79.950        67
79.960        87
79.970        80
79.980        27
79.990        47
80.000        80
80.010        93
80.020        40
80.030        47
80.040        47
80.050        80
80.060        60
80.070        33
80.080        13
80.090        33
80.100        67
80.110        60
80.120        40
80.130        67
80.140        60
80.150       100
80.160        60
80.170        53
80.180        67
80.190        93
80.200        60
80.210       107
80.220        40
80.230        80
80.240        73
80.250        80
80.260        80
80.270        53
80.280        60
80.290        73
80.300        33
80.310        53
80.320        73
80.330        47
80.340        33
80.350        60
80.360        80
80.370        73
80.380        73
80.390        53
80.400        73
80.410        80
80.420        67
80.430        60
80.440        53
80.450        33
80.460        60
80.470        53
80.480        67
80.490        60
80.500        40
80.510        40
80.520        13
80.530        53
80.540        33
80.550        60
80.560        73
80.570        67
80.580        67
80.590        67
80.600        53
80.610        80
80.620        47
80.630        60
80.640        93
80.650        67
80.660        87
80.670        67
80.680        80
80.690        40
80.700        87
80.710        33
80.720        47
80.730        53
80.740        53
80.750        93
80.760        67
80.770        60
80.780        67
80.790        73
80.800        60
80.810        33
80.820        53
80.830        60
80.840        73
80.850        73
80.860        33
80.870        73
80.880        47
80.890        87
80.900        53
80.910        67
80.920        27
80.930        67
80.940        67
80.950        67
80.960        53
80.970        47
80.980        87
80.990        40
81.000        53
81.010       100
81.020        67
81.030        47
81.040        67
81.050        80
81.060        47
81.070        60
81.080        93
81.090        60
81.100        67
81.110        33
81.120        60
81.130        33
81.140       147
81.150        67
81.160        40
81.170       100
81.180       100
81.190       100
81.200        87
81.210       100
81.220        40
81.230        53
81.240        40
81.250        93
81.260        80
81.270       100
81.280        53
81.290        80
81.300       107
81.310        60
81.320        87
81.330        27
81.340        60
81.350        67
81.360        47
81.370        60
81.380        87
81.390        67
81.400        60
81.410        53
81.420       107
81.430        60
81.440        53
81.450        53
81.460        60
81.470        67
81.480        80
81.490       107
81.500        47
81.510        80
81.520        33
81.530        80
81.540        87
81.550        87
81.560        33
81.570        73
81.580        87
81.590       120
81.600        60
81.610        80
81.620        93
81.630        47
81.640        80
81.650        87
81.660        53
81.670        60
81.680        80
81.690        33
81.700        80
81.710        60
81.720        60
81.730        93
81.740        33
81.750        47
81.760        87
81.770        27
81.780        93
81.790        53
81.800        93
81.810        67
81.820        40
81.830        47
81.840        33
81.850        67
81.860        33
81.870        47
81.880        47
81.890        40
81.900        47
81.910        33
81.920        67
81.930        93
81.940        40
81.950        60
81.960       100
81.970        53
81.980        60
81.990        67
82.000        40
82.010        60
82.020        73
82.030        47
82.040        87
82.050        33
82.060        80
82.070        60
82.080        67
82.090        73
82.100        60
82.110        47
82.120        80
82.130       127
82.140        67
82.150        47
82.160        93
82.170        33
82.180        60
82.190        67
82.200        33
82.210        47
82.220        67
82.230        60
82.240        87
82.250        73
82.260        47
82.270        33
82.280        67
82.290        73
82.300        60
82.310        53
82.320        60
82.330       100
82.340        60
82.350        60
82.360        67
82.370        60
82.380        80
82.390        47
82.400        93
82.410        47
82.420        60
82.430        67
82.440        53
82.450        73
82.460       107
82.470        80
82.480        60
82.490        73
82.500        60
82.510        80
82.520        53
82.530        53
82.540        93
82.550        53
82.560        47
82.570        80
82.580        67
82.590        93
82.600        93
82.610        93
82.620        53
82.630        87
82.640        40
82.650        47
82.660        73
82.670        67
82.680        87
82.690       107
82.700        40
82.710       120
82.720       140
82.730       140
82.740        93
82.750        93
82.760        87
82.770       160
82.780       147
82.790       200
82.800       147
82.810       140
82.820       180
82.830       147
82.840       160
82.850       100
82.860       160
82.870        80
82.880       127
82.890       147
82.900       147
82.910        73
82.920       133
82.930       133
82.940       180
82.950       140
82.960       153
82.970       133
82.980       200
82.990       173
83.000       153
83.010       200
83.020       273
83.030       273
83.040       240
83.050       353
83.060       340
83.070       433
83.080       466
83.090       573
83.100       700
83.110       633
83.120       740
83.130       720
83.140       900
83.150      1259
83.160      1379
83.170      1773
83.180      2619
83.190      3585
83.200      4658
83.210      6717
83.220      8077
83.230      9170
83.240      9316
83.250     10089
83.260     10243
83.270      8910
83.280      7830
83.290      5824
83.300      4445
83.310      3499
83.320      2659
83.330      2219
83.340      1619
83.350      1339
83.360      1186
83.370      1333
83.380      1180
83.390      1073
83.400      1319
83.410      1226
83.420      1200
83.430      1399
83.440      1853
83.450      2192
83.460      3112
83.470      3905
83.480      4218
83.490      4905
83.500      5278
83.510      5051
83.520      4925
83.530      4045
83.540      3279
83.550      2546
83.560      1933
83.570      1586
83.580      1313
83.590       933
83.600       786
83.610       566
83.620       560
83.630       546
83.640       506
83.650       380
83.660       353
83.670       240
83.680       227
83.690       180
83.700       187
83.710       213
83.720       200
83.730       187
83.740       193
83.750       160
83.760       207
83.770       140
83.780       127
83.790       193
83.800       100
83.810       167
83.820       133
83.830        87
83.840       147
83.850       140
83.860       107
83.870        53
83.880       107
83.890        73
83.900        80
83.910       113
83.920       107
83.930        87
83.940       107
83.950       113
83.960       113
83.970        87
83.980       100
83.990        60
84.000        73
84.010        87
84.020        80
84.030        67
84.040        73
84.050        93
84.060        67
84.070        67
84.080       100
84.090        87
84.100        60
84.110        73
84.120        60
84.130        53
84.140       107
84.150        60
84.160        33
84.170        53
84.180        87
84.190        80
84.200        87
84.210        27
84.220        67
84.230       100
84.240        87
84.250        47
84.260        73
84.270        40
84.280        80
84.290       113
84.300        73
84.310        87
84.320        40
84.330        87
84.340        87
84.350        53
84.360        67
84.370        80
84.380        33
84.390        87
84.400        80
84.410        53
84.420        53
84.430        80
84.440        67
84.450        67
84.460       100
84.470        73
84.480        87
84.490        53
84.500        60
84.510        60
84.520       100
84.530        60
84.540        60
84.550        73
84.560        47
84.570        67
84.580        53
84.590       120
84.600        73
84.610       127
84.620        80
84.630        80
84.640        67
84.650        80
84.660        67
84.670        53
84.680        67
84.690        87
84.700        80
84.710        60
84.720        47
84.730        47
84.740        67
84.750        20
84.760        33
84.770        27
84.780        60
84.790       113
84.800        47
84.810        33
84.820       113
84.830       100
84.840        93
84.850        40
84.860        53
84.870        60
84.880        80
84.890        73
84.900        73
84.910        40
84.920        33
84.930        47
84.940        33
84.950        67
84.960        60
84.970        33
84.980        40
84.990        60
85.000        53
85.010        60
85.020        80
85.030        87
85.040       107
85.050        53
85.060        40
85.070        67
85.080        67
85.090        47
85.100        47
85.110        73
85.120        33
85.130        60
85.140        33
85.150        53
85.160        60
85.170        47
85.180        53
85.190        53
85.200        33
85.210        47
85.220        27
85.230        27
85.240        40
85.250        20
85.260        27
85.270        53
85.280        67
85.290        73
85.300        53
85.310        67
85.320        47
85.330        53
85.340        53
85.350        67
85.360        53
85.370        53
85.380        80
85.390        67
85.400        67
85.410        67
85.420        73
85.430        53
85.440        67
85.450        60
85.460       107
85.470        60
85.480        40
85.490        47
85.500        80
85.510        47
85.520        40
85.530        87
85.540        80
85.550        67
85.560        67
85.570        80
85.580        73
85.590        73
85.600        67
85.610        47
85.620        60
85.630       107
85.640        87
85.650        93
85.660        47
85.670        93
85.680        73
85.690       127
85.700        87
85.710        87
85.720        60
85.730        67
85.740        80
85.750        80
85.760        47
85.770        67
85.780        67
85.790        80
85.800        60
85.810        87
85.820        60
85.830        80
85.840        53
85.850        60
85.860        73
85.870        47
85.880        60
85.890        40
85.900        53
85.910        53
85.920        80
85.930        93
85.940        73
85.950        93
85.960        80
85.970        73
85.980        87
85.990        73
86.000        67
86.010        87
86.020        80
86.030       100
86.040        53
86.050        60
86.060        40
86.070        53
86.080        53
86.090        40
86.100        47
86.110        53
86.120        47
86.130        53
86.140        67
86.150        67
86.160        60
86.170        53
86.180        47
86.190        93
86.200        60
86.210        47
86.220        60
86.230        20
86.240        80
86.250        20
86.260       107
86.270        33
86.280        53
86.290        80
86.300        73
86.310        20
86.320        60
86.330        80
86.340        47
86.350        60
86.360        60
86.370        40
86.380        47
86.390        33
86.400        67
86.410        87
86.420        47
86.430        60
86.440        60
86.450        33
86.460        80
86.470        60
86.480        27
86.490        40
86.500        47
86.510        40
86.520        60
86.530        40
86.540        40
86.550        60
86.560        60
86.570        40
86.580        60
86.590        60
86.600        80
86.610        20
86.620        53
86.630        60
86.640        47
86.650        93
86.660        53
86.670        53
86.680        53
86.690        40
86.700        60
86.710        47
86.720        67
86.730        67
86.740        67
86.750        20
86.760        27
86.770        40
86.780        53
86.790        60
86.800        60
86.810        60
86.820        53
86.830        40
86.840        73
86.850        60
86.860        53
86.870        53
86.880        40
86.890        47
86.900        40
86.910        87
86.920        33
86.930        40
86.940        53
86.950        80
86.960        33
86.970        67
86.980        47
86.990        73
87.000        33
87.010        40
87.020        60
87.030        47
87.040        53
87.050        13
87.060        67
87.070        60
87.080        60
87.090        60
87.100        27
87.110        47
87.120        27
87.130        80
87.140        73
87.150        80
87.160        40
87.170        20
87.180        47
87.190       107
87.200        80
87.210        27
87.220        27
87.230        93
87.240        27
87.250        60
87.260        60
87.270        40
87.280        93
87.290        60
87.300        47
87.310        40
87.320        33
87.330        67
87.340        60
87.350        53
87.360        53
87.370        53
87.380        53
87.390        73
87.400        33
87.410        27
87.420        40
87.430        60
87.440        47
87.450        27
87.460        53
87.470        33
87.480        40
87.490        27
87.500        40
87.510        20
87.520        27
87.530        47
87.540        47
87.550        27
87.560        40
87.570        20
87.580        40
87.590        47
87.600        27
87.610        33
87.620         0
87.630        53
87.640        53
87.650        40
87.660        27
87.670        67
87.680        67
87.690        67
87.700        47
87.710        27
87.720        53
87.730        53
87.740        20
87.750        47
87.760        67
87.770        20
87.780        40
87.790        20
87.800        27
87.810        73
87.820        33
87.830        47
87.840        40
87.850        60
87.860        33
87.870        33
87.880        27
87.890        27
87.900        20
87.910        40
87.920        27
87.930        40
87.940        40
87.950        53
87.960        47
87.970        47
87.980        33
87.990        33
88.000        33
88.010        40
88.020        33
88.030        33
88.040        27
88.050        53
88.060        40
88.070        47
88.080        47
88.090        53
88.100        47
88.110        53
88.120        87
88.130        53
88.140        47
88.150        60
88.160        73
88.170        73
88.180        13
88.190        47
88.200        47
88.210        73
88.220        67
88.230        53
88.240        40
88.250        60
88.260        67
88.270        67
88.280        60
88.290        47
88.300        60
88.310        40
88.320        40
88.330        27
88.340        60
88.350        33
88.360        33
88.370        73
88.380        33
88.390        40
88.400        67
88.410        73
88.420        20
88.430        47
88.440        53
88.450        60
88.460        27
88.470        20
88.480        80
88.490        53
88.500        27
88.510        13
88.520        33
88.530        40
88.540        20
88.550        27
88.560        67
88.570        33
88.580        40
88.590        47
88.600        20
88.610        47
88.620        53
88.630        20
88.640        53
88.650        80
88.660        60
88.670        33
88.680        33
88.690        27
88.700        53
88.710        40
88.720        60
88.730        40
88.740        53
88.750        27
88.760        33
88.770        27
88.780        40
88.790        20
88.800        40
88.810        67
88.820        20
88.830        33
88.840        47
88.850        40
88.860        73
88.870        40
88.880        33
88.890        40
88.900        53
88.910        40
88.920        33
88.930        27
88.940        87
88.950        53
88.960        47
88.970        47
88.980        20
88.990       100
89.000        53
89.010        20
89.020        60
89.030        20
89.040        20
89.050        33
89.060        47
89.070        73
89.080        40
89.090        47
89.100        33
89.110        40
89.120        20
89.130        20
89.140        20
89.150        13
89.160        53
89.170        27
89.180        60
89.190        60
89.200        27
89.210        27
89.220        40
89.230        33
89.240        40
89.250        27
89.260        40
89.270        67
89.280        20
89.290        67
89.300        53
89.310        40
89.320        27
89.330        60
89.340        27
89.350        73
89.360        47
89.370        40
89.380        67
89.390        60
89.400        13
89.410        67
89.420        33
89.430        13
89.440        73
89.450        47
89.460        27
89.470        40
89.480        53
89.490        33
89.500        53
89.510        40
89.520        13
89.530        40
89.540        67
89.550        73
89.560        53
89.570        20
89.580        33
89.590        73
89.600        73
89.610        60
89.620        47
89.630        33
89.640        60
89.650        53
89.660        60
89.670        53
89.680        27
89.690        20
89.700        87
89.710        60
89.720        60
89.730        73
89.740        40
89.750        40
89.760        20
89.770        47
89.780        20
89.790        60
89.800        67
89.810        27
89.820        40
89.830        33
89.840        33
89.850        33
89.860        67
89.870        60
89.880        47
89.890        60
89.900        47
89.910        67
89.920        60
89.930        40
89.940        47
89.950        53
89.960        60
89.970        47
89.980        33
89.990        27
90.000        53
