20.000        13
20.010        20
20.020         7
20.030        13
20.040        27
20.050        47
20.060        27
20.070        20
20.080        47
20.090        13
20.100        13
20.110        27
20.120        53
20.130        20
20.140        33
20.150        33
20.160        27
20.170        27
20.180        40
20.190        27
20.200        27
20.210        27
20.220        33
20.230         7
20.240        40
20.250        27
20.260        33
20.270        13
20.280        20
20.290        13
20.300        13
20.310        20
20.320        27
20.330        20
20.340        13
20.350        20
20.360        47
20.370        13
20.380        33
20.390        20
20.400        53
20.410         7
20.420        13
20.430        20
20.440         7
20.450        27
20.460        13
20.470        27
20.480        13
20.490        27
20.500         7
20.510        60
20.520        20
20.530        27
20.540        13
20.550        20
20.560        40
20.570        33
20.580        20
20.590        33
20.600        13
20.610        33
20.620        27
20.630         7
20.640        47
20.650        20
20.660        33
20.670        40
20.680        13
20.690         7
20.700        20
20.710        20
20.720        40
20.730        20
20.740        33
20.750        33
20.760        13
20.770        40
20.780        13
20.790        40
20.800        47
20.810        47
20.820        33
20.830        27
20.840        27
20.850        33
20.860        20
20.870        20
20.880        33
20.890        27
20.900        20
20.910        27
20.920        20
20.930        27
20.940        27
20.950        13
20.960        27
20.970        13
20.980        13
20.990        33
21.000        47
21.010        13
21.020        40
21.030        40
21.040        13
21.050        40
21.060        13
21.070        20
21.080        40
21.090         7
21.100        33
21.110        20
21.120        13
21.130         7
21.140        20
21.150        27
21.160        27
21.170        13
21.180        27
21.190        60
21.200        27
21.210        20
21.220        40
21.230        40
21.240        27
21.250        13
21.260        53
21.270        27
21.280        33
21.290        13
21.300        33
21.310         0
21.320        20
21.330        33
21.340        27
21.350        27
21.360        13
21.370         7
21.380        27
21.390        40
21.400        13
21.410        13
21.420        20
21.430        20
21.440        33
21.450        13
21.460         7
21.470        27
21.480        33
21.490        40
21.500        40
21.510        33
21.520        40
21.530         7
21.540        13
21.550        27
21.560         0
21.570        27
21.580        13
21.590        27
21.600        13
21.610        13
21.620        20
21.630        27
21.640        40
21.650        40
21.660        20
21.670        40
21.680        40
21.690        27
21.700        13
21.710        27
21.720        20
21.730        13
21.740        27
21.750        40
21.760         7
21.770        27
21.780        27
21.790        27
21.800        20
21.810        13
21.820        47
21.830        13
21.840        27
21.850         7
21.860        33
21.870        13
21.880        33
21.890         7
21.900        20
21.910        27
21.920        40
21.930        20
21.940        20
21.950        27
21.960        20
21.970        33
21.980         0
21.990        20
22.000         0
22.010        47
22.020        20
22.030        33
22.040        40
22.050        20
22.060        27
22.070        20
22.080        27
22.090        13
22.100        33
22.110        13
22.120        20
22.130        20
22.140         7
22.150        13
22.160        13
22.170        13
22.180        20
22.190        27
22.200        13
22.210         7
22.220        27
22.230        13
22.240        33
22.250        40
22.260        27
22.270        13
22.280        20
22.290        27
22.300        20
22.310        33
22.320        27
22.330         0
22.340         7
22.350         7
22.360        40
22.370        13
22.380        20
22.390         7
22.400        33
22.410        20
22.420        33
22.430         7
22.440        13
22.450        20
22.460        33
22.470         0
22.480         7
22.490        47
22.500        27
22.510        20
22.520        27
22.530        27
22.540         7
22.550        33
22.560        27
22.570        27
22.580        60
22.590        13
22.600        20
22.610         0
22.620         7
22.630        13
22.640        20
22.650        40
22.660        20
22.670        20
22.680        20
22.690        33
22.700        20
22.710        27
22.720        20
22.730        20
22.740        20
22.750        33
22.760        20
22.770        27
22.780        13
22.790        47
22.800        13
22.810        13
22.820        13
22.830        27
22.840        20
22.850        33
22.860        13
22.870        20
22.880        20
22.890        33
22.900         7
22.910         0
22.920         0
22.930        20
22.940        27
22.950        13
22.960         0
22.970         7
22.980        27
22.990        13
23.000        33
23.010         7
23.020        20
23.030        13
23.040         7
23.050        20
23.060        20
23.070        13
23.080        27
23.090        13
23.100         0
23.110         7
23.120        20
23.130         7
23.140        33
23.150        33
23.160        20
23.170        27
23.180        20
23.190        13
23.200         7
23.210        20
23.220        27
23.230        40
23.240        20
23.250         7
23.260        20
23.270        33
23.280         7
23.290         7
23.300        13
23.310        33
23.320        27
23.330        40
23.340        27
23.350        20
23.360         7
23.370         7
23.380        27
23.390        13
23.400        33
23.410         7
23.420        40
23.430        20
23.440        13
23.450        20
23.460        40
23.470        33
23.480        20
23.490        53
23.500        20
23.510         7
23.520        27
23.530        27
23.540        27
23.550        40
23.560         7
23.570        13
23.580         7
23.590        20
23.600        27
23.610        13
23.620        40
23.630        33
23.640         0
23.650        27
23.660        13
23.670        20
23.680        33
23.690        20
23.700        33
23.710        20
23.720        33
23.730        20
23.740        20
23.750        20
23.760        13
23.770        13
23.780        13
23.790        20
23.800        40
23.810        27
23.820        20
23.830        20
23.840        13
23.850        53
23.860        27
23.870        20
23.880        27
23.890        27
23.900        47
23.910        20
23.920        47
23.930        33
23.940        13
23.950        13
23.960        20
23.970        20
23.980        27
23.990         7
24.000        33
24.010         7
24.020        27
24.030        13
24.040        13
24.050        27
24.060         7
24.070        13
24.080         7
24.090        20
24.100        20
24.110        13
24.120        27
24.130        33
24.140        13
24.150         7
24.160        33
24.170        33
24.180        33
24.190         0
24.200         7
24.210        13
24.220        33
24.230        20
24.240         7
24.250         0
24.260        13
24.270         7
24.280        20
24.290        13
24.300        20
24.310        20
24.320        27
24.330        20
24.340        13
24.350         0
24.360        20
24.370        20
24.380        27
24.390        33
24.400        13
24.410         0
24.420        27
24.430        27
24.440        20
24.450         7
24.460        20
24.470        13
24.480        20
24.490         7
24.500        13
24.510        20
24.520        13
24.530        40
24.540        20
24.550        27
24.560        13
24.570        27
24.580        27
24.590        20
24.600        33
24.610        13
24.620        20
24.630        13
24.640        27
24.650         7
24.660        13
24.670         7
24.680        20
24.690        40
24.700        13
24.710        13
24.720         7
24.730        27
24.740        20
24.750        20
24.760        13
24.770         0
24.780        13
24.790        13
24.800        13
24.810        27
24.820        13
24.830        13
24.840        20
24.850        20
24.860         7
24.870        13
24.880        33
24.890         7
24.900        13
24.910        40
24.920        20
24.930        13
24.940         7
24.950        27
24.960        13
24.970        20
24.980        40
24.990        20
25.000        40
25.010         7
25.020        20
25.030        13
25.040        13
25.050         0
25.060         7
25.070        20
25.080        20
25.090         0
25.100        20
25.110         7
25.120        27
25.130        40
25.140        13
25.150        13
25.160        27
25.170        27
25.180        20
25.190        13
25.200        20
25.210        27
25.220        33
25.230        47
25.240        27
25.250        33
25.260        13
25.270        13
25.280         0
25.290        13
25.300        27
25.310        33
25.320        13
25.330        27
25.340        20
25.350        13
25.360        40
25.370         0
25.380        40
25.390        33
25.400         7
25.410        13
25.420        20
25.430        20
25.440         7
25.450        13
25.460         7
25.470        20
25.480        13
25.490        20
25.500        13
25.510        13
25.520         7
25.530        27
25.540        13
25.550        13
25.560        27
25.570        20
25.580        27
25.590         7
25.600        27
25.610        27
25.620        27
25.630        27
25.640         7
25.650        13
25.660        20
25.670        13
25.680        27
25.690        20
25.700        20
25.710        33
25.720        20
25.730        20
25.740         7
25.750        13
25.760        20
25.770         0
25.780        27
25.790        20
25.800        20
25.810        20
25.820         7
25.830        47
25.840        20
25.850        20
25.860        27
25.870        33
25.880        53
25.890         7
25.900         7
25.910        13
25.920        13
25.930        13
25.940        20
25.950         0
25.960         0
25.970        13
25.980         7
25.990        20
26.000        13
26.010         7
26.020        33
26.030        33
26.040        13
26.050         0
26.060         7
26.070        20
26.080         0
26.090        33
26.100        20
26.110         7
26.120        20
26.130        20
26.140        27
26.150        13
26.160        40
26.170         7
26.180        13
26.190        20
26.200         7
26.210        20
26.220        13
26.230        13
26.240         7
26.250        13
26.260         7
26.270        20
26.280        20
26.290         0
26.300        13
26.310         7
26.320        60
26.330         7
26.340         0
26.350         7
26.360        33
26.370         7
26.380        13
26.390        27
26.400        27
26.410         0
26.420        27
26.430        13
26.440        33
26.450        20
26.460        13
26.470        27
26.480         7
26.490        13
26.500        13
26.510         7
26.520         7
26.530        20
26.540        27
26.550        27
26.560         7
26.570        20
26.580        13
26.590        13
26.600         7
26.610        20
26.620        27
26.630        40
26.640         7
26.650        20
26.660         7
26.670        33
26.680        20
26.690         0
26.700        27
26.710         0
26.720         7
26.730         7
26.740        27
26.750        13
26.760        13
26.770         7
26.780         7
26.790        20
26.800        27
26.810        13
26.820        13
26.830        20
26.840        13
26.850         0
26.860         7
26.870         0
26.880         7
26.890         7
26.900        20
26.910        20
26.920        20
26.930        33
26.940        13
26.950        20
26.960        27
26.970         0
26.980        27
26.990        27
27.000         7
27.010        13
27.020        20
27.030        13
27.040        13
27.050        20
27.060        20
27.070        47
27.080         7
27.090         7
27.100        33
27.110        20
27.120         7
27.130        27
27.140        20
27.150        33
27.160        27
27.170        20
27.180        20
27.190        20
27.200         7
27.210         0
27.220        40
27.230        13
27.240        27
27.250        13
27.260        27
27.270        20
27.280        13
27.290        13
27.300        27
27.310        20
27.320         7
27.330        20
27.340         7
27.350        33
27.360        27
27.370        27
27.380         0
27.390         0
27.400        20
27.410        13
27.420         0
27.430        13
27.440        20
27.450        27
27.460        33
27.470         7
27.480        13
27.490        13
27.500        13
27.510        13
27.520        33
27.530        20
27.540         7
27.550        13
27.560        20
27.570        20
27.580        20
27.590         7
27.600         0
27.610        20
27.620        20
27.630        13
27.640        20
27.650        27
27.660        20
27.670         7
27.680        20
27.690         7
27.700         7
27.710         0
27.720         7
27.730        27
27.740        40
27.750        20
27.760        13
27.770         7
27.780        20
27.790        20
27.800         7
27.810        33
27.820        13
27.830        13
27.840         7
27.850        13
27.860        20
27.870        20
27.880        33
27.890         7
27.900        27
27.910        27
27.920        27
27.930         7
27.940         7
27.950         7
27.960        27
27.970         7
27.980         7
27.990         7
28.000        27
28.010         7
28.020        20
28.030         7
28.040         7
28.050         7
28.060        13
28.070         7
28.080        13
28.090         7
28.100        20
28.110        13
28.120        20
28.130        13
28.140         0
28.150        27
28.160        20
28.170        20
28.180         7
28.190        40
28.200        13
28.210        13
28.220         7
28.230        13
28.240        13
28.250        27
28.260         7
28.270         0
28.280        13
28.290        13
28.300        13
28.310        20
28.320        20
28.330         7
28.340        27
28.350         0
28.360        27
28.370        13
28.380         7
28.390        27
28.400        27
28.410         7
28.420         7
28.430         0
28.440        13
28.450         0
28.460        27
28.470        33
28.480        13
28.490        13
28.500         7
28.510         0
28.520        27
28.530        33
28.540        20
28.550        20
28.560         7
28.570         7
28.580        27
28.590        20
28.600        13
28.610         7
28.620         0
28.630         7
28.640        33
28.650        27
28.660         7
28.670        13
28.680        13
28.690         0
28.700         0
28.710         0
28.720        33
28.730         7
28.740         7
28.750        33
28.760        13
28.770        20
28.780         0
28.790         0
28.800        27
28.810        13
28.820        13
28.830        13
28.840        13
28.850        13
28.860        20
28.870         0
28.880        27
28.890        20
28.900         7
28.910        20
28.920        27
28.930        13
28.940        27
28.950        13
28.960        13
28.970        13
28.980         7
28.990         0
29.000        13
29.010        13
29.020         7
29.030        13
29.040         7
29.050         7
29.060        13
29.070        27
29.080        13
29.090        20
29.100        27
29.110        13
29.120         7
29.130         7
29.140         7
29.150        13
29.160         7
29.170        13
29.180        20
29.190        13
29.200        13
29.210         7
29.220        27
29.230         7
29.240        47
29.250        33
29.260        13
29.270         7
29.280         0
29.290         7
29.300         7
29.310         7
29.320        13
29.330        20
29.340        40
29.350        27
29.360         7
29.370         7
29.380         0
29.390        13
29.400         7
29.410         7
29.420         7
29.430        33
29.440         0
29.450        27
29.460        20
29.470        33
29.480         7
29.490        27
29.500        13
29.510        13
29.520        40
29.530         7
29.540        27
29.550        13
29.560         0
29.570        20
29.580         7
29.590        27
29.600        27
29.610         7
29.620        13
29.630        13
29.640        13
29.650        13
29.660         7
29.670         7
29.680        20
29.690        20
29.700         7
29.710        47
29.720         0
29.730         7
29.740         0
29.750         7
29.760        20
29.770        13
29.780        13
29.790        20
29.800         7
29.810        33
29.820        20
29.830         7
29.840         0
29.850         7
29.860         7
29.870        20
29.880         0
29.890        20
29.900        13
29.910         7
29.920         0
29.930         7
29.940        33
29.950         7
29.960         7
29.970        33
29.980        13
29.990        27
30.000        13
30.010        13
30.020        20
30.030        27
30.040        13
30.050        13
30.060         7
30.070        20
30.080        13
30.090        13
30.100        33
30.110        40
30.120        13
30.130         0
30.140         0
30.150        20
30.160        20
30.170         0
30.180        13
30.190        20
30.200        20
30.210        20
30.220        13
30.230        27
30.240         7
30.250         0
30.260        13
30.270         0
30.280         0
30.290         7
30.300         7
30.310         7
30.320         7
30.330        40
30.340        20
30.350        13
30.360        47
30.370        27
30.380        27
30.390        13
30.400         0
30.410        27
30.420        20
30.430         7
30.440         7
30.450         7
30.460         7
30.470         0
30.480         7
30.490        33
30.500        40
30.510         7
30.520         0
30.530        13
30.540        20
30.550         7
30.560        13
30.570         0
30.580        13
30.590         0
30.600         0
30.610        13
30.620        13
30.630         7
30.640         7
30.650        13
30.660        27
30.670        20
30.680        20
30.690        40
30.700        27
30.710        20
30.720         7
30.730         7
30.740        13
30.750         7
30.760        20
30.770        13
30.780         0
30.790        13
30.800        13
30.810        13
30.820         7
30.830        20
30.840        33
30.850        13
30.860        13
30.870         0
30.880        20
30.890         0
30.900         0
30.910        13
30.920        27
30.930        27
30.940        13
30.950        33
30.960         7
30.970        20
30.980        13
30.990        27
31.000        27
31.010        33
31.020         7
31.030        27
31.040        13
31.050         7
31.060         7
31.070        40
31.080         0
31.090         7
31.100        20
31.110        20
31.120         7
31.130        13
31.140         7
31.150        20
31.160        13
31.170         7
31.180        20
31.190         7
31.200         7
31.210        27
31.220        20
31.230        20
31.240        13
31.250        20
31.260        27
31.270        13
31.280        13
31.290        20
31.300         7
31.310        13
31.320         7
31.330        13
31.340        13
31.350        20
31.360        13
31.370        20
31.380        27
31.390        13
31.400        27
31.410        13
31.420        20
31.430        20
31.440         0
31.450        20
31.460         7
31.470        13
31.480        27
31.490         7
31.500        20
31.510        27
31.520        33
31.530        13
31.540        27
31.550        13
31.560        13
31.570         7
31.580        20
31.590        20
31.600        13
31.610        40
31.620        33
31.630        27
31.640        13
31.650        20
31.660         0
31.670         7
31.680         7
31.690        27
31.700        13
31.710        27
31.720         7
31.730        13
31.740        40
31.750         7
31.760        40
31.770         7
31.780        27
31.790        13
31.800        13
31.810        27
31.820        53
31.830        33
31.840        27
31.850        40
31.860        27
31.870        20
31.880        33
31.890        53
31.900        20
31.910         7
31.920        53
31.930        20
31.940        13
31.950        20
31.960        20
31.970        13
31.980         7
31.990        20
32.000         7
32.010        13
32.020        27
32.030        20
32.040         7
32.050        27
32.060        40
32.070        20
32.080        13
32.090        13
32.100         7
32.110        27
32.120        27
32.130        33
32.140         7
32.150        13
32.160        13
32.170         7
32.180        27
32.190        20
32.200        20
32.210        40
32.220        20
32.230        33
32.240        20
32.250        40
32.260        27
32.270        13
32.280         0
32.290         7
32.300        27
32.310         7
32.320        60
32.330        40
32.340        40
32.350        53
32.360        13
32.370         0
32.380        27
32.390        33
32.400        47
32.410        13
32.420        13
32.430        20
32.440        27
32.450        67
32.460        40
32.470        13
32.480        33
32.490        13
32.500        13
32.510        47
32.520         7
32.530        20
32.540        40
32.550        13
32.560        13
32.570        27
32.580        13
32.590        27
32.600        40
32.610        13
32.620        20
32.630        13
32.640        27
32.650        27
32.660        13
32.670        20
32.680        27
32.690        33
32.700        20
32.710        20
32.720         7
32.730        47
32.740        20
32.750        20
32.760         7
32.770         7
32.780        13
32.790        13
32.800        13
32.810        33
32.820        47
32.830         0
32.840        13
32.850         7
32.860        13
32.870        20
32.880        33
32.890         7
32.900        13
32.910         7
32.920         7
32.930        13
32.940         0
32.950        20
32.960        33
32.970        20
32.980        20
32.990         7
33.000        13
33.010         7
33.020        13
33.030        13
33.040        13
33.050        27
33.060        20
33.070        13
33.080        33
33.090         7
33.100         7
33.110        13
33.120         7
33.130        13
33.140        13
33.150        20
33.160        20
33.170        13
33.180        13
33.190        47
33.200         0
33.210        33
33.220        20
33.230         7
33.240        20
33.250        27
33.260         0
33.270         7
33.280        13
33.290        27
33.300         7
33.310        13
33.320         0
33.330        20
33.340         7
33.350         7
33.360         7
33.370       120
33.380         7
33.390         0
33.400         0
33.410         7
33.420         7
33.430         0
33.440         7
33.450        13
33.460        13
33.470         7
33.480        13
33.490         0
33.500        20
33.510        20
33.520        20
33.530        13
33.540         7
33.550        20
33.560         0
33.570        13
33.580        13
33.590         7
33.600        13
33.610        13
33.620         7
33.630         7
33.640        13
33.650         7
33.660        20
33.670        20
33.680         7
33.690        27
33.700        13
33.710        13
33.720        13
33.730         7
33.740         7
33.750        27
33.760        20
33.770         7
33.780         0
33.790        13
33.800        13
33.810        20
33.820        27
33.830        13
33.840        13
33.850        13
33.860        13
33.870        13
33.880        27
33.890         7
33.900        13
33.910         7
33.920         7
33.930        13
33.940        20
33.950        13
33.960        20
33.970        13
33.980        20
33.990         7
34.000         0
34.010         7
34.020        20
34.030        40
34.040         7
34.050        13
34.060        13
34.070         7
34.080         7
34.090        13
34.100         7
34.110        20
34.120         7
34.130         7
34.140         7
34.150         0
34.160         7
34.170        20
34.180        27
34.190         7
34.200        33
34.210         7
34.220         7
34.230        27
34.240        20
34.250        20
34.260        13
34.270        13
34.280        13
34.290         7
34.300        33
34.310         7
34.320         0
34.330        13
34.340         7
34.350        20
34.360         7
34.370        20
34.380        13
34.390        20
34.400         0
34.410        13
34.420        33
34.430         7
34.440        20
34.450        27
34.460         7
34.470        27
34.480         7
34.490        13
34.500        13
34.510        27
34.520         0
34.530         7
34.540        27
34.550        13
34.560         0
34.570        13
34.580         7
34.590        13
34.600        20
34.610        27
34.620        20
34.630        20
34.640        20
34.650        20
34.660         7
34.670        13
34.680        13
34.690        20
34.700        13
34.710        40
34.720        33
34.730        33
34.740        20
34.750         0
34.760        33
34.770        20
34.780        13
34.790        13
34.800        27
34.810         0
34.820        13
34.830         7
34.840        13
34.850        13
34.860        13
34.870        27
34.880        13
34.890         7
34.900        13
34.910        20
34.920         0
34.930        27
34.940        27
34.950         0
34.960        33
34.970         7
34.980        27
34.990        13
35.000        27
35.010        13
35.020         7
35.030        13
35.040        13
35.050        13
35.060        20
35.070        27
35.080        13
35.090        20
35.100         7
35.110        27
35.120        20
35.130        13
35.140        13
35.150        13
35.160         0
35.170        13
35.180         7
35.190        20
35.200         7
35.210        20
35.220         7
35.230         7
35.240        20
35.250        13
35.260         7
35.270         7
35.280        27
35.290        20
35.300        20
35.310        13
35.320         7
35.330         7
35.340         0
35.350        13
35.360        13
35.370         7
35.380         0
35.390         7
35.400        20
35.410        13
35.420        20
35.430         0
35.440        33
35.450        33
35.460        20
35.470        13
35.480        20
35.490        20
35.500        20
35.510        13
35.520        13
35.530        13
35.540        33
35.550        13
35.560         7
35.570        13
35.580        33
35.590         7
35.600        20
35.610         0
35.620        40
35.630         0
35.640         7
35.650        20
35.660        13
35.670        13
35.680        13
35.690         7
35.700        20
35.710        33
35.720         7
35.730        13
35.740        20
35.750        27
35.760        13
35.770         7
35.780        20
35.790         0
35.800        20
35.810        13
35.820        20
35.830        20
35.840        20
35.850        13
35.860        33
35.870        27
35.880        27
35.890        13
35.900        20
35.910        40
35.920        13
35.930         7
35.940        20
35.950         0
35.960         7
35.970        27
35.980        13
35.990        27
36.000        20
36.010        20
36.020         7
36.030         7
36.040         7
36.050        13
36.060        13
36.070        27
36.080         0
36.090         7
36.100        20
36.110        33
36.120        20
36.130        20
36.140        13
36.150        20
36.160         7
36.170        27
36.180        33
36.190        13
36.200        13
36.210        33
36.220        13
36.230        33
36.240        20
36.250         0
36.260        20
36.270        13
36.280         7
36.290        20
36.300         0
36.310         7
36.320        20
36.330        20
36.340         0
36.350        13
36.360        13
36.370         0
36.380         7
36.390        27
36.400         7
36.410        40
36.420        13
36.430         7
36.440        27
36.450         7
36.460         0
36.470        20
36.480        20
36.490         0
36.500         7
36.510         7
36.520        20
36.530        33
36.540        47
36.550         7
36.560        13
36.570         7
36.580        20
36.590         7
36.600         0
36.610        13
36.620        20
36.630        13
36.640         7
36.650         0
36.660        13
36.670        13
36.680         7
36.690         7
36.700        13
36.710         7
36.720        20
36.730         7
36.740         7
36.750         0
36.760        20
36.770        27
36.780        33
36.790        13
36.800        20
36.810         7
36.820         7
36.830        13
36.840        20
36.850        13
36.860        13
36.870         7
36.880        13
36.890        33
36.900         7
36.910         7
36.920         0
36.930        13
36.940        13
36.950        33
36.960        20
36.970         7
36.980         0
36.990        27
37.000         7
37.010         7
37.020         7
37.030        13
37.040         7
37.050        20
37.060         7
37.070        13
37.080         7
37.090        13
37.100        33
37.110         7
37.120        20
37.130        13
37.140         7
37.150         7
37.160        13
37.170        20
37.180         0
37.190         7
37.200        13
37.210        20
37.220        13
37.230         7
37.240        27
37.250        13
37.260        20
37.270         7
37.280        13
37.290        13
37.300        33
37.310         7
37.320        47
37.330         7
37.340        20
37.350        20
37.360         7
37.370        33
37.380        13
37.390        20
37.400        27
37.410        27
37.420         7
37.430        20
37.440        13
37.450        13
37.460         0
37.470         0
37.480        20
37.490         7
37.500        27
37.510        13
37.520        13
37.530         0
37.540         0
37.550         7
37.560        13
37.570        13
37.580        13
37.590        13
37.600         0
37.610         0
37.620        20
37.630         7
37.640         7
37.650         7
37.660        33
37.670        27
37.680         7
37.690        27
37.700        27
37.710        20
37.720        40
37.730        13
37.740        20
37.750        13
37.760        13
37.770        20
37.780         0
37.790         7
37.800        27
37.810         0
37.820         7
37.830         7
37.840        27
37.850        20
37.860         7
37.870        13
37.880        27
37.890        13
37.900        13
37.910         0
37.920         0
37.930        13
37.940         7
37.950        13
37.960         7
37.970        33
37.980        20
37.990        20
38.000        27
38.010         7
38.020         0
38.030        27
38.040        40
38.050        13
38.060         0
38.070        20
38.080        20
38.090        13
38.100        20
38.110         7
38.120        13
38.130         7
38.140        20
38.150        27
38.160        20
38.170        13
38.180        20
38.190         7
38.200        13
38.210        20
38.220         7
38.230        13
38.240         7
38.250        13
38.260        27
38.270        33
38.280         7
38.290         0
38.300        20
38.310        20
38.320         0
38.330        13
38.340        27
38.350         7
38.360         7
38.370        13
38.380        13
38.390         7
38.400        20
38.410         7
38.420        33
38.430        20
38.440        13
38.450         0
38.460        27
38.470         7
38.480         7
38.490         7
38.500        20
38.510         0
38.520         7
38.530        20
38.540        27
38.550        13
38.560        20
38.570         7
38.580        33
38.590        13
38.600         7
38.610         0
38.620        13
38.630        13
38.640        20
38.650        20
38.660        20
38.670        20
38.680        33
38.690        13
38.700         7
38.710         0
38.720        13
38.730        20
38.740         7
38.750        20
38.760        27
38.770        40
38.780        20
38.790        13
38.800        20
38.810         7
38.820        20
38.830        33
38.840        27
38.850        13
38.860        20
38.870        27
38.880        13
38.890        20
38.900         0
38.910        27
38.920        27
38.930        20
38.940         7
38.950        13
38.960        40
38.970        20
38.980        13
38.990         0
39.000        20
39.010         0
39.020        27
39.030        20
39.040         7
39.050        20
39.060         0
39.070         0
39.080        20
39.090        27
39.100         7
39.110        27
39.120         0
39.130         0
39.140         0
39.150        13
39.160        27
39.170         7
39.180        33
39.190        20
39.200        13
39.210         7
39.220         7
39.230        13
39.240        27
39.250        13
39.260        33
39.270        33
39.280        13
39.290        13
39.300        13
39.310        20
39.320        13
39.330        40
39.340         7
39.350        27
39.360        20
39.370        27
39.380        40
39.390         7
39.400         0
39.410        27
39.420        27
39.430         7
39.440        27
39.450        13
39.460        27
39.470        20
39.480         0
39.490        13
39.500         7
39.510         7
39.520        40
39.530        27
39.540         7
39.550        20
39.560        20
39.570        20
39.580        20
39.590         7
39.600        13
39.610        13
39.620        20
39.630        20
39.640        20
39.650        20
39.660         7
39.670        20
39.680         7
39.690        20
39.700        33
39.710        13
39.720        13
39.730        13
39.740        20
39.750        27
39.760        20
39.770        20
39.780         7
39.790        13
39.800         0
39.810         7
39.820        13
39.830        13
39.840         7
39.850         7
39.860        20
39.870         7
39.880        20
39.890         7
39.900        13
39.910        13
39.920         0
39.930        27
39.940         7
39.950         0
39.960        13
39.970        13
39.980        27
39.990         7
40.000         0
40.010        53
40.020         0
40.030        13
40.040        13
40.050        27
40.060        13
40.070        33
40.080         7
40.090         7
40.100        13
40.110         7
40.120        20
40.130        33
40.140         0
40.150         7
40.160         7
40.170        13
40.180        13
40.190        13
40.200        20
40.210        27
40.220         7
40.230         7
40.240        33
40.250         0
40.260         0
40.270        13
40.280         7
40.290         0
40.300        13
40.310        47
40.320        13
40.330        27
40.340        13
40.350        20
40.360        27
40.370        20
40.380        13
40.390        20
40.400        13
40.410         0
40.420        13
40.430         7
40.440        20
40.450         7
40.460        20
40.470         7
40.480        13
40.490         7
40.500        20
40.510        33
40.520        13
40.530         0
40.540         0
40.550        27
40.560        27
40.570        20
40.580        20
40.590        20
40.600        20
40.610        20
40.620         0
40.630        20
40.640        27
40.650         0
40.660         7
40.670        13
40.680        13
40.690         7
40.700        13
40.710        13
40.720         7
40.730        13
40.740        33
40.750         7
40.760         0
40.770        20
40.780        20
40.790        20
40.800         0
40.810        20
40.820        13
40.830        20
40.840         7
40.850         0
40.860         7
40.870        27
40.880         0
40.890        33
40.900         7
40.910        13
40.920         7
40.930        40
40.940         7
40.950         0
40.960         0
40.970         7
40.980         7
40.990         7
41.000        13
41.010        27
41.020         0
41.030        20
41.040         0
41.050        20
41.060        13
41.070        13
41.080        13
41.090         7
41.100         7
41.110        13
41.120        13
41.130        27
41.140        27
41.150        13
41.160        27
41.170        27
41.180         7
41.190        20
41.200        27
41.210         7
41.220        13
41.230        13
41.240        20
41.250        20
41.260         7
41.270         7
41.280         7
41.290         7
41.300        40
41.310         7
41.320        13
41.330         0
41.340        27
41.350        13
41.360         7
41.370        20
41.380        13
41.390        13
41.400         0
41.410         0
41.420         7
41.430        27
41.440        27
41.450         0
41.460         7
41.470         7
41.480         0
41.490        13
41.500         7
41.510        27
41.520         7
41.530         0
41.540        20
41.550         7
41.560        13
41.570        13
41.580         7
41.590         7
41.600        27
41.610        27
41.620        20
41.630         0
41.640         7
41.650        20
41.660        20
41.670         0
41.680         7
41.690        13
41.700        13
41.710        13
41.720         0
41.730        53
41.740         7
41.750         0
41.760        13
41.770        20
41.780         7
41.790         7
41.800         7
41.810        13
41.820         0
41.830         7
41.840        13
41.850        20
41.860        33
41.870        27
41.880        13
41.890        27
41.900        27
41.910         0
41.920         7
41.930        20
41.940        27
41.950         0
41.960        13
41.970        20
41.980        13
41.990         7
42.000        13
42.010        20
42.020        20
42.030        27
42.040         7
42.050         7
42.060        20
42.070        27
42.080         0
42.090        20
42.100        20
42.110        13
42.120        20
42.130        20
42.140         0
42.150        20
42.160        20
42.170        27
42.180         0
42.190        33
42.200         0
42.210        20
42.220        13
42.230        20
42.240        20
42.250        33
42.260         0
42.270        20
42.280        27
42.290        13
42.300        13
42.310        13
42.320         7
42.330        27
42.340         7
42.350        13
42.360        20
42.370        20
42.380        13
42.390        27
42.400         7
42.410         7
42.420        13
42.430        13
42.440        27
42.450        13
42.460        20
42.470        33
42.480         7
42.490        13
42.500        33
42.510        20
42.520        13
42.530        20
42.540        33
42.550        20
42.560         7
42.570        47
42.580         0
42.590        27
42.600        20
42.610        33
42.620        27
42.630        20
42.640        20
42.650        20
42.660        20
42.670        13
42.680        20
42.690        13
42.700         7
42.710        33
42.720        27
42.730        27
42.740         7
42.750        20
42.760        20
42.770        20
42.780        13
42.790        27
42.800         0
42.810        13
42.820         0
42.830        20
42.840        13
42.850        20
42.860        13
42.870        20
42.880        33
42.890        33
42.900         7
42.910        20
42.920        27
42.930        13
42.940        47
42.950        20
42.960         7
42.970        13
42.980        40
42.990        20
43.000        20
43.010        13
43.020        13
43.030        27
43.040        13
43.050        13
43.060        20
43.070        27
43.080        20
43.090        13
43.100        33
43.110        20
43.120        27
43.130        20
43.140        20
43.150        13
43.160        13
43.170        20
43.180        13
43.190        13
43.200        47
43.210        20
43.220        13
43.230         7
43.240        27
43.250        27
43.260        20
43.270        27
43.280        20
43.290        13
43.300        13
43.310        20
43.320        13
43.330        27
43.340        13
43.350         7
43.360        33
43.370        13
43.380        27
43.390        20
43.400         7
43.410        13
43.420        20
43.430        20
43.440        13
43.450        20
43.460        20
43.470         7
43.480        13
43.490        13
43.500         0
43.510        33
43.520        13
43.530         7
43.540        13
43.550        13
43.560         0
43.570        20
43.580        33
43.590        27
43.600         7
43.610         7
43.620        13
43.630        13
43.640        20
43.650         7
43.660         7
43.670        40
43.680         7
43.690        27
43.700         7
43.710        13
43.720         0
43.730        13
43.740        20
43.750        13
43.760         7
43.770         0
43.780         7
43.790         7
43.800        27
43.810        20
43.820         7
43.830         0
43.840        20
43.850        13
43.860        27
43.870         7
43.880        20
43.890        47
43.900        27
43.910        20
43.920        13
43.930        13
43.940        27
43.950        40
43.960        27
43.970        13
43.980        20
43.990        27
44.000        20
44.010         7
44.020        13
44.030        13
44.040         0
44.050        13
44.060        20
44.070         0
44.080        27
44.090        27
44.100        13
44.110         7
44.120        13
44.130        27
44.140        33
44.150        40
44.160        13
44.170        33
44.180        13
44.190         7
44.200        20
44.210        13
44.220        13
44.230        20
44.240        27
44.250        33
44.260         0
44.270        33
44.280        33
44.290        13
44.300        20
44.310         7
44.320        33
44.330        33
44.340        27
44.350        13
44.360        13
44.370        13
44.380        13
44.390        13
44.400        40
44.410        13
44.420         7
44.430        20
44.440        27
44.450        13
44.460        20
44.470        13
44.480        13
44.490         0
44.500         0
44.510        33
44.520         7
44.530         7
44.540        27
44.550        47
44.560        20
44.570         7
44.580        20
44.590        13
44.600        40
44.610        13
44.620         7
44.630         7
44.640         7
44.650        20
44.660        20
44.670         0
44.680         7
44.690         0
44.700        27
44.710         0
44.720        33
44.730        27
44.740        53
44.750        13
44.760        27
44.770        33
44.780        13
44.790        13
44.800         7
44.810        13
44.820        13
44.830         7
44.840         0
44.850         0
44.860        20
44.870         7
44.880         7
44.890         7
44.900        13
44.910        13
44.920        33
44.930        13
44.940        27
44.950         7
44.960        13
44.970        13
44.980         0
44.990        20
45.000         7
45.010         0
45.020        27
45.030        13
45.040        20
45.050         7
45.060         7
45.070        13
45.080        13
45.090        20
45.100         7
45.110        20
45.120        13
45.130         0
45.140        13
45.150         7
45.160        27
45.170        33
45.180        40
45.190        33
45.200        20
45.210        33
45.220        13
45.230        27
45.240        20
45.250         7
45.260         7
45.270        20
45.280         7
45.290        33
45.300         7
45.310        47
45.320         7
45.330        33
45.340        20
45.350        13
45.360        20
45.370        27
45.380         7
45.390        33
45.400        13
45.410         0
45.420        20
45.430         0
45.440        20
45.450        40
45.460        33
45.470         7
45.480        40
45.490         7
45.500        27
45.510        33
45.520        27
45.530         7
45.540         0
45.550         7
45.560        20
45.570        20
45.580         7
45.590        40
45.600        20
45.610        33
45.620        27
45.630         7
45.640        13
45.650         0
45.660        27
45.670        13
45.680        13
45.690         0
45.700        40
45.710         0
45.720        13
45.730         7
45.740        13
45.750        60
45.760         7
45.770        13
45.780        20
45.790        33
45.800        20
45.810        13
45.820        20
45.830        20
45.840        20
45.850        27
45.860        13
45.870        33
45.880        27
45.890        27
45.900        33
45.910        47
45.920        47
45.930        13
45.940        27
45.950        27
45.960        20
45.970         7
45.980        33
45.990        20
46.000         7
46.010        33
46.020         7
46.030        20
46.040         7
46.050        13
46.060        53
46.070        20
46.080        20
46.090        33
46.100        27
46.110        40
46.120        33
46.130        33
46.140        33
46.150        20
46.160         7
46.170        33
46.180        47
46.190        40
46.200        53
46.210        13
46.220        20
46.230        53
46.240        33
46.250        13
46.260        27
46.270        13
46.280        27
46.290        47
46.300        20
46.310        47
46.320        20
46.330        33
46.340        40
46.350        13
46.360        20
46.370        20
46.380        27
46.390         7
46.400        13
46.410         7
46.420        13
46.430        13
46.440        47
46.450        20
46.460        13
46.470        13
46.480        33
46.490        13
46.500        13
46.510        20
46.520        20
46.530        27
46.540        20
46.550        20
46.560        40
46.570        20
46.580        20
46.590        20
46.600        13
46.610         7
46.620         7
46.630        20
46.640        13
46.650        33
46.660        47
46.670        33
46.680        13
46.690        27
46.700        13
46.710        13
46.720         7
46.730        20
46.740        27
46.750         7
46.760        13
46.770        13
46.780        20
46.790        27
46.800        13
46.810         7
46.820        27
46.830        13
46.840        20
46.850         7
46.860        20
46.870        20
46.880        13
46.890        20
46.900         0
46.910         7
46.920        13
46.930        20
46.940        20
46.950        40
46.960        20
46.970        20
46.980        20
46.990        13
47.000        33
47.010        60
47.020        27
47.030        20
47.040        13
47.050        20
47.060        13
47.070        33
47.080        20
47.090        13
47.100        47
47.110        13
47.120        20
47.130        40
47.140        27
47.150        13
47.160        33
47.170         7
47.180        20
47.190        13
47.200        20
47.210        47
47.220        20
47.230        33
47.240        27
47.250        40
47.260        33
47.270        40
47.280        40
47.290        40
47.300        20
47.310        20
47.320        13
47.330         0
47.340        13
47.350        20
47.360        20
47.370        40
47.380         7
47.390        27
47.400        13
47.410        27
47.420        20
47.430        27
47.440        40
47.450        13
47.460        20
47.470        27
47.480         7
47.490        13
47.500        33
47.510        20
47.520        13
47.530        13
47.540        20
47.550        27
47.560        20
47.570        13
47.580        40
47.590        13
47.600        27
47.610         7
47.620        20
47.630         0
47.640        33
47.650        13
47.660        13
47.670         7
47.680        33
47.690         7
47.700        13
47.710        40
47.720         0
47.730        13
47.740         7
47.750        20
47.760         7
47.770        33
47.780        20
47.790        13
47.800        20
47.810        20
47.820        20
47.830        13
47.840        33
47.850        27
47.860         7
47.870        20
47.880         7
47.890        13
47.900         0
47.910        40
47.920        20
47.930         7
47.940        13
47.950        33
47.960        13
47.970        20
47.980        13
47.990        13
48.000        13
48.010        13
48.020         7
48.030        20
48.040        13
48.050        13
48.060        27
48.070        13
48.080         7
48.090        27
48.100         0
48.110        40
48.120         7
48.130        27
48.140        33
48.150        53
48.160        13
48.170        20
48.180        13
48.190        27
48.200        20
48.210        40
48.220        20
48.230         7
48.240         7
48.250        33
48.260        40
48.270        40
48.280        27
48.290        53
48.300        27
48.310        13
48.320        27
48.330        20
48.340        33
48.350         7
48.360        47
48.370        27
48.380        20
48.390        20
48.400        20
48.410        20
48.420        20
48.430        27
48.440        33
48.450        20
48.460        20
48.470        20
48.480         7
48.490        13
48.500        47
48.510         7
48.520        13
48.530        13
48.540        13
48.550        33
48.560        33
48.570         7
48.580        20
48.590        33
48.600        13
48.610        13
48.620        20
48.630        13
48.640         0
48.650        33
48.660        13
48.670        27
48.680        40
48.690        13
48.700        20
48.710        53
48.720         0
48.730         7
48.740         7
48.750        13
48.760        20
48.770        13
48.780         7
48.790        13
48.800        13
48.810         7
48.820         0
48.830         7
48.840        13
48.850        13
48.860        27
48.870        27
48.880        13
48.890        20
48.900        13
48.910        13
48.920         7
48.930        13
48.940        13
48.950        33
48.960        20
48.970         7
48.980        27
48.990        53
49.000        20
49.010        20
49.020        33
49.030        20
49.040        33
49.050        40
49.060        33
49.070        47
49.080        47
49.090        13
49.100        27
49.110        33
49.120        47
49.130        20
49.140        13
49.150        33
49.160        13
49.170        40
49.180        20
49.190        33
49.200        27
49.210         7
49.220        13
49.230        33
49.240         7
49.250        20
49.260        60
49.270        47
49.280        40
49.290        13
49.300        53
49.310        20
49.320        27
49.330         7
49.340        20
49.350        13
49.360         7
49.370        20
49.380        13
49.390        20
49.400        53
49.410        20
49.420        13
49.430        40
49.440         0
49.450         7
49.460         0
49.470        20
49.480         7
49.490         0
49.500        13
49.510         7
49.520        13
49.530        33
49.540         7
49.550         7
49.560        27
49.570        20
49.580         7
49.590        20
49.600        33
49.610        20
49.620        20
49.630         0
49.640        20
49.650         7
49.660        20
49.670        13
49.680        13
49.690         7
49.700        40
49.710        20
49.720        27
49.730        13
49.740        33
49.750        33
49.760        27
49.770         7
49.780        33
49.790        20
49.800        20
49.810        20
49.820         7
49.830         7
49.840        27
49.850        13
49.860        27
49.870        27
49.880        13
49.890        47
49.900        33
49.910         7
49.920        13
49.930        13
49.940        20
49.950        20
49.960        33
49.970        13
49.980        40
49.990        53
50.000        40
50.010        40
50.020        27
50.030        27
50.040        13
50.050         0
50.060        33
50.070        20
50.080        47
50.090        13
50.100        13
50.110        20
50.120        27
50.130        20
50.140        20
50.150        13
50.160        20
50.170        27
50.180         7
50.190        40
50.200        20
50.210        13
50.220        47
50.230        20
50.240        13
50.250        13
50.260         7
50.270        20
50.280        13
50.290         7
50.300        33
50.310        20
50.320        27
50.330        20
50.340        13
50.350        20
50.360        27
50.370        20
50.380         0
50.390        20
50.400        20
50.410         7
50.420        13
50.430        13
50.440        20
50.450        27
50.460        20
50.470        27
50.480         7
50.490        27
50.500         0
50.510         7
50.520         7
50.530        13
50.540        20
50.550        20
50.560        13
50.570         7
50.580        13
50.590        20
50.600        13
50.610        27
50.620        20
50.630        13
50.640        13
50.650        33
50.660        20
50.670         0
50.680        13
50.690         0
50.700        13
50.710        27
50.720         7
50.730        27
50.740        13
50.750        13
50.760        20
50.770        13
50.780         7
50.790        13
50.800         7
50.810        13
50.820        20
50.830         0
50.840        13
50.850        13
50.860        47
50.870         7
50.880        40
50.890         0
50.900         0
50.910         7
50.920         0
50.930        13
50.940        20
50.950         7
50.960        60
50.970        20
50.980        20
50.990        20
51.000         0
51.010        13
51.020        33
51.030         0
51.040        13
51.050        33
51.060        13
51.070        27
51.080        47
51.090        27
51.100        20
51.110         7
51.120        40
51.130         7
51.140        20
51.150         7
51.160         7
51.170        33
51.180         7
51.190         0
51.200        40
51.210         7
51.220        13
51.230        20
51.240         0
51.250        27
51.260        20
51.270        60
51.280        13
51.290        27
51.300         7
51.310         7
51.320         7
51.330         7
51.340        20
51.350         7
51.360        27
51.370        33
51.380         7
51.390         0
51.400        40
51.410        20
51.420        20
51.430        27
51.440        27
51.450        33
51.460        53
51.470        13
51.480         7
51.490        20
51.500        27
51.510         7
51.520         7
51.530         0
51.540        13
51.550         7
51.560        20
51.570        13
51.580        13
51.590        13
51.600        13
51.610        40
51.620        20
51.630         7
51.640         7
51.650        20
51.660        40
51.670        20
51.680         7
51.690        20
51.700        13
51.710         0
51.720         7
51.730        27
51.740        13
51.750        53
51.760        27
51.770        13
51.780        27
51.790        20
51.800         0
51.810        27
51.820        27
51.830        27
51.840        33
51.850        27
51.860         7
51.870        20
51.880        20
51.890        33
51.900        27
51.910        20
51.920        40
51.930        60
51.940        40
51.950        60
51.960        27
51.970        40
51.980        27
51.990        47
52.000        53
52.010        33
52.020        47
52.030        47
52.040        20
52.050        60
52.060        40
52.070        47
52.080        47
52.090        47
52.100        33
52.110        60
52.120        33
52.130        20
52.140        27
52.150        47
52.160        27
52.170        27
52.180        20
52.190        73
52.200        40
52.210        27
52.220        13
52.230        40
52.240        13
52.250        40
52.260        20
52.270        47
52.280        33
52.290        40
52.300        13
52.310        40
52.320        13
52.330         7
52.340        27
52.350        27
52.360        27
52.370        13
52.380         7
52.390         7
52.400        13
52.410        47
52.420        20
52.430         0
52.440        13
52.450        27
52.460         7
52.470         7
52.480        13
52.490        27
52.500         7
52.510        13
52.520        13
52.530        13
52.540        13
52.550        20
52.560        33
52.570        40
52.580        33
52.590        13
52.600        13
52.610        27
52.620        20
52.630         7
52.640        27
52.650         7
52.660        33
52.670        13
52.680        27
52.690        33
52.700        33
52.710        13
52.720        20
52.730        27
52.740         7
52.750        33
52.760        27
52.770        33
52.780        33
52.790        27
52.800        20
52.810        27
52.820        20
52.830         7
52.840        27
52.850        20
52.860        13
52.870        13
52.880        20
52.890        13
52.900         7
52.910        27
52.920        27
52.930        20
52.940         7
52.950        40
52.960        27
52.970        20
52.980         7
52.990         0
53.000        13
53.010        20
53.020        20
53.030        27
53.040        20
53.050         7
53.060        13
53.070        13
53.080         0
53.090        20
53.100        20
53.110         0
53.120        27
53.130         7
53.140         7
53.150         0
53.160        13
53.170        13
53.180        40
53.190        13
53.200        13
53.210        13
53.220        20
53.230         0
53.240        27
53.250        20
53.260         0
53.270        33
53.280        40
53.290        13
53.300        13
53.310         7
53.320         7
53.330        20
53.340         7
53.350        27
53.360         0
53.370         7
53.380        20
53.390        13
53.400        53
53.410         7
53.420        13
53.430        20
53.440         0
53.450        20
53.460         7
53.470         7
53.480        13
53.490         0
53.500         7
53.510        47
53.520        20
53.530        27
53.540        20
53.550         0
53.560        13
53.570        13
53.580         7
53.590         0
53.600        33
53.610         7
53.620        53
53.630         7
53.640        13
53.650        20
53.660        13
53.670        13
53.680        20
53.690         7
53.700         7
53.710        20
53.720        13
53.730         0
53.740        13
53.750        20
53.760        13
53.770        33
53.780        27
53.790        20
53.800        27
53.810        27
53.820        13
53.830         7
53.840         7
53.850        33
53.860        13
53.870         0
53.880        27
53.890        47
53.900        20
53.910        40
53.920        27
53.930        40
53.940        27
53.950        13
53.960        27
53.970        27
53.980        20
53.990        13
54.000        27
54.010        27
54.020        13
54.030         0
54.040        27
54.050        20
54.060         7
54.070        13
54.080         0
54.090        60
54.100        27
54.110        20
54.120        13
54.130        13
54.140         7
54.150        27
54.160        20
54.170        20
54.180        27
54.190        27
54.200         7
54.210        40
54.220        13
54.230         7
54.240         0
54.250         7
54.260        27
54.270        27
54.280        20
54.290        20
54.300        20
54.310        40
54.320        13
54.330        20
54.340        27
54.350        13
54.360        13
54.370         0
54.380        20
54.390         7
54.400        20
54.410        20
54.420        13
54.430        20
54.440        13
54.450         7
54.460        27
54.470        13
54.480        13
54.490        20
54.500         7
54.510        27
54.520        13
54.530        20
54.540        13
54.550        20
54.560        13
54.570        20
54.580        27
54.590        13
54.600        13
54.610         7
54.620         7
54.630        20
54.640        13
54.650        27
54.660         7
54.670        27
54.680         7
54.690        20
54.700        20
54.710        13
54.720         0
54.730         0
54.740         7
54.750        33
54.760        33
54.770         0
54.780        27
54.790        13
54.800        47
54.810        27
54.820        53
54.830        13
54.840        33
54.850        13
54.860        13
54.870        40
54.880        20
54.890        33
54.900        13
54.910        27
54.920        27
54.930        20
54.940        20
54.950        33
54.960        20
54.970        40
54.980        40
54.990        27
55.000         7
55.010        27
55.020        33
55.030        27
55.040        20
55.050        27
55.060        13
55.070        13
55.080        27
55.090        27
55.100         7
55.110        27
55.120        13
55.130        13
55.140        13
55.150        13
55.160        13
55.170        13
55.180        27
55.190        20
55.200        13
55.210        13
55.220        40
55.230        20
55.240        27
55.250        13
55.260        33
55.270         7
55.280        13
55.290        13
55.300        13
55.310        13
55.320        27
55.330        20
55.340        13
55.350        13
55.360        13
55.370        40
55.380        13
55.390        20
55.400        13
55.410        20
55.420        27
55.430         7
55.440        20
55.450        33
55.460         7
55.470         7
55.480        27
55.490        27
55.500        27
55.510         7
55.520        27
55.530        27
55.540        13
55.550         7
55.560        13
55.570         7
55.580        27
55.590        33
55.600        33
55.610        27
55.620        13
55.630        20
55.640        13
55.650        27
55.660        27
55.670        20
55.680        20
55.690        33
55.700        33
55.710        33
55.720        13
55.730        20
55.740        27
55.750        27
55.760        27
55.770        20
55.780         7
55.790        13
55.800         7
55.810        27
55.820         7
55.830        20
55.840        40
55.850        20
55.860        13
55.870        27
55.880        13
55.890        13
55.900        13
55.910        27
55.920        20
55.930        20
55.940        40
55.950        47
55.960        13
55.970        33
55.980        27
55.990        20
56.000        20
56.010        20
56.020         7
56.030         7
56.040        20
56.050        33
56.060        20
56.070        13
56.080         7
56.090        47
56.100        20
56.110         0
56.120         7
56.130        13
56.140        33
56.150        60
56.160        60
56.170        20
56.180        33
56.190        27
56.200        20
56.210        27
56.220         0
56.230        27
56.240        27
56.250        33
56.260        27
56.270        13
56.280        20
56.290         7
56.300         0
56.310        47
56.320        33
56.330        40
56.340        13
56.350        27
56.360        20
56.370         7
56.380        20
56.390        47
56.400         7
56.410         7
56.420         7
56.430        27
56.440         7
56.450        47
56.460        20
56.470        13
56.480        13
56.490        27
56.500        27
56.510         0
56.520        13
56.530        27
56.540        27
56.550        13
56.560        27
56.570        33
56.580        27
56.590        13
56.600        13
56.610        33
56.620        13
56.630        20
56.640        33
56.650        27
56.660        27
56.670        27
56.680        40
56.690        13
56.700        20
56.710        20
56.720        20
56.730        33
56.740        33
56.750        20
56.760        20
56.770        13
56.780         7
56.790         7
56.800        20
56.810        20
56.820        33
56.830        47
56.840         7
56.850        27
56.860        13
56.870        27
56.880         7
56.890        13
56.900        40
56.910        27
56.920        13
56.930         7
56.940        27
56.950        40
56.960         0
56.970        13
56.980        13
56.990         7
57.000        13
57.010        20
57.020        27
57.030        13
57.040        40
57.050         7
57.060        33
57.070        13
57.080         7
57.090        20
57.100        13
57.110        13
57.120        33
57.130        40
57.140        20
57.150        47
57.160        27
57.170        40
57.180        20
57.190        27
57.200        27
57.210        67
57.220        20
57.230        33
57.240         7
57.250        27
57.260        20
57.270        20
57.280        20
57.290        27
57.300        13
57.310        20
57.320        27
57.330        20
57.340        20
57.350        13
57.360        47
57.370        27
57.380        33
57.390        13
57.400        13
57.410        13
57.420        60
57.430        20
57.440        27
57.450        33
57.460        60
57.470        33
57.480        47
57.490        13
57.500        27
57.510        20
57.520        20
57.530        33
57.540         7
57.550        13
57.560        60
57.570        13
57.580        33
57.590        33
57.600        27
57.610        53
57.620        20
57.630        27
57.640        33
57.650        13
57.660        13
57.670        20
57.680        13
57.690        27
57.700         7
57.710        13
57.720        33
57.730        40
57.740        33
57.750         0
57.760        33
57.770        13
57.780        33
57.790        40
57.800        20
57.810        47
57.820        27
57.830        27
57.840        33
57.850        27
57.860         7
57.870        13
57.880        20
57.890         7
57.900        20
57.910         7
57.920        27
57.930        20
57.940         0
57.950        13
57.960        13
57.970        20
57.980        13
57.990        13
58.000         7
58.010         7
58.020         7
58.030        20
58.040        20
58.050        13
58.060        27
58.070         7
58.080         7
58.090         0
58.100        13
58.110         7
58.120        13
58.130         7
58.140        20
58.150        13
58.160         7
58.170         0
58.180         7
58.190         0
58.200        27
58.210         7
58.220        13
58.230        33
58.240         0
58.250         7
58.260        33
58.270        27
58.280        27
58.290        13
58.300         7
58.310        27
58.320        13
58.330        47
58.340        13
58.350         7
58.360        13
58.370        27
58.380         7
58.390        27
58.400        20
58.410        20
58.420        33
58.430         7
58.440         0
58.450         0
58.460        20
58.470        13
58.480        33
58.490         7
58.500         7
58.510         7
58.520         7
58.530         7
58.540        33
58.550         0
58.560        13
58.570        13
58.580        13
58.590         7
58.600        13
58.610         7
58.620        20
58.630        20
58.640        20
58.650         7
58.660         7
58.670        20
58.680        13
58.690         7
58.700        13
58.710        20
58.720        13
58.730        20
58.740        13
58.750        13
58.760        20
58.770         0
58.780         7
58.790        20
58.800         7
58.810        33
58.820        20
58.830        27
58.840         7
58.850        27
58.860        13
58.870         7
58.880        20
58.890        13
58.900        20
58.910        33
58.920        40
58.930         7
58.940        13
58.950        20
58.960        27
58.970         7
58.980        13
58.990         7
59.000        20
59.010         7
59.020        13
59.030         0
59.040        40
59.050        20
59.060         7
59.070        13
59.080        27
59.090        13
59.100        13
59.110        13
59.120        47
59.130         0
59.140        20
59.150         7
59.160        13
59.170         7
59.180        27
59.190        13
59.200         7
59.210        33
59.220        13
59.230        27
59.240         7
59.250        27
59.260        20
59.270        13
59.280        33
59.290        27
59.300        33
59.310        27
59.320        80
59.330        47
59.340        40
59.350        33
59.360        47
59.370        33
59.380        47
59.390        73
59.400        80
59.410        67
59.420        60
59.430        67
59.440        60
59.450        60
59.460       100
59.470        60
59.480        53
59.490        60
59.500        73
59.510        67
59.520        87
59.530        47
59.540        20
59.550        73
59.560       100
59.570        73
59.580        53
59.590        80
59.600        40
59.610        40
59.620       113
59.630        47
59.640        40
59.650       127
59.660       107
59.670        53
59.680       120
59.690        53
59.700        53
59.710        53
59.720        73
59.730        93
59.740       107
59.750        40
59.760        53
59.770        60
59.780        80
59.790        67
59.800        87
59.810        53
59.820       107
59.830        80
59.840        93
59.850       120
59.860        67
59.870        40
59.880        80
59.890        60
59.900        87
59.910        67
59.920        73
59.930        67
59.940        53
59.950        80
59.960        60
59.970       113
59.980        67
59.990        87
60.000        60
60.010       113
60.020        93
60.030       100
60.040       107
60.050        47
60.060       113
60.070        40
60.080        80
60.090        87
60.100        93
60.110        53
60.120        67
60.130       107
60.140        60
60.150        67
60.160        80
60.170        67
60.180       113
60.190       100
60.200        73
60.210        53
60.220        93
60.230        40
60.240        93
60.250        87
60.260        47
60.270        93
60.280        87
60.290        80
60.300        73
60.310       127
60.320       120
60.330        80
60.340        80
60.350       120
60.360        67
60.370        87
60.380       107
60.390        87
60.400        60
60.410        87
60.420        67
60.430       100
60.440        40
60.450        53
60.460        93
60.470        93
60.480        93
60.490       107
60.500        87
60.510       113
60.520       113
60.530       113
60.540       140
60.550        67
60.560        93
60.570       107
60.580       167
60.590        53
60.600        93
60.610       140
60.620       153
60.630       127
60.640        67
60.650       133
60.660        87
60.670       100
60.680       133
60.690       113
60.700       100
60.710       120
60.720        80
60.730        93
60.740       100
60.750        93
60.760       100
60.770       127
60.780       133
60.790       133
60.800       113
60.810       133
60.820       113
60.830        93
60.840        73
60.850        87
60.860        60
60.870       107
60.880        80
60.890        60
60.900       120
60.910       100
60.920       133
60.930       113
60.940        73
60.950        67
60.960        67
60.970        73
60.980       100
60.990        80
61.000        60
61.010        80
61.020       100
61.030        87
61.040        53
61.050        80
61.060        60
61.070        60
61.080        47
61.090        27
61.100        33
61.110         7
61.120        20
61.130        40
61.140        33
61.150        20
61.160        40
61.170        27
61.180        20
61.190         7
61.200        33
61.210        20
61.220        60
61.230         7
61.240        27
61.250        33
61.260        20
61.270        20
61.280        27
61.290        40
61.300        13
61.310        47
61.320        13
61.330        20
61.340        47
61.350        13
61.360        33
61.370        27
61.380        33
61.390        27
61.400        27
61.410        27
61.420        47
61.430        20
61.440        33
61.450        27
61.460        33
61.470        47
61.480        47
61.490        27
61.500        20
61.510        27
61.520        20
61.530        27
61.540        13
61.550        20
61.560        20
61.570        33
61.580        27
61.590        27
61.600        13
61.610        13
61.620        20
61.630        13
61.640        40
61.650        20
61.660        33
61.670         7
61.680        27
61.690         7
61.700         7
61.710         0
61.720         7
61.730         7
61.740         7
61.750        13
61.760         7
61.770        27
61.780        13
61.790        13
61.800        13
61.810        40
61.820        20
61.830        27
61.840        13
61.850        20
61.860        20
61.870         7
61.880        40
61.890        13
61.900         7
61.910        13
61.920        13
61.930        27
61.940         7
61.950        27
61.960        13
61.970        27
61.980        13
61.990         7
62.000         7
62.010         7
62.020        40
62.030        33
62.040        13
62.050        20
62.060        13
62.070         7
62.080         7
62.090        27
62.100         7
62.110        13
62.120        20
62.130        13
62.140        13
62.150        27
62.160        20
62.170        20
62.180        13
62.190        13
62.200        40
62.210        13
62.220        13
62.230        13
62.240         7
62.250         7
62.260        33
62.270        27
62.280         7
62.290        13
62.300        33
62.310        13
62.320         0
62.330         7
62.340         0
62.350         7
62.360        40
62.370         7
62.380        13
62.390        13
62.400        13
62.410         7
62.420        40
62.430        33
62.440        20
62.450         7
62.460        20
62.470         0
62.480         7
62.490         7
62.500        20
62.510        27
62.520         0
62.530         7
62.540         7
62.550         7
62.560        13
62.570         0
62.580        13
62.590        13
62.600         7
62.610        13
62.620        33
62.630        20
62.640        13
62.650        27
62.660        20
62.670        20
62.680        20
62.690         7
62.700        20
62.710        27
62.720         0
62.730        20
62.740        13
62.750        13
62.760        20
62.770        20
62.780        47
62.790         0
62.800        27
62.810        20
62.820        20
62.830        20
62.840        33
62.850        20
62.860        27
62.870        20
62.880         7
62.890         7
62.900        27
62.910         7
62.920         7
62.930        13
62.940        13
62.950        33
62.960         0
62.970        20
62.980        20
62.990        27
63.000        13
63.010         7
63.020         7
63.030        20
63.040        13
63.050        13
63.060        13
63.070        33
63.080        20
63.090        20
63.100        33
63.110         7
63.120         0
63.130         7
63.140         7
63.150         7
63.160         7
63.170        13
63.180        13
63.190         7
63.200        27
63.210         7
63.220        40
63.230        20
63.240        27
63.250         7
63.260        27
63.270        13
63.280        20
63.290        13
63.300        20
63.310        20
63.320         7
63.330         7
63.340        20
63.350        13
63.360        40
63.370        27
63.380         7
63.390        13
63.400        33
63.410        13
63.420         0
63.430        27
63.440        20
63.450        33
63.460         0
63.470        13
63.480        20
63.490        40
63.500         7
63.510         7
63.520         7
63.530        13
63.540         7
63.550        27
63.560        13
63.570        20
63.580        20
63.590        13
63.600         7
63.610        13
63.620         0
63.630        20
63.640        27
63.650         7
63.660        20
63.670         7
63.680        20
63.690         7
63.700         7
63.710         7
63.720         0
63.730        13
63.740        27
63.750        20
63.760         7
63.770        40
63.780        27
63.790         7
63.800        13
63.810         0
63.820         7
63.830        13
63.840        13
63.850         7
63.860        20
63.870        27
63.880         7
63.890         7
63.900        27
63.910         7
63.920        13
63.930        33
63.940        40
63.950        13
63.960        13
63.970        13
63.980        20
63.990         0
64.000        27
64.010         7
64.020         7
64.030        13
64.040        33
64.050        40
64.060         0
64.070        13
64.080        13
64.090        13
64.100         7
64.110        13
64.120        33
64.130        13
64.140        13
64.150        20
64.160        27
64.170        27
64.180         7
64.190        27
64.200         7
64.210         7
64.220         7
64.230        20
64.240        13
64.250        20
64.260        20
64.270        20
64.280        13
64.290        20
64.300        13
64.310        13
64.320        13
64.330         7
64.340         0
64.350        20
64.360        33
64.370        27
64.380        13
64.390        13
64.400        27
64.410        20
64.420        27
64.430        33
64.440        27
64.450        27
64.460        20
64.470        20
64.480        13
64.490        13
64.500        33
64.510        13
64.520         7
64.530        20
64.540        47
64.550        27
64.560        13
64.570         7
64.580        13
64.590        27
64.600        33
64.610         7
64.620        27
64.630         7
64.640        13
64.650        13
64.660        20
64.670        13
64.680        33
64.690        27
64.700        20
64.710         7
64.720         0
64.730        33
64.740         0
64.750        13
64.760        13
64.770        27
64.780        20
64.790        27
64.800        13
64.810        13
64.820        27
64.830        33
64.840        13
64.850         7
64.860         0
64.870         7
64.880        13
64.890         0
64.900        40
64.910        40
64.920        33
64.930        13
64.940        27
64.950        27
64.960        33
64.970         7
64.980        13
64.990         7
65.000        20
65.010        20
65.020        13
65.030        53
65.040        20
65.050        27
65.060         7
65.070         0
65.080         7
65.090        13
65.100         7
65.110         7
65.120        13
65.130        13
65.140         7
65.150         0
65.160         7
65.170        13
65.180         7
65.190        33
65.200         7
65.210        20
65.220         7
65.230        13
65.240        13
65.250        13
65.260         7
65.270        13
65.280        13
65.290        20
65.300        13
65.310         0
65.320        13
65.330        13
65.340        13
65.350         0
65.360         0
65.370         0
65.380        20
65.390        13
65.400        13
65.410        13
65.420        13
65.430         7
65.440         7
65.450         7
65.460        20
65.470         7
65.480        13
65.490        27
65.500         0
65.510        20
65.520        13
65.530         0
65.540        33
65.550        13
65.560        13
65.570         0
65.580        13
65.590         7
65.600        20
65.610        20
65.620        20
65.630        33
65.640        27
65.650        13
65.660        13
65.670        33
65.680        13
65.690         0
65.700        27
65.710        20
65.720        13
65.730        20
65.740        27
65.750        13
65.760        13
65.770         7
65.780         0
65.790        20
65.800        27
65.810        27
65.820        40
65.830        13
65.840        27
65.850         7
65.860         7
65.870        13
65.880        20
65.890         7
65.900         7
65.910        13
65.920        13
65.930         0
65.940        20
65.950         0
65.960        13
65.970        20
65.980         0
65.990         7
66.000        13
66.010        20
66.020        33
66.030        40
66.040         7
66.050         7
66.060        27
66.070         7
66.080        13
66.090        20
66.100        13
66.110         0
66.120        40
66.130         0
66.140         7
66.150         7
66.160        33
66.170         7
66.180        13
66.190        13
66.200        20
66.210        20
66.220        33
66.230        20
66.240        20
66.250         7
66.260        13
66.270        13
66.280        27
66.290        27
66.300         0
66.310        13
66.320        13
66.330        27
66.340        27
66.350         7
66.360        13
66.370        13
66.380        33
66.390        40
66.400        27
66.410        47
66.420        13
66.430        13
66.440        20
66.450        13
66.460        40
66.470        33
66.480         0
66.490        40
66.500         7
66.510         0
66.520        13
66.530        13
66.540        27
66.550        20
66.560        13
66.570        33
66.580         7
66.590        20
66.600        33
66.610        47
66.620        27
66.630         0
66.640        33
66.650        20
66.660        13
66.670         7
66.680         7
66.690        33
66.700        13
66.710        13
66.720        27
66.730        33
66.740        27
66.750        13
66.760         7
66.770         7
66.780         0
66.790         7
66.800         7
66.810        20
66.820        27
66.830        13
66.840         0
66.850        13
66.860        27
66.870        13
66.880        13
66.890        33
66.900         7
66.910        33
66.920        27
66.930         0
66.940         0
66.950         0
66.960        27
66.970         0
66.980        13
66.990         7
67.000         7
67.010        13
67.020        13
67.030         0
67.040        13
67.050         7
67.060        20
67.070        20
67.080        20
67.090        27
67.100        27
67.110        20
67.120         7
67.130        13
67.140         7
67.150         7
67.160         0
67.170        20
67.180        13
67.190        13
67.200         7
67.210        27
67.220         7
67.230        20
67.240        20
67.250         0
67.260        13
67.270        13
67.280         0
67.290        20
67.300        33
67.310        13
67.320         7
67.330        27
67.340        20
67.350         7
67.360         7
67.370        13
67.380        20
67.390        27
67.400        13
67.410        20
67.420         0
67.430        13
67.440        20
67.450        13
67.460         7
67.470        20
67.480         7
67.490         0
67.500        13
67.510        20
67.520        27
67.530         7
67.540        13
67.550         7
67.560        13
67.570        13
67.580        13
67.590        27
67.600        27
67.610        20
67.620         0
67.630         7
67.640        20
67.650         7
67.660         7
67.670        13
67.680         7
67.690        20
67.700        20
67.710         7
67.720        20
67.730        20
67.740        33
67.750        13
67.760        20
67.770        13
67.780        13
67.790        13
67.800        13
67.810        27
67.820        13
67.830         7
67.840        13
67.850        27
67.860        20
67.870         7
67.880         7
67.890         7
67.900        13
67.910        13
67.920         7
67.930        27
67.940        20
67.950         7
67.960        20
67.970         7
67.980         7
67.990         7
68.000        20
68.010         7
68.020         0
68.030        13
68.040         7
68.050         7
68.060        27
68.070         7
68.080         7
68.090        33
68.100         0
68.110        13
68.120        20
68.130        20
68.140        13
68.150        13
68.160         7
68.170        47
68.180        20
68.190        13
68.200        13
68.210         7
68.220        13
68.230        27
68.240        20
68.250        13
68.260         7
68.270        13
68.280        20
68.290         7
68.300        33
68.310        27
68.320         7
68.330        13
68.340        20
68.350        20
68.360         7
68.370        13
68.380        13
68.390        47
68.400         7
68.410        13
68.420        20
68.430        20
68.440        20
68.450        13
68.460        47
68.470        33
68.480         7
68.490        20
68.500        33
68.510         7
68.520        20
68.530         7
68.540         7
68.550         7
68.560        20
68.570         0
68.580        20
68.590        27
68.600         7
68.610        13
68.620        13
68.630        20
68.640        20
68.650        13
68.660         7
68.670        13
68.680         7
68.690        13
68.700        27
68.710         0
68.720        27
68.730        13
68.740        27
68.750         7
68.760        13
68.770         0
68.780        13
68.790        27
68.800         7
68.810        20
68.820        27
68.830        33
68.840        20
68.850        13
68.860         7
68.870        20
68.880         7
68.890         0
68.900        13
68.910        13
68.920        20
68.930        20
68.940        20
68.950        13
68.960        20
68.970         0
68.980         7
68.990         7
69.000        20
69.010        13
69.020        13
69.030        13
69.040         0
69.050        13
69.060        13
69.070         0
69.080        20
69.090        20
69.100         0
69.110        20
69.120         7
69.130        27
69.140        20
69.150         0
69.160        13
69.170         0
69.180         0
69.190        20
69.200         7
69.210        20
69.220        13
69.230        13
69.240         0
69.250         7
69.260         0
69.270        20
69.280        13
69.290         7
69.300         0
69.310        20
69.320        20
69.330        40
69.340        20
69.350        13
69.360         0
69.370        20
69.380         7
69.390         7
69.400        33
69.410        33
69.420        27
69.430         0
69.440         7
69.450         0
69.460        20
69.470         7
69.480        27
69.490        13
69.500        27
69.510        20
69.520        13
69.530         7
69.540        20
69.550         7
69.560        40
69.570         7
69.580        20
69.590        13
69.600        27
69.610        20
69.620        20
69.630        13
69.640         7
69.650        13
69.660         7
69.670         7
69.680         7
69.690         7
69.700        20
69.710        13
69.720        20
69.730         7
69.740         0
69.750        20
69.760         7
69.770        20
69.780        40
69.790         7
69.800         0
69.810         0
69.820        13
69.830        33
69.840         7
69.850        20
69.860        40
69.870        20
69.880        20
69.890        27
69.900        13
69.910         7
69.920        13
69.930        13
69.940        13
69.950        20
69.960         7
69.970        13
69.980        27
69.990        20
70.000        13
70.010         7
70.020         7
70.030        20
70.040        40
70.050        27
70.060        20
70.070        20
70.080         0
70.090         7
70.100        13
70.110        13
70.120        27
70.130        33
70.140        13
70.150         7
70.160         7
70.170         7
70.180         0
70.190        40
70.200        13
70.210        13
70.220         7
70.230        27
70.240        13
70.250         7
70.260         0
70.270        20
70.280        13
70.290         7
70.300         7
70.310        27
70.320        13
70.330        20
70.340        13
70.350        20
70.360         7
70.370         0
70.380        20
70.390         7
70.400        13
70.410         7
70.420        27
70.430         7
70.440        13
70.450         7
70.460        20
70.470        20
70.480        13
70.490        13
70.500         7
70.510        13
70.520        27
70.530        13
70.540        13
70.550         7
70.560        27
70.570         7
70.580        20
70.590        20
70.600         7
70.610         0
70.620        27
70.630         7
70.640        27
70.650        33
70.660        13
70.670        20
70.680        13
70.690        20
70.700        27
70.710         7
70.720         7
70.730         7
70.740        20
70.750         7
70.760         7
70.770        13
70.780         0
70.790        13
70.800         7
70.810         7
70.820         7
70.830         7
70.840         7
70.850         7
70.860         0
70.870         7
70.880         7
70.890        13
70.900        13
70.910        20
70.920        20
70.930        47
70.940        20
70.950        13
70.960         0
70.970        13
70.980        20
70.990         7
71.000        20
71.010        13
71.020        53
71.030         0
71.040         7
71.050        20
71.060        13
71.070         7
71.080        20
71.090         7
71.100         7
71.110        27
71.120        13
71.130        13
71.140         0
71.150         7
71.160        13
71.170        33
71.180        20
71.190        27
71.200        20
71.210        33
71.220         0
71.230        40
71.240        33
71.250         7
71.260        20
71.270        27
71.280         7
71.290        27
71.300        13
71.310        13
71.320        13
71.330        13
71.340        20
71.350        13
71.360        20
71.370         7
71.380         7
71.390        33
71.400         7
71.410         7
71.420         7
71.430         7
71.440        13
71.450        27
71.460         0
71.470         0
71.480         7
71.490        27
71.500         0
71.510        13
71.520         7
71.530         7
71.540         7
71.550         7
71.560         7
71.570         7
71.580        20
71.590         0
71.600         7
71.610         7
71.620         7
71.630        27
71.640        33
71.650        13
71.660        13
71.670        20
71.680        27
71.690        13
71.700        27
71.710        33
71.720        13
71.730        13
71.740         0
71.750        13
71.760         7
71.770        20
71.780        20
71.790         0
71.800        27
71.810        13
71.820         7
71.830        33
71.840        47
71.850         7
71.860        27
71.870         7
71.880        27
71.890        20
71.900         7
71.910        27
71.920         7
71.930         7
71.940        27
71.950        20
71.960        13
71.970        20
71.980        27
71.990         7
72.000        13
72.010        27
72.020         7
72.030        27
72.040        27
72.050        13
72.060        27
72.070         0
72.080        40
72.090        13
72.100        47
72.110         7
72.120        27
72.130        13
72.140        20
72.150        20
72.160        27
72.170        27
72.180         7
72.190         7
72.200        13
72.210        20
72.220        33
72.230        27
72.240         7
72.250        27
72.260        20
72.270         7
72.280        20
72.290         0
72.300        33
72.310         7
72.320        13
72.330        13
72.340         7
72.350         0
72.360        20
72.370        27
72.380         7
72.390        13
72.400        20
72.410         0
72.420        20
72.430         7
72.440        13
72.450         7
72.460         7
72.470         0
72.480         7
72.490        27
72.500        27
72.510        13
72.520        13
72.530         7
72.540         7
72.550         7
72.560        27
72.570        20
72.580        27
72.590        27
72.600        20
72.610        20
72.620        20
72.630         0
72.640        20
72.650        33
72.660        27
72.670        13
72.680        13
72.690         7
72.700        33
72.710        13
72.720        27
72.730        27
72.740         0
72.750        33
72.760        47
72.770        40
72.780         7
72.790        20
72.800        27
72.810         0
72.820        33
72.830        27
72.840        20
72.850         7
72.860        27
72.870        33
72.880         7
72.890        27
72.900        20
72.910        13
72.920         7
72.930         7
72.940        13
72.950        33
72.960        13
72.970         7
72.980        13
72.990         7
73.000        13
73.010        13
73.020        13
73.030         7
73.040        27
73.050         7
73.060        20
73.070         7
73.080         0
73.090         7
73.100        27
73.110         7
73.120        13
73.130         0
73.140        27
73.150        20
73.160        27
73.170         7
73.180        33
73.190         7
73.200         7
73.210        20
73.220        13
73.230        13
73.240         0
73.250        27
73.260         0
73.270         7
73.280         7
73.290        20
73.300        20
73.310         7
73.320        27
73.330        27
73.340         7
73.350         7
73.360         0
73.370        13
73.380        27
73.390        20
73.400        13
73.410        20
73.420         7
73.430        20
73.440        13
73.450         7
73.460         7
73.470        20
73.480        20
73.490        20
73.500        20
73.510        13
73.520        20
73.530        13
73.540         7
73.550        27
73.560        27
73.570         7
73.580        20
73.590         0
73.600        13
73.610         7
73.620         7
73.630        13
73.640        20
73.650        13
73.660        20
73.670         7
73.680         7
73.690        20
73.700         7
73.710        13
73.720         7
73.730         7
73.740         0
73.750        13
73.760        20
73.770        13
73.780         7
73.790         0
73.800         7
73.810        33
73.820        13
73.830        13
73.840        13
73.850         0
73.860        13
73.870        13
73.880        20
73.890         0
73.900        13
73.910        40
73.920         0
73.930        27
73.940         0
73.950        20
73.960        33
73.970        27
73.980        27
73.990        13
74.000        33
74.010        33
74.020        13
74.030        13
74.040        20
74.050        20
74.060         7
74.070        33
74.080        20
74.090         7
74.100        27
74.110        13
74.120        13
74.130        13
74.140        13
74.150         7
74.160        20
74.170         7
74.180        20
74.190        13
74.200         0
74.210         7
74.220         7
74.230        20
74.240        40
74.250         0
74.260        13
74.270        13
74.280         7
74.290        20
74.300        13
74.310        27
74.320         7
74.330        13
74.340        27
74.350        27
74.360         0
74.370        13
74.380        33
74.390        27
74.400         7
74.410        13
74.420         7
74.430        20
74.440        20
74.450        13
74.460        20
74.470        27
74.480         7
74.490        13
74.500        13
74.510         7
74.520        20
74.530        40
74.540        20
74.550        13
74.560         7
74.570        13
74.580        27
74.590         7
74.600        20
74.610        13
74.620        13
74.630        20
74.640        13
74.650        27
74.660         0
74.670        13
74.680        13
74.690        13
74.700        13
74.710        27
74.720         0
74.730        13
74.740        27
74.750        13
74.760        20
74.770        33
74.780         7
74.790        27
74.800         0
74.810         7
74.820        20
74.830        13
74.840        13
74.850        27
74.860        20
74.870        13
74.880         7
74.890         0
74.900        20
74.910        13
74.920         0
74.930        33
74.940        13
74.950         7
74.960        13
74.970         7
74.980         7
74.990        13
75.000         7
75.010         7
75.020        13
75.030         0
75.040         7
75.050        20
75.060        13
75.070        27
75.080         0
75.090        13
75.100        33
75.110         7
75.120        27
75.130         7
75.140        13
75.150         7
75.160        20
75.170        47
75.180        20
75.190         0
75.200         7
75.210        13
75.220         0
75.230        20
75.240         7
75.250         7
75.260        33
75.270        13
75.280         7
75.290         7
75.300         0
75.310         7
75.320        33
75.330         0
75.340        20
75.350        33
75.360        13
75.370        33
75.380        13
75.390         7
75.400        20
75.410         7
75.420         7
75.430        13
75.440        20
75.450         7
75.460         7
75.470        20
75.480        27
75.490         7
75.500        20
75.510         0
75.520        33
75.530        13
75.540         0
75.550        13
75.560        13
75.570        27
75.580        53
75.590        13
75.600         7
75.610         0
75.620        20
75.630         0
75.640        33
75.650         7
75.660         7
75.670        27
75.680        13
75.690         0
75.700         0
75.710        20
75.720         0
75.730         0
75.740         7
75.750        20
75.760         7
75.770        20
75.780        27
75.790        13
75.800        27
75.810        13
75.820        20
75.830         0
75.840        13
75.850        13
75.860        13
75.870         7
75.880        13
75.890        20
75.900        20
75.910         7
75.920        27
75.930         0
75.940        20
75.950        27
75.960         7
75.970        20
75.980         7
75.990        27
76.000        20
76.010        20
76.020         0
76.030        13
76.040        13
76.050         7
76.060        20
76.070        47
76.080        47
76.090         7
76.100         7
76.110        13
76.120        20
76.130         0
76.140         7
76.150        13
76.160        13
76.170        40
76.180         7
76.190        27
76.200        20
76.210        13
76.220        13
76.230        13
76.240         7
76.250        13
76.260         7
76.270         0
76.280         0
76.290        13
76.300         7
76.310         7
76.320        13
76.330        20
76.340        27
76.350         0
76.360        20
76.370        20
76.380         0
76.390        13
76.400        13
76.410        13
76.420        13
76.430        13
76.440        20
76.450        27
76.460         0
76.470        40
76.480        13
76.490        20
76.500         7
76.510        20
76.520        47
76.530         0
76.540        20
76.550        20
76.560         0
76.570        20
76.580         7
76.590        13
76.600         0
76.610        13
76.620        33
76.630        13
76.640        27
76.650        33
76.660        40
76.670        40
76.680        27
76.690         0
76.700         7
76.710        27
76.720        13
76.730         0
76.740        20
76.750         7
76.760         0
76.770         0
76.780        27
76.790         7
76.800        13
76.810         0
76.820        27
76.830        20
76.840        13
76.850         7
76.860         7
76.870        20
76.880         7
76.890        20
76.900         0
76.910        20
76.920        40
76.930        13
76.940        13
76.950        13
76.960        13
76.970        13
76.980         7
76.990        27
77.000        27
77.010        13
77.020        13
77.030         7
77.040        13
77.050        13
77.060        20
77.070        27
77.080         0
77.090        27
77.100        33
77.110        27
77.120        27
77.130        20
77.140        40
77.150         7
77.160         7
77.170        20
77.180        13
77.190         0
77.200        20
77.210        20
77.220         7
77.230        27
77.240         7
77.250        27
77.260        20
77.270         7
77.280        13
77.290        27
77.300        27
77.310        27
77.320        20
77.330        20
77.340        27
77.350         7
77.360        20
77.370         7
77.380        13
77.390         7
77.400        13
77.410        13
77.420         7
77.430        33
77.440        33
77.450        20
77.460        13
77.470        13
77.480         7
77.490         7
77.500         7
77.510        13
77.520        13
77.530         7
77.540         0
77.550        20
77.560         7
77.570        13
77.580         7
77.590        27
77.600         7
77.610        13
77.620        20
77.630        20
77.640        13
77.650        13
77.660         7
77.670        13
77.680        13
77.690        13
77.700        13
77.710         7
77.720         0
77.730         7
77.740        13
77.750        13
77.760        13
77.770         7
77.780        33
77.790         7
77.800        27
77.810         0
77.820         0
77.830        27
77.840         7
77.850         0
77.860         7
77.870        13
77.880        20
77.890         7
77.900        13
77.910         7
77.920        20
77.930         7
77.940         7
77.950        13
77.960         7
77.970         7
77.980        13
77.990        13
78.000         7
78.010        13
78.020         7
78.030         7
78.040        20
78.050        27
78.060         0
78.070        27
78.080         7
78.090        13
78.100        20
78.110        13
78.120        13
78.130        20
78.140        20
78.150        13
78.160        27
78.170         7
78.180         7
78.190         7
78.200         0
78.210        27
78.220        40
78.230        27
78.240        13
78.250        33
78.260         7
78.270        13
78.280        13
78.290         0
78.300        20
78.310         7
78.320        13
78.330        13
78.340        33
78.350        33
78.360        13
78.370         7
78.380        40
78.390        27
78.400        20
78.410        27
78.420         7
78.430         7
78.440        13
78.450        20
78.460        13
78.470         0
78.480        13
78.490         7
78.500         7
78.510        13
78.520        13
78.530        53
78.540        20
78.550        13
78.560        33
78.570        40
78.580         0
78.590         7
78.600        20
78.610        13
78.620        47
78.630        13
78.640        13
78.650        27
78.660        13
78.670         0
78.680        27
78.690         7
78.700         7
78.710         7
78.720        33
78.730        47
78.740         7
78.750        20
78.760         7
78.770         7
78.780         0
78.790        27
78.800        27
78.810         0
78.820        33
78.830        13
78.840        27
78.850         0
78.860        13
78.870        13
78.880        13
78.890         7
78.900        13
78.910         7
78.920        13
78.930        20
78.940        33
78.950        20
78.960        13
78.970         7
78.980        20
78.990         0
79.000        13
79.010        20
79.020        13
79.030        13
79.040        33
79.050        33
79.060         7
79.070         7
79.080        33
79.090        20
79.100         7
79.110         7
79.120         7
79.130        33
79.140        20
79.150        20
79.160         0
79.170        27
79.180        33
79.190        27
79.200        13
79.210        13
79.220         7
79.230        27
79.240        13
79.250         7
79.260         7
79.270        27
79.280         7
79.290        20
79.300        13
79.310         7
79.320        33
79.330        20
79.340         0
79.350        13
79.360        33
79.370         7
79.380        40
79.390         7
79.400        20
79.410        13
79.420        20
79.430        13
79.440         7
79.450         7
79.460        27
79.470         7
79.480        20
79.490        13
79.500        20
79.510        27
79.520        47
79.530        13
79.540        20
79.550         7
79.560         0
79.570        20
79.580        20
79.590        27
79.600        13
79.610         7
79.620        20
79.630        13
79.640         0
79.650        13
79.660        40
79.670        33
79.680         0
79.690        13
79.700         7
79.710         7
79.720        27
79.730         7
79.740         0
79.750         7
79.760        20
79.770        27
79.780        13
79.790        13
79.800        13
79.810        20
79.820        13
79.830        27
79.840        13
79.850        20
79.860         7
79.870        13
79.880        13
79.890         7
79.900        33
79.910        13
79.920        20
79.930         0
79.940        13
79.950        13
79.960        27
79.970        20
79.980         7
79.990         0
80.000         0
