10.000        40
10.010        40
10.020       160
10.030       133
10.040       120
10.050       120
10.060        27
10.070       120
10.080       107
10.090        80
10.100        53
10.110       133
10.120       133
10.130        93
10.140       173
10.150        93
10.160        80
10.170       173
10.180        67
10.190       107
10.200        27
10.210       120
10.220       107
10.230        93
10.240        27
10.250        53
10.260       213
10.270       107
10.280       133
10.290       120
10.300       107
10.310        93
10.320        53
10.330       120
10.340       120
10.350       120
10.360       120
10.370       120
10.380       133
10.390       107
10.400       173
10.410        67
10.420        67
10.430        80
10.440       107
10.450        93
10.460       173
10.470        93
10.480       133
10.490        67
10.500       107
10.510       120
10.520       160
10.530       147
10.540       147
10.550       107
10.560        67
10.570       133
10.580        93
10.590        53
10.600       107
10.610       200
10.620       147
10.630       120
10.640        93
10.650       107
10.660        80
10.670       107
10.680       107
10.690        93
10.700       147
10.710       133
10.720       107
10.730       107
10.740       120
10.750        80
10.760       107
10.770       120
10.780        80
10.790        93
10.800        80
10.810       120
10.820       160
10.830       160
10.840        80
10.850        80
10.860       107
10.870       120
10.880       147
10.890        53
10.900       107
10.910        40
10.920        67
10.930        67
10.940       107
10.950       173
10.960        67
10.970       120
10.980       187
10.990        80
11.000       147
11.010       160
11.020       107
11.030        27
11.040        67
11.050        93
11.060       133
11.070       120
11.080        80
11.090       107
11.100       160
11.110        80
11.120        80
11.130        80
11.140       107
11.150       120
11.160       133
11.170        93
11.180       107
11.190        80
11.200        80
11.210        53
11.220       133
11.230        80
11.240        80
11.250       147
11.260        93
11.270        53
11.280        80
11.290       160
11.300        93
11.310        53
11.320       133
11.330        53
11.340        93
11.350       120
11.360        67
11.370       107
11.380        53
11.390        80
11.400       107
11.410       120
11.420       107
11.430        80
11.440        53
11.450        93
11.460        67
11.470        40
11.480        80
11.490       107
11.500       107
11.510        27
11.520        40
11.530        93
11.540       133
11.550       120
11.560        80
11.570       147
11.580       120
11.590        53
11.600       107
11.610        53
11.620        80
11.630        93
11.640        93
11.650        93
11.660       120
11.670        40
11.680       133
11.690       107
11.700        80
11.710        80
11.720       120
11.730        27
11.740       147
11.750        67
11.760        67
11.770       107
11.780        53
11.790        67
11.800        80
11.810        67
11.820       133
11.830        93
11.840        40
11.850       160
11.860       120
11.870        80
11.880       107
11.890       107
11.900        80
11.910       173
11.920       133
11.930       133
11.940       133
11.950        93
11.960       107
11.970       120
11.980        80
11.990        93
12.000        93
12.010       133
12.020       120
12.030       107
12.040        67
12.050        27
12.060        80
12.070        93
12.080        53
12.090        40
12.100        67
12.110        53
12.120        80
12.130        40
12.140       120
12.150       107
12.160        67
12.170        53
12.180        53
12.190        93
12.200       133
12.210        80
12.220        80
12.230        93
12.240       147
12.250        80
12.260       120
12.270        13
12.280       160
12.290       133
12.300       107
12.310        67
12.320        53
12.330       120
12.340        53
12.350        53
12.360        93
12.370        13
12.380        53
12.390        40
12.400       107
12.410       133
12.420        67
12.430       120
12.440        40
12.450        80
12.460        27
12.470        93
12.480        13
12.490        93
12.500       133
12.510       107
12.520        27
12.530        93
12.540        53
12.550       107
12.560        40
12.570        93
12.580        53
12.590        93
12.600       133
12.610       120
12.620        53
12.630        13
12.640        67
12.650        80
12.660        93
12.670        93
12.680        93
12.690        67
12.700       107
12.710       133
12.720        53
12.730        67
12.740        93
12.750        93
12.760        53
12.770        67
12.780       133
12.790        67
12.800       107
12.810        67
12.820        67
12.830        53
12.840        80
12.850        93
12.860       107
12.870        53
12.880       147
12.890        80
12.900        80
12.910        67
12.920       120
12.930        80
12.940        53
12.950        53
12.960        67
12.970       107
12.980       173
12.990        53
13.000        80
13.010        67
13.020        40
13.030        53
13.040        80
13.050        53
13.060        53
13.070        93
13.080        80
13.090       133
13.100        80
13.110        93
13.120        80
13.130        67
13.140        67
13.150        80
13.160        93
13.170        80
13.180        80
13.190        27
13.200        67
13.210        40
13.220        53
13.230        53
13.240        27
13.250        40
13.260        53
13.270        40
13.280        80
13.290       107
13.300       107
13.310        67
13.320        13
13.330        40
13.340        40
13.350        93
13.360        67
13.370        93
13.380        80
13.390        53
13.400        40
13.410        93
13.420        53
13.430       107
13.440        13
13.450        80
13.460        80
13.470        53
13.480        40
13.490        80
13.500        80
13.510        93
13.520        27
13.530        67
13.540        67
13.550        80
13.560        53
13.570        40
13.580        53
13.590        67
13.600       107
13.610        80
13.620        40
13.630        27
13.640       107
13.650        80
13.660        40
13.670        93
13.680        80
13.690        40
13.700        27
13.710        53
13.720        67
13.730        40
13.740       107
13.750        67
13.760       107
13.770        27
13.780        80
13.790        67
13.800       120
13.810       107
13.820        67
13.830       133
13.840        80
13.850        13
13.860        67
13.870        53
13.880        40
13.890        80
13.900        40
13.910        93
13.920        67
13.930        80
13.940        80
13.950        93
13.960        40
13.970        53
13.980        27
13.990        67
14.000        67
14.010       107
14.020        93
14.030       107
14.040        27
14.050        67
14.060        80
14.070        67
14.080       107
14.090        53
14.100        40
14.110        67
14.120        67
14.130        67
14.140        53
14.150       187
14.160        53
14.170        67
14.180        80
14.190        40
14.200        40
14.210        67
14.220        53
14.230        93
14.240       107
14.250         0
14.260        27
14.270        40
14.280       107
14.290        53
14.300        27
14.310        13
14.320        67
14.330       107
14.340        67
14.350        27
14.360        40
14.370        67
14.380       107
14.390        67
14.400        27
14.410        93
14.420       107
14.430        93
14.440       107
14.450        67
14.460        40
14.470        80
14.480        93
14.490        80
14.500        80
14.510        80
14.520        93
14.530        80
14.540        93
14.550        27
14.560        27
14.570        67
14.580        13
14.590        53
14.600        67
14.610        13
14.620        93
14.630        40
14.640        27
14.650        40
14.660        53
14.670        53
14.680        53
14.690       133
14.700       107
14.710        67
14.720        40
14.730       147
14.740        53
14.750        67
14.760        80
14.770       133
14.780        53
14.790        67
14.800        53
14.810        53
14.820        80
14.830        40
14.840        53
14.850        80
14.860        27
14.870        53
14.880        93
14.890        80
14.900        40
14.910       107
14.920        67
14.930        40
14.940        93
14.950        67
14.960        93
14.970        40
14.980        53
14.990        67
15.000       107
15.010       133
15.020        27
15.030         0
15.040        27
15.050        40
15.060        67
15.070        67
15.080        80
15.090        27
15.100        67
15.110        27
15.120        27
15.130        40
15.140        93
15.150        53
15.160        67
15.170        40
15.180        67
15.190        80
15.200        80
15.210        40
15.220        40
15.230        53
15.240        93
15.250       133
15.260        80
15.270        80
15.280        80
15.290        67
15.300       107
15.310        80
15.320        67
15.330        80
15.340        80
15.350        67
15.360        40
15.370        80
15.380        80
15.390        53
15.400        40
15.410        27
15.420        67
15.430        80
15.440        40
15.450       133
15.460        67
15.470        40
15.480        27
15.490        40
15.500        40
15.510        93
15.520        67
15.530        80
15.540        53
15.550       107
15.560        13
15.570        13
15.580        53
15.590        53
15.600        40
15.610        67
15.620        80
15.630        80
15.640        27
15.650        67
15.660        40
15.670        80
15.680        40
15.690        80
15.700        67
15.710        40
15.720       107
15.730        40
15.740        40
15.750        67
15.760       120
15.770        40
15.780        53
15.790        27
15.800        27
15.810        93
15.820        13
15.830        53
15.840        27
15.850        67
15.860        13
15.870        67
15.880        53
15.890        80
15.900        53
15.910       107
15.920        67
15.930        80
15.940        80
15.950        40
15.960        53
15.970        53
15.980        93
15.990        40
16.000        80
16.010        40
16.020        53
16.030        93
16.040        67
16.050        13
16.060        27
16.070        80
16.080        80
16.090        40
16.100        53
16.110        80
16.120        27
16.130        53
16.140        27
16.150        40
16.160        67
16.170        80
16.180        67
16.190        53
16.200        67
16.210        53
16.220        53
16.230        53
16.240        40
16.250        67
16.260       107
16.270        93
16.280       147
16.290        53
16.300        53
16.310        80
16.320        53
16.330        13
16.340        93
16.350        13
16.360       120
16.370        40
16.380        40
16.390        40
16.400        40
16.410        80
16.420        53
16.430        67
16.440        80
16.450        93
16.460        67
16.470        80
16.480        80
16.490        93
16.500         0
16.510        40
16.520        67
16.530        40
16.540        27
16.550        53
16.560        53
16.570        13
16.580        80
16.590        67
16.600        67
16.610        40
16.620        27
16.630        40
16.640        93
16.650        40
16.660       107
16.670        40
16.680        53
16.690        40
16.700        53
16.710        53
16.720        67
16.730        80
16.740        27
16.750        40
16.760       120
16.770        27
16.780        27
16.790        67
16.800        67
16.810        80
16.820        53
16.830       107
16.840        80
16.850        40
16.860        40
16.870        67
16.880        53
16.890        93
16.900       107
16.910        93
16.920        93
16.930       120
16.940        67
16.950        53
16.960        27
16.970        13
16.980        40
16.990        40
17.000        27
17.010         0
17.020       107
17.030        67
17.040        40
17.050        53
17.060        67
17.070        80
17.080        80
17.090        40
17.100        40
17.110       107
17.120        40
17.130        40
17.140        40
17.150        53
17.160        53
17.170        93
17.180        67
17.190        93
17.200        40
17.210        67
17.220        93
17.230        53
17.240        13
17.250        53
17.260        40
17.270        80
17.280        53
17.290        53
17.300        27
17.310        27
17.320        40
17.330        27
17.340        67
17.350        67
17.360        53
17.370        13
17.380        93
17.390        53
17.400        67
17.410        53
17.420        27
17.430        40
17.440        27
17.450        27
17.460        27
17.470        27
17.480        40
17.490        67
17.500        93
17.510        53
17.520        13
17.530        53
17.540        80
17.550        27
17.560        80
17.570        40
17.580        40
17.590        40
17.600         0
17.610        67
17.620        53
17.630        53
17.640        27
17.650        53
17.660        80
17.670        40
17.680        53
17.690        53
17.700        27
17.710        67
17.720        53
17.730        53
17.740        40
17.750        27
17.760        53
17.770        27
17.780        67
17.790        40
17.800        13
17.810        40
17.820        67
17.830        53
17.840        67
17.850        67
17.860        40
17.870        53
17.880        27
17.890        40
17.900        40
17.910        13
17.920        80
17.930        80
17.940        53
17.950        53
17.960       107
17.970        53
17.980        40
17.990        13
18.000        13
18.010        53
18.020        53
18.030        27
18.040        40
18.050        53
18.060        40
18.070        67
18.080        27
18.090        27
18.100        13
18.110        27
18.120        53
18.130        67
18.140        53
18.150        80
18.160        53
18.170        53
18.180        93
18.190        67
18.200        53
18.210        40
18.220        40
18.230        27
18.240        53
18.250        67
18.260        13
18.270        40
18.280         0
18.290        40
18.300        67
18.310        40
18.320        27
18.330        40
18.340        53
18.350        80
18.360        40
18.370        53
18.380        53
18.390        53
18.400        27
18.410        93
18.420        53
18.430        27
18.440        53
18.450        40
18.460        53
18.470        27
18.480        27
18.490        53
18.500        13
18.510        27
18.520        27
18.530        13
18.540        13
18.550       120
18.560        13
18.570        40
18.580        53
18.590        27
18.600        40
18.610        40
18.620         0
18.630        27
18.640        53
18.650        53
18.660        27
18.670        93
18.680        93
18.690        40
18.700        53
18.710        80
18.720        13
18.730        40
18.740        67
18.750        40
18.760        67
18.770        80
18.780        93
18.790        27
18.800        13
18.810        67
18.820        40
18.830        53
18.840        13
18.850        40
18.860        27
18.870        67
18.880        53
18.890        27
18.900        27
18.910        80
18.920        27
18.930        40
18.940        40
18.950        53
18.960        27
18.970        40
18.980        67
18.990        40
19.000        67
19.010        67
19.020        67
19.030        67
19.040        27
19.050        67
19.060        80
19.070       120
19.080        67
19.090        40
19.100        13
19.110        53
19.120        80
19.130        27
19.140         0
19.150        67
19.160        13
19.170        40
19.180        93
19.190        27
19.200        40
19.210        27
19.220        53
19.230        40
19.240        40
19.250        80
19.260        93
19.270        13
19.280        40
19.290        53
19.300        27
19.310        40
19.320        53
19.330        80
19.340        40
19.350        67
19.360        40
19.370        53
19.380        13
19.390        40
19.400        67
19.410        40
19.420        67
19.430        53
19.440        53
19.450        13
19.460        40
19.470        13
19.480        13
19.490        67
19.500        27
19.510        40
19.520        40
19.530        80
19.540        13
19.550        40
19.560        67
19.570        67
19.580        93
19.590        40
19.600        27
19.610        27
19.620        67
19.630        40
19.640        67
19.650        53
19.660        27
19.670        80
19.680         0
19.690        40
19.700        13
19.710        13
19.720        27
19.730        27
19.740        13
19.750        53
19.760        40
19.770        13
19.780        40
19.790        67
19.800        27
19.810         0
19.820        27
19.830        27
19.840        40
19.850        67
19.860        40
19.870        40
19.880        53
19.890        80
19.900        40
19.910        40
19.920        27
19.930        40
19.940        40
19.950        13
19.960        13
19.970        13
19.980        53
19.990        27
20.000        13
20.010        40
20.020        67
20.030        40
20.040        27
20.050        67
20.060        27
20.070        53
20.080        93
20.090        67
20.100        13
20.110        53
20.120        40
20.130        40
20.140        27
20.150        67
20.160        40
20.170        40
20.180       120
20.190        40
20.200        40
20.210        67
20.220        27
20.230        13
20.240        13
20.250        13
20.260        13
20.270        13
20.280        53
20.290        53
20.300         0
20.310        40
20.320        67
20.330        40
20.340        27
20.350        40
20.360        40
20.370        67
20.380        53
20.390        13
20.400        27
20.410        80
20.420        27
20.430        53
20.440        67
20.450        13
20.460        40
20.470        93
20.480       107
20.490        27
20.500        40
20.510        53
20.520        40
20.530        80
20.540        27
20.550        13
20.560        40
20.570        67
20.580        93
20.590        27
20.600        13
20.610        27
20.620        27
20.630        67
20.640        53
20.650        13
20.660        40
20.670        40
20.680        13
20.690        27
20.700         0
20.710        40
20.720        27
20.730        27
20.740        67
20.750        53
20.760        53
20.770        53
20.780        27
20.790        40
20.800        40
20.810        40
20.820        27
20.830        40
20.840        40
20.850        27
20.860        40
20.870        67
20.880        13
20.890        13
20.900        13
20.910        53
20.920        13
20.930        53
20.940        13
20.950        40
20.960        27
20.970       120
20.980        80
20.990        27
21.000        53
21.010        27
21.020        80
21.030        27
21.040        53
21.050        40
21.060        67
21.070        53
21.080        67
21.090        40
21.100        67
21.110        67
21.120        27
21.130        27
21.140        40
21.150        27
21.160        40
21.170        13
21.180        67
21.190         0
21.200        27
21.210        40
21.220         0
21.230        13
21.240        40
21.250        53
21.260        40
21.270        53
21.280        53
21.290        40
21.300        40
21.310        27
21.320        27
21.330        53
21.340        40
21.350        27
21.360        27
21.370       107
21.380        40
21.390        40
21.400        27
21.410        40
21.420        27
21.430        27
21.440        53
21.450        40
21.460        67
21.470        53
21.480         0
21.490        27
21.500        53
21.510        13
21.520        27
21.530        80
21.540        93
21.550        27
21.560        27
21.570        80
21.580        53
21.590        53
21.600        40
21.610        93
21.620       107
21.630        67
21.640        27
21.650        53
21.660        27
21.670        53
21.680       107
21.690        67
21.700        67
21.710         0
21.720        27
21.730        40
21.740        53
21.750        80
21.760        67
21.770        67
21.780        27
21.790        53
21.800        53
21.810        13
21.820        40
21.830        27
21.840        40
21.850        67
21.860        40
21.870        80
21.880        27
21.890        40
21.900        93
21.910        67
21.920        93
21.930        13
21.940        53
21.950        13
21.960        53
21.970        40
21.980        27
21.990         0
22.000        13
22.010        40
22.020        27
22.030         0
22.040        27
22.050        27
22.060        53
22.070        40
22.080        40
22.090        13
22.100        53
22.110        40
22.120        27
22.130        40
22.140        13
22.150        13
22.160        40
22.170        40
22.180        67
22.190        27
22.200        27
22.210        27
22.220        27
22.230        40
22.240        40
22.250        27
22.260        13
22.270        27
22.280        13
22.290        40
22.300        13
22.310        40
22.320        27
22.330        13
22.340        27
22.350        40
22.360        67
22.370        40
22.380        13
22.390        13
22.400        13
22.410        53
22.420        53
22.430        27
22.440         0
22.450        53
22.460        53
22.470        40
22.480        27
22.490        13
22.500        80
22.510        53
22.520        27
22.530        40
22.540        13
22.550        40
22.560        53
22.570        27
22.580        40
22.590        13
22.600        67
22.610        27
22.620        67
22.630        67
22.640        13
22.650        13
22.660        27
22.670        67
22.680        27
22.690        67
22.700        13
22.710        13
22.720        13
22.730        80
22.740        13
22.750        67
22.760        27
22.770        13
22.780        67
22.790         0
22.800        27
22.810        13
22.820         0
22.830         0
22.840        53
22.850        27
22.860        27
22.870        53
22.880         0
22.890        13
22.900        13
22.910        13
22.920         0
22.930        80
22.940        27
22.950        27
22.960        13
22.970        27
22.980        40
22.990        40
23.000        13
23.010        40
23.020        27
23.030        53
23.040        13
23.050        27
23.060        40
23.070         0
23.080        40
23.090        27
23.100        53
23.110        40
23.120        53
23.130         0
23.140        27
23.150        67
23.160        13
23.170        27
23.180        13
23.190         0
23.200        67
23.210        13
23.220         0
23.230         0
23.240        27
23.250        40
23.260        40
23.270        27
23.280        53
23.290        13
23.300        53
23.310        27
23.320        27
23.330        53
23.340        13
23.350        27
23.360         0
23.370        27
23.380        67
23.390        40
23.400        67
23.410         0
23.420        27
23.430        27
23.440        40
23.450         0
23.460       120
23.470         0
23.480        13
23.490        53
23.500        13
23.510        40
23.520        27
23.530        27
23.540        13
23.550        13
23.560        27
23.570        27
23.580        27
23.590        53
23.600        53
23.610        80
23.620        13
23.630        27
23.640        13
23.650        27
23.660        53
23.670        40
23.680         0
23.690        67
23.700        27
23.710        53
23.720        53
23.730        27
23.740        27
23.750        27
23.760        53
23.770        40
23.780        27
23.790        53
23.800         0
23.810        67
23.820        53
23.830        40
23.840        27
23.850        53
23.860        13
23.870        27
23.880        13
23.890        13
23.900        27
23.910        40
23.920        40
23.930        13
23.940        40
23.950        53
23.960        53
23.970        67
23.980        27
23.990         0
24.000        27
24.010        53
24.020        27
24.030        13
24.040        27
24.050        53
24.060        27
24.070        40
24.080        40
24.090        13
24.100        27
24.110        80
24.120        40
24.130        13
24.140        27
24.150        27
24.160        40
24.170        53
24.180        27
24.190        13
24.200        13
24.210        13
24.220        67
24.230        13
24.240        13
24.250         0
24.260        40
24.270        13
24.280         0
24.290        13
24.300        13
24.310        80
24.320        13
24.330        67
24.340        13
24.350        67
24.360        40
24.370        13
24.380        27
24.390        40
24.400        13
24.410        13
24.420        53
24.430        40
24.440        40
24.450        67
24.460        40
24.470        40
24.480        40
24.490         0
24.500        27
24.510        40
24.520        67
24.530        27
24.540        53
24.550         0
24.560        27
24.570        13
24.580        80
24.590        27
24.600        13
24.610         0
24.620        13
24.630        40
24.640        27
24.650        27
24.660         0
24.670        40
24.680        27
24.690        53
24.700        27
24.710        27
24.720        13
24.730        27
24.740        53
24.750        53
24.760        27
24.770        27
24.780        53
24.790        27
24.800        40
24.810        13
24.820        13
24.830        53
24.840        67
24.850        27
24.860        13
24.870        13
24.880        13
24.890        53
24.900        13
24.910        27
24.920        13
24.930        40
24.940         0
24.950        53
24.960        40
24.970        53
24.980        27
24.990        13
25.000        13
25.010        13
25.020        53
25.030         0
25.040        27
25.050        27
25.060        53
25.070        27
25.080        13
25.090        67
25.100        13
25.110        13
25.120        27
25.130        13
25.140        27
25.150        53
25.160        53
25.170        13
25.180        40
25.190        40
25.200        27
25.210        13
25.220        40
25.230        27
25.240        27
25.250        13
25.260        13
25.270        53
25.280        40
25.290        53
25.300        27
25.310        40
25.320        13
25.330        13
25.340        13
25.350        13
25.360        27
25.370        53
25.380        27
25.390        27
25.400        13
25.410        53
25.420        40
25.430        53
25.440        67
25.450        13
25.460        13
25.470        27
25.480        27
25.490        13
25.500        27
25.510        13
25.520        27
25.530        40
25.540        67
25.550        40
25.560        40
25.570        27
25.580         0
25.590        53
25.600        27
25.610        53
25.620        40
25.630        27
25.640        53
25.650        13
25.660        53
25.670        27
25.680        27
25.690        40
25.700        27
25.710        67
25.720        13
25.730        40
25.740        27
25.750        13
25.760        40
25.770        40
25.780        13
25.790        40
25.800        13
25.810        67
25.820        27
25.830        40
25.840        27
25.850        27
25.860        67
25.870        27
25.880        27
25.890        13
25.900        53
25.910        13
25.920        27
25.930        67
25.940        53
25.950        40
25.960        13
25.970        13
25.980        13
25.990        27
26.000        27
26.010         0
26.020         0
26.030        13
26.040        13
26.050        13
26.060        13
26.070        53
26.080        27
26.090        27
26.100        13
26.110        27
26.120         0
26.130        27
26.140        13
26.150        40
26.160        13
26.170        27
26.180        53
26.190        27
26.200        13
26.210        13
26.220        53
26.230        40
26.240        53
26.250        27
26.260         0
26.270        13
26.280        40
26.290         0
26.300        27
26.310        27
26.320        13
26.330        27
26.340        53
26.350         0
26.360        13
26.370        40
26.380        40
26.390        13
26.400        27
26.410        40
26.420         0
26.430        13
26.440         0
26.450        40
26.460        13
26.470        67
26.480        13
26.490        13
26.500        27
26.510         0
26.520        13
26.530        27
26.540        13
26.550        40
26.560        27
26.570        53
26.580        40
26.590        53
26.600        27
26.610        13
26.620        27
26.630        13
26.640        53
26.650        13
26.660        53
26.670        13
26.680        40
26.690         0
26.700        13
26.710        13
26.720        27
26.730        27
26.740        27
26.750        53
26.760        13
26.770        40
26.780        13
26.790         0
26.800        40
26.810        27
26.820         0
26.830        13
26.840        27
26.850        13
26.860        40
26.870         0
26.880         0
26.890        40
26.900        27
26.910        13
26.920        53
26.930        53
26.940        27
26.950        27
26.960        27
26.970        27
26.980        13
26.990        13
27.000        40
27.010        27
27.020        40
27.030        27
27.040        40
27.050         0
27.060        27
27.070        93
27.080        40
27.090         0
27.100        40
27.110        40
27.120        53
27.130         0
27.140        27
27.150         0
27.160        67
27.170        53
27.180        27
27.190        13
27.200        13
27.210        27
27.220         0
27.230         0
27.240        67
27.250        40
27.260        13
27.270        13
27.280        13
27.290        13
27.300         0
27.310        27
27.320        40
27.330        13
27.340        27
27.350        40
27.360        13
27.370        13
27.380        13
27.390         0
27.400         0
27.410        40
27.420        40
27.430         0
27.440        13
27.450        27
27.460        27
27.470        53
27.480        27
27.490        13
27.500         0
27.510        40
27.520        13
27.530        27
27.540        27
27.550        53
27.560        27
27.570        27
27.580        40
27.590        13
27.600        27
27.610        53
27.620        27
27.630         0
27.640         0
27.650        13
27.660        40
27.670        40
27.680        13
27.690        40
27.700        27
27.710        40
27.720        80
27.730        40
27.740        13
27.750        13
27.760        40
27.770        93
27.780        13
27.790        13
27.800        27
27.810         0
27.820        40
27.830         0
27.840        27
27.850        13
27.860        13
27.870        53
27.880        13
27.890        13
27.900        27
27.910        53
27.920        27
27.930        40
27.940        67
27.950        27
27.960        13
27.970        27
27.980        40
27.990        53
28.000        13
28.010         0
28.020        27
28.030        13
28.040        53
28.050        40
28.060        27
28.070        27
28.080        13
28.090        27
28.100        40
28.110        40
28.120        13
28.130        53
28.140        27
28.150        13
28.160        40
28.170        27
28.180        40
28.190        40
28.200        13
28.210        67
28.220        27
28.230        13
28.240         0
28.250        80
28.260        13
28.270        13
28.280         0
28.290        40
28.300        27
28.310        27
28.320        13
28.330        53
28.340        40
28.350        40
28.360        40
28.370        53
28.380        53
28.390        13
28.400        13
28.410         0
28.420        40
28.430        13
28.440        40
28.450        40
28.460        27
28.470        13
28.480        13
28.490        40
28.500        13
28.510        40
28.520        40
28.530        40
28.540        13
28.550        27
28.560        27
28.570        13
28.580        53
28.590        27
28.600        13
28.610        53
28.620         0
28.630        53
28.640        13
28.650        53
28.660        27
28.670        27
28.680        40
28.690        13
28.700       200
28.710        40
28.720        27
28.730        13
28.740        13
28.750        13
28.760        13
28.770        40
28.780        27
28.790        40
28.800        53
28.810        13
28.820         0
28.830        27
28.840        53
28.850        53
28.860        40
28.870        27
28.880        13
28.890        27
28.900        27
28.910         0
28.920        13
28.930        27
28.940        40
28.950        67
28.960        27
28.970       107
28.980         0
28.990        27
29.000        67
29.010        27
29.020        53
29.030        67
29.040        13
29.050        40
29.060        13
29.070        13
29.080        27
29.090        40
29.100         0
29.110        40
29.120       120
29.130         0
29.140        13
29.150        13
29.160        27
29.170        40
29.180         0
29.190         0
29.200        67
29.210        27
29.220        27
29.230        80
29.240        27
29.250        27
29.260        80
29.270        27
29.280        13
29.290        40
29.300        13
29.310        40
29.320        27
29.330        53
29.340        40
29.350        80
29.360        67
29.370        67
29.380        13
29.390        13
29.400       107
29.410        40
29.420        53
29.430        27
29.440        40
29.450        13
29.460         0
29.470        53
29.480        27
29.490        27
29.500        13
29.510        13
29.520        53
29.530        40
29.540        40
29.550        13
29.560        27
29.570        27
29.580        13
29.590        40
29.600         0
29.610        27
29.620         0
29.630        27
29.640        13
29.650        27
29.660         0
29.670         0
29.680        13
29.690        93
29.700        27
29.710        27
29.720        27
29.730        27
29.740         0
29.750        53
29.760        13
29.770        27
29.780        13
29.790        13
29.800        53
29.810        27
29.820        80
29.830         0
29.840        93
29.850        13
29.860         0
29.870        40
29.880        27
29.890         0
29.900        27
29.910        27
29.920        27
29.930        53
29.940        40
29.950        27
29.960        27
29.970        80
29.980         0
29.990        27
30.000        40
30.010        27
30.020        13
30.030         0
30.040        67
30.050        27
30.060        40
30.070        27
30.080        27
30.090        13
30.100        13
30.110        53
30.120        13
30.130        53
30.140        13
30.150        67
30.160        27
30.170        13
30.180        27
30.190        27
30.200        13
30.210        27
30.220        13
30.230        40
30.240         0
30.250        27
30.260        40
30.270        67
30.280         0
30.290        80
30.300         0
30.310        13
30.320        13
30.330        27
30.340         0
30.350        13
30.360        13
30.370        27
30.380        13
30.390        40
30.400        13
30.410         0
30.420        13
30.430         0
30.440        53
30.450        13
30.460        80
30.470        27
30.480        40
30.490        67
30.500        40
30.510        67
30.520        40
30.530        67
30.540        13
30.550        13
30.560        53
30.570        40
30.580        40
30.590        67
30.600        53
30.610        67
30.620        40
30.630        53
30.640        80
30.650        93
30.660        53
30.670        80
30.680       147
30.690        67
30.700       133
30.710       160
30.720        80
30.730       187
30.740       187
30.750       253
30.760       200
30.770       227
30.780       267
30.790       387
30.800       307
30.810       320
30.820       293
30.830       387
30.840       413
30.850       373
30.860       360
30.870       320
30.880       320
30.890       267
30.900       267
30.910       293
30.920       280
30.930       213
30.940       227
30.950       240
30.960       213
30.970       107
30.980       107
30.990       133
31.000       107
31.010       187
31.020        80
31.030        53
31.040       107
31.050        67
31.060       107
31.070        27
31.080        40
31.090        27
31.100        40
31.110        40
31.120        53
31.130        13
31.140        40
31.150        53
31.160        40
31.170        53
31.180        13
31.190         0
31.200        13
31.210        53
31.220         0
31.230        27
31.240        13
31.250        27
31.260        40
31.270        40
31.280        53
31.290        53
31.300        13
31.310        13
31.320         0
31.330        27
31.340        27
31.350        27
31.360        13
31.370        13
31.380        13
31.390        13
31.400        13
31.410        67
31.420        80
31.430        40
31.440        80
31.450        53
31.460        27
31.470        53
31.480        27
31.490        13
31.500        40
31.510        27
31.520        13
31.530        27
31.540         0
31.550        40
31.560        27
31.570        67
31.580        27
31.590        13
31.600        27
31.610        67
31.620        53
31.630        27
31.640        40
31.650        80
31.660        13
31.670        53
31.680        27
31.690        53
31.700        13
31.710        40
31.720        27
31.730        27
31.740        13
31.750        40
31.760        13
31.770        27
31.780        53
31.790        27
31.800        13
31.810        27
31.820        13
31.830        13
31.840        13
31.850        40
31.860        40
31.870        27
31.880         0
31.890         0
31.900        67
31.910         0
31.920        27
31.930        27
31.940        13
31.950        27
31.960        40
31.970         0
31.980         0
31.990        40
32.000        53
32.010        27
32.020        13
32.030        27
32.040        13
32.050        53
32.060        53
32.070        27
32.080        13
32.090         0
32.100         0
32.110        40
32.120        27
32.130        40
32.140        53
32.150         0
32.160        27
32.170        27
32.180        40
32.190         0
32.200        27
32.210        27
32.220        13
32.230        13
32.240        27
32.250        27
32.260        40
32.270         0
32.280        40
32.290        13
32.300        13
32.310        40
32.320        40
32.330        13
32.340        27
32.350        67
32.360        27
32.370        80
32.380        40
32.390        13
32.400        27
32.410        53
32.420        27
32.430         0
32.440        40
32.450         0
32.460        13
32.470        27
32.480         0
32.490         0
32.500        40
32.510        27
32.520        13
32.530        27
32.540        40
32.550        13
32.560        13
32.570        13
32.580        40
32.590        13
32.600        27
32.610        67
32.620        13
32.630        13
32.640        13
32.650        13
32.660        13
32.670        67
32.680        13
32.690        13
32.700        13
32.710        40
32.720        40
32.730        40
32.740        40
32.750         0
32.760        27
32.770        13
32.780        53
32.790        13
32.800        40
32.810        27
32.820        53
32.830        53
32.840        67
32.850        27
32.860        40
32.870        13
32.880         0
32.890        13
32.900        13
32.910        13
32.920        27
32.930        40
32.940         0
32.950        27
32.960         0
32.970         0
32.980        27
32.990        13
33.000        27
33.010        27
33.020        27
33.030        53
33.040        13
33.050        27
33.060        40
33.070        67
33.080        27
33.090        13
33.100        27
33.110        27
33.120         0
33.130        13
33.140        40
33.150        40
33.160        13
33.170        27
33.180        13
33.190        27
33.200         0
33.210        13
33.220        40
33.230        13
33.240        80
33.250        53
33.260        27
33.270        53
33.280        40
33.290        13
33.300        27
33.310         0
33.320         0
33.330        27
33.340        53
33.350        13
33.360        53
33.370        27
33.380        13
33.390        13
33.400        13
33.410        13
33.420        53
33.430        13
33.440        27
33.450        13
33.460        40
33.470        13
33.480        13
33.490         0
33.500        27
33.510        13
33.520         0
33.530        40
33.540        13
33.550         0
33.560        53
33.570         0
33.580        67
33.590        13
33.600        40
33.610        27
33.620        40
33.630        67
33.640        27
33.650        13
33.660        40
33.670        13
33.680        13
33.690        40
33.700        13
33.710         0
33.720        27
33.730        13
33.740         0
33.750        27
33.760        13
33.770        13
33.780        13
33.790        67
33.800        67
33.810        13
33.820        27
33.830        13
33.840        40
33.850        13
33.860        53
33.870         0
33.880         0
33.890        27
33.900        40
33.910        40
33.920        13
33.930         0
33.940        27
33.950         0
33.960         0
33.970        13
33.980         0
33.990        53
34.000         0
34.010        27
34.020        40
34.030        27
34.040         0
34.050        27
34.060        27
34.070        13
34.080         0
34.090         0
34.100        13
34.110        27
34.120        40
34.130        13
34.140        27
34.150         0
34.160        27
34.170        13
34.180        13
34.190        13
34.200        13
34.210        40
34.220        13
34.230        40
34.240        40
34.250         0
34.260        13
34.270        40
34.280        40
34.290        27
34.300        13
34.310         0
34.320        53
34.330        40
34.340         0
34.350        13
34.360        27
34.370         0
34.380        13
34.390         0
34.400        13
34.410        27
34.420        13
34.430        13
34.440        13
34.450        53
34.460        13
34.470        13
34.480        13
34.490        13
34.500        40
34.510        27
34.520        40
34.530        27
34.540        27
34.550        27
34.560        13
34.570        27
34.580         0
34.590         0
34.600        40
34.610         0
34.620        13
34.630        27
34.640        13
34.650        27
34.660        27
34.670        40
34.680        40
34.690        40
34.700        13
34.710        67
34.720        27
34.730        40
34.740        53
34.750         0
34.760        40
34.770        13
34.780        40
34.790        27
34.800        27
34.810        13
34.820        13
34.830        13
34.840         0
34.850         0
34.860        27
34.870        27
34.880        27
34.890        40
34.900         0
34.910        13
34.920        27
34.930        13
34.940        40
34.950        13
34.960        13
34.970        13
34.980         0
34.990        40
35.000        40
35.010         0
35.020        13
35.030        27
35.040        13
35.050        53
35.060         0
35.070        40
35.080        13
35.090        80
35.100        27
35.110        67
35.120        27
35.130        40
35.140        67
35.150       120
35.160       133
35.170       173
35.180       120
35.190       147
35.200       133
35.210       160
35.220       107
35.230        80
35.240        67
35.250        53
35.260        67
35.270        53
35.280       160
35.290       107
35.300       107
35.310        53
35.320        67
35.330        40
35.340        40
35.350        13
35.360        13
35.370         0
35.380        53
35.390        53
35.400        27
35.410        13
35.420         0
35.430        13
35.440        40
35.450        27
35.460        13
35.470        40
35.480        27
35.490        13
35.500        27
35.510         0
35.520        27
35.530        13
35.540        27
35.550        27
35.560        13
35.570        27
35.580        13
35.590        13
35.600        13
35.610         0
35.620        27
35.630        27
35.640        27
35.650        53
35.660        13
35.670         0
35.680        13
35.690        27
35.700        40
35.710        27
35.720        27
35.730        13
35.740        13
35.750        13
35.760        27
35.770        40
35.780       107
35.790        13
35.800        13
35.810        27
35.820        27
35.830        27
35.840         0
35.850        27
35.860         0
35.870        13
35.880        13
35.890        27
35.900         0
35.910        27
35.920        27
35.930        27
35.940        27
35.950        13
35.960        13
35.970        40
35.980         0
35.990        27
36.000         0
36.010        67
36.020        27
36.030         0
36.040         0
36.050        27
36.060        27
36.070        40
36.080        13
36.090        13
36.100        27
36.110        27
36.120        13
36.130        27
36.140        40
36.150        27
36.160        13
36.170        40
36.180        27
36.190        13
36.200        40
36.210        40
36.220        27
36.230        13
36.240        27
36.250        13
36.260        13
36.270        13
36.280         0
36.290        27
36.300        13
36.310        13
36.320        67
36.330         0
36.340        13
36.350        13
36.360         0
36.370         0
36.380        13
36.390         0
36.400        27
36.410        40
36.420         0
36.430        27
36.440        13
36.450         0
36.460        27
36.470        53
36.480        67
36.490         0
36.500        40
36.510        13
36.520        13
36.530        40
36.540         0
36.550         0
36.560        13
36.570        13
36.580        13
36.590        40
36.600        13
36.610        27
36.620        27
36.630        13
36.640        27
36.650        13
36.660        13
36.670        13
36.680        13
36.690        13
36.700        40
36.710        27
36.720        27
36.730         0
36.740        27
36.750         0
36.760         0
36.770        40
36.780        53
36.790        67
36.800        27
36.810        27
36.820        40
36.830        13
36.840        27
36.850        40
36.860        53
36.870        27
36.880        13
36.890        13
36.900        27
36.910        27
36.920        13
36.930        40
36.940        27
36.950        40
36.960        13
36.970        27
36.980         0
36.990        27
37.000        27
37.010        40
37.020         0
37.030        40
37.040        27
37.050        13
37.060        13
37.070        27
37.080        13
37.090        13
37.100        40
37.110        40
37.120        27
37.130        53
37.140         0
37.150        13
37.160        40
37.170         0
37.180        27
37.190        13
37.200        13
37.210        27
37.220        67
37.230         0
37.240        40
37.250         0
37.260         0
37.270        40
37.280         0
37.290        40
37.300        53
37.310        27
37.320        67
37.330        13
37.340        27
37.350        27
37.360        40
37.370        27
37.380        13
37.390        13
37.400        67
37.410        13
37.420        13
37.430        13
37.440        27
37.450        27
37.460        53
37.470        13
37.480        40
37.490        40
37.500        27
37.510         0
37.520        13
37.530        40
37.540         0
37.550        27
37.560        67
37.570        27
37.580        27
37.590         0
37.600        40
37.610        27
37.620        13
37.630        13
37.640        53
37.650        80
37.660        53
37.670         0
37.680        13
37.690        40
37.700        40
37.710        13
37.720        40
37.730        40
37.740         0
37.750        27
37.760        40
37.770         0
37.780        53
37.790        27
37.800        67
37.810        93
37.820        27
37.830        93
37.840        40
37.850        27
37.860        40
37.870       107
37.880        53
37.890        67
37.900        53
37.910        67
37.920       120
37.930        67
37.940       133
37.950       107
37.960       147
37.970       173
37.980       173
37.990       213
38.000       227
38.010       240
38.020       307
38.030       293
38.040       267
38.050       360
38.060       387
38.070       227
38.080       293
38.090       293
38.100       253
38.110       240
38.120       187
38.130       267
38.140       213
38.150       173
38.160       187
38.170       173
38.180       147
38.190       253
38.200       173
38.210       120
38.220       133
38.230        67
38.240       107
38.250        40
38.260        40
38.270        67
38.280        27
38.290       107
38.300        40
38.310        67
38.320        27
38.330        80
38.340        53
38.350        13
38.360        27
38.370        80
38.380        40
38.390        27
38.400        27
38.410        67
38.420        40
38.430        13
38.440        53
38.450         0
38.460       107
38.470         0
38.480        40
38.490        13
38.500        13
38.510        13
38.520        13
38.530         0
38.540        27
38.550        13
38.560         0
38.570        27
38.580        13
38.590        13
38.600        53
38.610        27
38.620        67
38.630         0
38.640        13
38.650        13
38.660        40
38.670         0
38.680        27
38.690        13
38.700        27
38.710        13
38.720        13
38.730         0
38.740        13
38.750        27
38.760        40
38.770         0
38.780        40
38.790        27
38.800        27
38.810        13
38.820         0
38.830        40
38.840        27
38.850        53
38.860        13
38.870         0
38.880         0
38.890        13
38.900        40
38.910        13
38.920        27
38.930        53
38.940        27
38.950        27
38.960        27
38.970        40
38.980        13
38.990        27
39.000        40
39.010        40
39.020        13
39.030        13
39.040        27
39.050        40
39.060         0
39.070        13
39.080         0
39.090        27
39.100        13
39.110        13
39.120        13
39.130        27
39.140        13
39.150        13
39.160        93
39.170        13
39.180        53
39.190        27
39.200        27
39.210        40
39.220        53
39.230        13
39.240        40
39.250         0
39.260        27
39.270        40
39.280        27
39.290        53
39.300        27
39.310        13
39.320        40
39.330         0
39.340        40
39.350        27
39.360         0
39.370        27
39.380        27
39.390        13
39.400         0
39.410        27
39.420         0
39.430        27
39.440        27
39.450        27
39.460        13
39.470        40
39.480        27
39.490        13
39.500        27
39.510        27
39.520        40
39.530        13
39.540        13
39.550        13
39.560         0
39.570        13
39.580        27
39.590        27
39.600        13
39.610        27
39.620        13
39.630        27
39.640        40
39.650         0
39.660         0
39.670        27
39.680        13
39.690        13
39.700         0
39.710        27
39.720        27
39.730        27
39.740        13
39.750         0
39.760        13
39.770        13
39.780        53
39.790        27
39.800        27
39.810        27
39.820        53
39.830         0
39.840         0
39.850         0
39.860        13
39.870        27
39.880        13
39.890        27
39.900         0
39.910        40
39.920        27
39.930        27
39.940        13
39.950         0
39.960        27
39.970        53
39.980        27
39.990        40
40.000        27
40.010         0
40.020        27
40.030        13
40.040        13
40.050        13
40.060        13
40.070        27
40.080        40
40.090        13
40.100        13
40.110        27
40.120        13
40.130        27
40.140        40
40.150        27
40.160        13
40.170        13
40.180         0
40.190        27
40.200        27
40.210        27
40.220        13
40.230         0
40.240        27
40.250         0
40.260        40
40.270        27
40.280        27
40.290         0
40.300        40
40.310        13
40.320        27
40.330        27
40.340        13
40.350         0
40.360        13
40.370         0
40.380        13
40.390        13
40.400        27
40.410        27
40.420        13
40.430         0
40.440        27
40.450        13
40.460        53
40.470        13
40.480         0
40.490        27
40.500        27
40.510        27
40.520        67
40.530        53
40.540        40
40.550        27
40.560        27
40.570        13
40.580        27
40.590        13
40.600        27
40.610        27
40.620        13
40.630         0
40.640        27
40.650         0
40.660        13
40.670        13
40.680        27
40.690         0
40.700         0
40.710        13
40.720         0
40.730        27
40.740         0
40.750        13
40.760        13
40.770        27
40.780        13
40.790         0
40.800        27
40.810         0
40.820        13
40.830        27
40.840        27
40.850        40
40.860        53
40.870        13
40.880         0
40.890        40
40.900        27
40.910         0
40.920        27
40.930        13
40.940        40
40.950        27
40.960         0
40.970        27
40.980        13
40.990        53
41.000         0
41.010        27
41.020         0
41.030        27
41.040        13
41.050         0
41.060        27
41.070         0
41.080         0
41.090        27
41.100         0
41.110         0
41.120         0
41.130        27
41.140        13
41.150        67
41.160        13
41.170        27
41.180        40
41.190        13
41.200        13
41.210        67
41.220        13
41.230        40
41.240        27
41.250        27
41.260        67
41.270        27
41.280        13
41.290         0
41.300        13
41.310        40
41.320        40
41.330        27
41.340         0
41.350        27
41.360        40
41.370         0
41.380        27
41.390        13
41.400         0
41.410         0
41.420        27
41.430         0
41.440         0
41.450        13
41.460         0
41.470        13
41.480        53
41.490        27
41.500        13
41.510        53
41.520        53
41.530        40
41.540        13
41.550        13
41.560        13
41.570        27
41.580        13
41.590        93
41.600        27
41.610        27
41.620        80
41.630        80
41.640       160
41.650       120
41.660       120
41.670        80
41.680        67
41.690       160
41.700       120
41.710       120
41.720       133
41.730       147
41.740       160
41.750       107
41.760       147
41.770        93
41.780        67
41.790        40
41.800        80
41.810        67
41.820        93
41.830        67
41.840        40
41.850        80
41.860        80
41.870        67
41.880        80
41.890        67
41.900        40
41.910         0
41.920        13
41.930        27
41.940        13
41.950        27
41.960        13
41.970        27
41.980        27
41.990         0
42.000        27
42.010        13
42.020        13
42.030        40
42.040        40
42.050        27
42.060        27
42.070        27
42.080         0
42.090        27
42.100        27
42.110        13
42.120        13
42.130        13
42.140         0
42.150        27
42.160        13
42.170        13
42.180        27
42.190        13
42.200        27
42.210        80
42.220        40
42.230        13
42.240        13
42.250        40
42.260         0
42.270        13
42.280        27
42.290        13
42.300        27
42.310        13
42.320         0
42.330        13
42.340        40
42.350        27
42.360        13
42.370        13
42.380        13
42.390        40
42.400        27
42.410         0
42.420        53
42.430        13
42.440        13
42.450        40
42.460        40
42.470         0
42.480         0
42.490        13
42.500        13
42.510         0
42.520        27
42.530        27
42.540         0
42.550        40
42.560         0
42.570         0
42.580        13
42.590        13
42.600         0
42.610        27
42.620        13
42.630        13
42.640        13
42.650        13
42.660         0
42.670        13
42.680         0
42.690        53
42.700        13
42.710        27
42.720        27
42.730        13
42.740        13
42.750        27
42.760        40
42.770        27
42.780        40
42.790        40
42.800        13
42.810        40
42.820        27
42.830        40
42.840        13
42.850        27
42.860        67
42.870         0
42.880         0
42.890         0
42.900        27
42.910         0
42.920        13
42.930        13
42.940        13
42.950         0
42.960        13
42.970        13
42.980        13
42.990         0
43.000        13
43.010        53
43.020        13
43.030         0
43.040        13
43.050        13
43.060        27
43.070        40
43.080         0
43.090        27
43.100         0
43.110        53
43.120        13
43.130        13
43.140        27
43.150         0
43.160         0
43.170        27
43.180        53
43.190        27
43.200        13
43.210        27
43.220        13
43.230        27
43.240        27
43.250        27
43.260        53
43.270        13
43.280        13
43.290        13
43.300        53
43.310        27
43.320        40
43.330         0
43.340        53
43.350        40
43.360        13
43.370         0
43.380        40
43.390        13
43.400        67
43.410        93
43.420        27
43.430        27
43.440        27
43.450        13
43.460        27
43.470        53
43.480        13
43.490        13
43.500         0
43.510        53
43.520        13
43.530        40
43.540        13
43.550        40
43.560        40
43.570        27
43.580        27
43.590        40
43.600         0
43.610        53
43.620         0
43.630        13
43.640        27
43.650        67
43.660        13
43.670         0
43.680        40
43.690        13
43.700        40
43.710        67
43.720        13
43.730        53
43.740        40
43.750        40
43.760        13
43.770        53
43.780        40
43.790        27
43.800         0
43.810        27
43.820        53
43.830        27
43.840        27
43.850        27
43.860        13
43.870        67
43.880        67
43.890        53
43.900        40
43.910        40
43.920         0
43.930        13
43.940        53
43.950         0
43.960        13
43.970        13
43.980        53
43.990        67
44.000        67
44.010        53
44.020        27
44.030       120
44.040        40
44.050        93
44.060        13
44.070        27
44.080        80
44.090        40
44.100        67
44.110        53
44.120        93
44.130        27
44.140        40
44.150        80
44.160        40
44.170        13
44.180        67
44.190        93
44.200       147
44.210        93
44.220       120
44.230        93
44.240        93
44.250        93
44.260       107
44.270       133
44.280        93
44.290        80
44.300        93
44.310        53
44.320        67
44.330        40
44.340        67
44.350        40
44.360        80
44.370        27
44.380        53
44.390        80
44.400        53
44.410        67
44.420        53
44.430        80
44.440         0
44.450        40
44.460        80
44.470        40
44.480        93
44.490        40
44.500        53
44.510        40
44.520        27
44.530        40
44.540        27
44.550        67
44.560        13
44.570        53
44.580        40
44.590        53
44.600        13
44.610         0
44.620        40
44.630        27
44.640        13
44.650         0
44.660        53
44.670        13
44.680        27
44.690        40
44.700         0
44.710        27
44.720        13
44.730        67
44.740        27
44.750         0
44.760        40
44.770        27
44.780        27
44.790        40
44.800        27
44.810        13
44.820        13
44.830        13
44.840        40
44.850        13
44.860        13
44.870        40
44.880        13
44.890        27
44.900        13
44.910         0
44.920        27
44.930        27
44.940        27
44.950        27
44.960         0
44.970        13
44.980        27
44.990        13
45.000         0
45.010        27
45.020        40
45.030        27
45.040         0
45.050        13
45.060        27
45.070        13
45.080         0
45.090        53
45.100        27
45.110        27
45.120        27
45.130         0
45.140         0
45.150        13
45.160        40
45.170        27
45.180         0
45.190        53
45.200        27
45.210        27
45.220         0
45.230         0
45.240        27
45.250        27
45.260         0
45.270         0
45.280         0
45.290        40
45.300        53
45.310        13
45.320        13
45.330        13
45.340        27
45.350        27
45.360        40
45.370         0
45.380        27
45.390        27
45.400        13
45.410        27
45.420        40
45.430        40
45.440         0
45.450        40
45.460         0
45.470         0
45.480        13
45.490        27
45.500        27
45.510        40
45.520        13
45.530         0
45.540        27
45.550         0
45.560        13
45.570        53
45.580        27
45.590         0
45.600        40
45.610        27
45.620        27
45.630        13
45.640        67
45.650        40
45.660        27
45.670        27
45.680        40
45.690        27
45.700        13
45.710        27
45.720        13
45.730         0
45.740        13
45.750         0
45.760        40
45.770        40
45.780        27
45.790        27
45.800         0
45.810        13
45.820        13
45.830        13
45.840        27
45.850         0
45.860        27
45.870        53
45.880         0
45.890        13
45.900        67
45.910        27
45.920        27
45.930        27
45.940        27
45.950         0
45.960        27
45.970        40
45.980         0
45.990         0
46.000         0
46.010         0
46.020        13
46.030        13
46.040        13
46.050         0
46.060         0
46.070        13
46.080         0
46.090        13
46.100        13
46.110         0
46.120        27
46.130         0
46.140        27
46.150        40
46.160        40
46.170        13
46.180        13
46.190         0
46.200         0
46.210        13
46.220        40
46.230         0
46.240         0
46.250         0
46.260         0
46.270        13
46.280         0
46.290        13
46.300         0
46.310         0
46.320         0
46.330         0
46.340        13
46.350        27
46.360        27
46.370        27
46.380        27
46.390        13
46.400        27
46.410        27
46.420        13
46.430        13
46.440        27
46.450        13
46.460         0
46.470        13
46.480        53
46.490        13
46.500        13
46.510        13
46.520        27
46.530         0
46.540        13
46.550        13
46.560        40
46.570        53
46.580        13
46.590        13
46.600        27
46.610         0
46.620        40
46.630        27
46.640         0
46.650        27
46.660        13
46.670        13
46.680        27
46.690        13
46.700         0
46.710        13
46.720         0
46.730        40
46.740         0
46.750        27
46.760        27
46.770        13
46.780        13
46.790        13
46.800        13
46.810         0
46.820        40
46.830        13
46.840         0
46.850        13
46.860         0
46.870         0
46.880         0
46.890        13
46.900         0
46.910        13
46.920        27
46.930        27
46.940        40
46.950        27
46.960        13
46.970        27
46.980        13
46.990        27
47.000        13
47.010        27
47.020        13
47.030        13
47.040         0
47.050        13
47.060         0
47.070        13
47.080        13
47.090        13
47.100        27
47.110        13
47.120         0
47.130         0
47.140        27
47.150         0
47.160         0
47.170        13
47.180        13
47.190         0
47.200         0
47.210         0
47.220        13
47.230        27
47.240        13
47.250         0
47.260        27
47.270        13
47.280         0
47.290        13
47.300        27
47.310         0
47.320        27
47.330        40
47.340        27
47.350        53
47.360        13
47.370        13
47.380         0
47.390        27
47.400        13
47.410        40
47.420        13
47.430        13
47.440        40
47.450        27
47.460        27
47.470         0
47.480        13
47.490         0
47.500        13
47.510        13
47.520        27
47.530        13
47.540        13
47.550        13
47.560         0
47.570        27
47.580        27
47.590        40
47.600        13
47.610        13
47.620        13
47.630        67
47.640        13
47.650         0
47.660        13
47.670         0
47.680         0
47.690        27
47.700         0
47.710        13
47.720        27
47.730         0
47.740         0
47.750        27
47.760        13
47.770         0
47.780        27
47.790         0
47.800        13
47.810        27
47.820         0
47.830        13
47.840        13
47.850        27
47.860        27
47.870        13
47.880         0
47.890         0
47.900        40
47.910        40
47.920        27
47.930        13
47.940         0
47.950         0
47.960        40
47.970        13
47.980         0
47.990        13
48.000         0
48.010        67
48.020        13
48.030        27
48.040        27
48.050        40
48.060        27
48.070        13
48.080        27
48.090        13
48.100         0
48.110         0
48.120        13
48.130        40
48.140        53
48.150        13
48.160         0
48.170        13
48.180         0
48.190        13
48.200        13
48.210         0
48.220         0
48.230        13
48.240        13
48.250         0
48.260         0
48.270        13
48.280        13
48.290        13
48.300        40
48.310        40
48.320        27
48.330        13
48.340         0
48.350        13
48.360        13
48.370        13
48.380        13
48.390        67
48.400        53
48.410        27
48.420        40
48.430        27
48.440        13
48.450        27
48.460        40
48.470        40
48.480        13
48.490        27
48.500        27
48.510        13
48.520        13
48.530        27
48.540        13
48.550        13
48.560        27
48.570        13
48.580         0
48.590         0
48.600        27
48.610        27
48.620        27
48.630         0
48.640        13
48.650         0
48.660        13
48.670        13
48.680        27
48.690        40
48.700        40
48.710        40
48.720         0
48.730        80
48.740        13
48.750        13
48.760         0
48.770        13
48.780         0
48.790        27
48.800         0
48.810        13
48.820        13
48.830         0
48.840        40
48.850         0
48.860        40
48.870         0
48.880         0
48.890        13
48.900        13
48.910         0
48.920        13
48.930        13
48.940         0
48.950         0
48.960         0
48.970         0
48.980        13
48.990        27
49.000        27
49.010        13
49.020        27
49.030        13
49.040        53
49.050         0
49.060        13
49.070        27
49.080        13
49.090        13
49.100        13
49.110        13
49.120        13
49.130        13
49.140        40
49.150        13
49.160         0
49.170        27
49.180        13
49.190         0
49.200         0
49.210         0
49.220        13
49.230        27
49.240        13
49.250        13
49.260         0
49.270        40
49.280        40
49.290         0
49.300        13
49.310        27
49.320        13
49.330         0
49.340        13
49.350         0
49.360         0
49.370        13
49.380        27
49.390        13
49.400         0
49.410        27
49.420         0
49.430        13
49.440        27
49.450        27
49.460        27
49.470        13
49.480         0
49.490        13
49.500         0
49.510        27
49.520         0
49.530        13
49.540         0
49.550        13
49.560         0
49.570        27
49.580        13
49.590        13
49.600         0
49.610         0
49.620        27
49.630        27
49.640         0
49.650        27
49.660         0
49.670        40
49.680        27
49.690        13
49.700        13
49.710        13
49.720         0
49.730        13
49.740        13
49.750         0
49.760        27
49.770         0
49.780         0
49.790         0
49.800        27
49.810        27
49.820        13
49.830         0
49.840         0
49.850        13
49.860        13
49.870        27
49.880        13
49.890         0
49.900         0
49.910        13
49.920         0
49.930        13
49.940        13
49.950         0
49.960        13
49.970        40
49.980         0
49.990        13
50.000        27
50.010        13
50.020        13
50.030        27
50.040         0
50.050         0
50.060        13
50.070        27
50.080         0
50.090        13
50.100        27
50.110        40
50.120         0
50.130        13
50.140        27
50.150        27
50.160        13
50.170        13
50.180        13
50.190         0
50.200        13
50.210        27
50.220         0
50.230        13
50.240         0
50.250         0
50.260        27
50.270         0
50.280        27
50.290        27
50.300         0
50.310        13
50.320         0
50.330        13
50.340        40
50.350         0
50.360        13
50.370        27
50.380        27
50.390         0
50.400         0
50.410         0
50.420        27
50.430        27
50.440         0
50.450        13
50.460         0
50.470         0
50.480        13
50.490         0
50.500        13
50.510        40
50.520        13
50.530        40
50.540         0
50.550         0
50.560        27
50.570        13
50.580        27
50.590        53
50.600         0
50.610        13
50.620        53
50.630        13
50.640        13
50.650        13
50.660        13
50.670        13
50.680         0
50.690        53
50.700        13
50.710         0
50.720        13
50.730         0
50.740        27
50.750        13
50.760        13
50.770        13
50.780        40
50.790        13
50.800        27
50.810         0
50.820        13
50.830        13
50.840         0
50.850        13
50.860        40
50.870         0
50.880         0
50.890         0
50.900        27
50.910        13
50.920         0
50.930        27
50.940         0
50.950        13
50.960        27
50.970        27
50.980         0
50.990        13
51.000        13
51.010         0
51.020         0
51.030         0
51.040        40
51.050        53
51.060         0
51.070        27
51.080        13
51.090         0
51.100        13
51.110         0
51.120        13
51.130         0
51.140        27
51.150        27
51.160         0
51.170         0
51.180         0
51.190        80
51.200        13
51.210        40
51.220         0
51.230        13
51.240        13
51.250        13
51.260         0
51.270        13
51.280         0
51.290        27
51.300        40
51.310        27
51.320         0
51.330        27
51.340         0
51.350        13
51.360        13
51.370        13
51.380         0
51.390        13
51.400        13
51.410         0
51.420        27
51.430        27
51.440        13
51.450        13
51.460        27
51.470         0
51.480         0
51.490        13
51.500        27
51.510        13
51.520        13
51.530        67
51.540        13
51.550         0
51.560        13
51.570         0
51.580        13
51.590        13
51.600        13
51.610        13
51.620        27
51.630        40
51.640        53
51.650         0
51.660        27
51.670         0
51.680         0
51.690         0
51.700        27
51.710         0
51.720        13
51.730         0
51.740         0
51.750         0
51.760         0
51.770        27
51.780        13
51.790        27
51.800        13
51.810        27
51.820         0
51.830        40
51.840        13
51.850         0
51.860        13
51.870        40
51.880        13
51.890        40
51.900        27
51.910         0
51.920         0
51.930         0
51.940        53
51.950        27
51.960        27
51.970        13
51.980         0
51.990        40
52.000         0
52.010         0
52.020         0
52.030         0
52.040         0
52.050         0
52.060        13
52.070        13
52.080         0
52.090        13
52.100        13
52.110        27
52.120        40
52.130        13
52.140        13
52.150         0
52.160         0
52.170        53
52.180        13
52.190        13
52.200         0
52.210        40
52.220        53
52.230         0
52.240         0
52.250        13
52.260        27
52.270        13
52.280         0
52.290         0
52.300        27
52.310        13
52.320        40
52.330        27
52.340        13
52.350         0
52.360         0
52.370        13
52.380         0
52.390        40
52.400         0
52.410        27
52.420        40
52.430         0
52.440        27
52.450         0
52.460        27
52.470         0
52.480        13
52.490        27
52.500        13
52.510         0
52.520        13
52.530        27
52.540        40
52.550        13
52.560        93
52.570        53
52.580        40
52.590         0
52.600        67
52.610        13
52.620        40
52.630        40
52.640        53
52.650        40
52.660        13
52.670        27
52.680        13
52.690        27
52.700        27
52.710        13
52.720        13
52.730        13
52.740         0
52.750        40
52.760        53
52.770        27
52.780        13
52.790         0
52.800         0
52.810         0
52.820         0
52.830        27
52.840         0
52.850         0
52.860        13
52.870        13
52.880        13
52.890         0
52.900        13
52.910        13
52.920        13
52.930        53
52.940        13
52.950         0
52.960        27
52.970        13
52.980         0
52.990         0
53.000        40
53.010        13
53.020        27
53.030        13
53.040        27
53.050         0
53.060        13
53.070         0
53.080         0
53.090        27
53.100         0
53.110        13
53.120        13
53.130        13
53.140         0
53.150        27
53.160        13
53.170        27
53.180        27
53.190         0
53.200        13
53.210        13
53.220        27
53.230        27
53.240        27
53.250        67
53.260        27
53.270        13
53.280         0
53.290         0
53.300         0
53.310         0
53.320        40
53.330         0
53.340        13
53.350         0
53.360        13
53.370         0
53.380         0
53.390        27
53.400         0
53.410         0
53.420        40
53.430        27
53.440        13
53.450         0
53.460        53
53.470         0
53.480         0
53.490        40
53.500         0
53.510         0
53.520        13
53.530         0
53.540        13
53.550        27
53.560        27
53.570         0
53.580        27
53.590        40
53.600        40
53.610         0
53.620        13
53.630         0
53.640         0
53.650        40
53.660        27
53.670        13
53.680        13
53.690        13
53.700        27
53.710         0
53.720         0
53.730        53
53.740         0
53.750        13
53.760        13
53.770         0
53.780        13
53.790         0
53.800         0
53.810        13
53.820         0
53.830        27
53.840         0
53.850        40
53.860        27
53.870        27
53.880         0
53.890         0
53.900        13
53.910        27
53.920         0
53.930        13
53.940        40
53.950         0
53.960        13
53.970        13
53.980         0
53.990        27
54.000         0
54.010        13
54.020        13
54.030        40
54.040        13
54.050        40
54.060        13
54.070         0
54.080        40
54.090         0
54.100        40
54.110        40
54.120        27
54.130        13
54.140         0
54.150        27
54.160        13
54.170        40
54.180        40
54.190         0
54.200         0
54.210        27
54.220        40
54.230        27
54.240         0
54.250        13
54.260        13
54.270        27
54.280         0
54.290        53
54.300        27
54.310        27
54.320        13
54.330        13
54.340        13
54.350         0
54.360         0
54.370        40
54.380        27
54.390         0
54.400        27
54.410        40
54.420         0
54.430        13
54.440        67
54.450        13
54.460         0
54.470        53
54.480         0
54.490         0
54.500        27
54.510        27
54.520        27
54.530        67
54.540        40
54.550        40
54.560        13
54.570        53
54.580        27
54.590        40
54.600        40
54.610        53
54.620        67
54.630        27
54.640         0
54.650         0
54.660        67
54.670        67
54.680        13
54.690        67
54.700        27
54.710        53
54.720        80
54.730        67
54.740        67
54.750        40
54.760        53
54.770       147
54.780        93
54.790       133
54.800       120
54.810       133
54.820       120
54.830       160
54.840       147
54.850       160
54.860       160
54.870       120
54.880       227
54.890       240
54.900       133
54.910       213
54.920       173
54.930       160
54.940       107
54.950        80
54.960       147
54.970       107
54.980       147
54.990       187
55.000       160
55.010       133
55.020        93
55.030       107
55.040       147
55.050        80
55.060       133
55.070        93
55.080        53
55.090        40
55.100        93
55.110        40
55.120        13
55.130        27
55.140        53
55.150        53
55.160        80
55.170        13
55.180        13
55.190        27
55.200        40
55.210        40
55.220        53
55.230         0
55.240        40
55.250        40
55.260        13
55.270        40
55.280        40
55.290        13
55.300         0
55.310        13
55.320        53
55.330        27
55.340        13
55.350        27
55.360        53
55.370        13
55.380        40
55.390         0
55.400        27
55.410         0
55.420        27
55.430         0
55.440         0
55.450        40
55.460         0
55.470         0
55.480        13
55.490        27
55.500        27
55.510         0
55.520        40
55.530        27
55.540         0
55.550        13
55.560        27
55.570         0
55.580        27
55.590        27
55.600        13
55.610        13
55.620        13
55.630        13
55.640        13
55.650         0
55.660        27
55.670        13
55.680        27
55.690        27
55.700        13
55.710        27
55.720         0
55.730         0
55.740        13
55.750         0
55.760        40
55.770         0
55.780        27
55.790        13
55.800        40
55.810        13
55.820        13
55.830        13
55.840        13
55.850        27
55.860        27
55.870         0
55.880        27
55.890        13
55.900        13
55.910         0
55.920         0
55.930         0
55.940        13
55.950         0
55.960        40
55.970        27
55.980        27
55.990         0
56.000         0
56.010        13
56.020        27
56.030        40
56.040        27
56.050         0
56.060         0
56.070        13
56.080        27
56.090        13
56.100        27
56.110        27
56.120         0
56.130        13
56.140         0
56.150        27
56.160         0
56.170        13
56.180        27
56.190        13
56.200        13
56.210        13
56.220        27
56.230        13
56.240        40
56.250         0
56.260        13
56.270         0
56.280        13
56.290         0
56.300         0
56.310        13
56.320         0
56.330         0
56.340         0
56.350        27
56.360         0
56.370        27
56.380        27
56.390        13
56.400        40
56.410        13
56.420        13
56.430        13
56.440         0
56.450         0
56.460         0
56.470        13
56.480         0
56.490         0
56.500         0
56.510        13
56.520         0
56.530        40
56.540        27
56.550        13
56.560        27
56.570        13
56.580         0
56.590        13
56.600        40
56.610        13
56.620         0
56.630         0
56.640        53
56.650        13
56.660        13
56.670        13
56.680        27
56.690        13
56.700        13
56.710         0
56.720        27
56.730         0
56.740        27
56.750         0
56.760        13
56.770         0
56.780        13
56.790         0
56.800        27
56.810        53
56.820        13
56.830         0
56.840        27
56.850        13
56.860         0
56.870        13
56.880         0
56.890        13
56.900         0
56.910        27
56.920        27
56.930        13
56.940         0
56.950        13
56.960        27
56.970         0
56.980         0
56.990         0
57.000        40
57.010        27
57.020         0
57.030        27
57.040         0
57.050         0
57.060        53
57.070        27
57.080         0
57.090         0
57.100         0
57.110        13
57.120        13
57.130         0
57.140         0
57.150        27
57.160         0
57.170        13
57.180        13
57.190        13
57.200        40
57.210        13
57.220         0
57.230         0
57.240        13
57.250        27
57.260         0
57.270        27
57.280        40
57.290        13
57.300         0
57.310        13
57.320        13
57.330        13
57.340        27
57.350        27
57.360        13
57.370        27
57.380        13
57.390        27
57.400        13
57.410        13
57.420        13
57.430        13
57.440        13
57.450        40
57.460        13
57.470        13
57.480        80
57.490        53
57.500        27
57.510       160
57.520        93
57.530        53
57.540        80
57.550       213
57.560       120
57.570       160
57.580       120
57.590       133
57.600       213
57.610       133
57.620       133
57.630        13
57.640        67
57.650        53
57.660        40
57.670        40
57.680        27
57.690        93
57.700        53
57.710        67
57.720        93
57.730        67
57.740       107
57.750        27
57.760       107
57.770        80
57.780        40
57.790        27
57.800        27
57.810        40
57.820         0
57.830        27
57.840        13
57.850        27
57.860         0
57.870        53
57.880        13
57.890        40
57.900         0
57.910        13
57.920        13
57.930        13
57.940        13
57.950         0
57.960        40
57.970         0
57.980        40
57.990         0
58.000         0
58.010         0
58.020         0
58.030        27
58.040         0
58.050        13
58.060        40
58.070         0
58.080        27
58.090         0
58.100        13
58.110         0
58.120        13
58.130         0
58.140        13
58.150        27
58.160        13
58.170        13
58.180         0
58.190         0
58.200         0
58.210        13
58.220        13
58.230        27
58.240         0
58.250         0
58.260        27
58.270        27
58.280        13
58.290         0
58.300        13
58.310        13
58.320        13
58.330        27
58.340        13
58.350        53
58.360         0
58.370         0
58.380        13
58.390         0
58.400        13
58.410        13
58.420         0
58.430        13
58.440        13
58.450        27
58.460        13
58.470         0
58.480        13
58.490        13
58.500         0
58.510        13
58.520        27
58.530        13
58.540         0
58.550        27
58.560        27
58.570        13
58.580        13
58.590         0
58.600        13
58.610         0
58.620         0
58.630        13
58.640        27
58.650        13
58.660         0
58.670        13
58.680        13
58.690         0
58.700        13
58.710        13
58.720        13
58.730         0
58.740        53
58.750         0
58.760        13
58.770        13
58.780        13
58.790        13
58.800        13
58.810        13
58.820        27
58.830         0
58.840        13
58.850        13
58.860        27
58.870         0
58.880         0
58.890         0
58.900        13
58.910         0
58.920        13
58.930         0
58.940         0
58.950         0
58.960        13
58.970        13
58.980         0
58.990         0
59.000        27
59.010        27
59.020        40
59.030         0
59.040        13
59.050        13
59.060        53
59.070        13
59.080        13
59.090        13
59.100        27
59.110        40
59.120         0
59.130        13
59.140         0
59.150         0
59.160        13
59.170         0
59.180        13
59.190        13
59.200        13
59.210        40
59.220        13
59.230        13
59.240         0
59.250        27
59.260         0
59.270         0
59.280        13
59.290        13
59.300        40
59.310         0
59.320        27
59.330        13
59.340        13
59.350        27
59.360        13
59.370        13
59.380         0
59.390        13
59.400        27
59.410        27
59.420        27
59.430         0
59.440        27
59.450         0
59.460         0
59.470        27
59.480         0
59.490        27
59.500        53
59.510        27
59.520        13
59.530        13
59.540        13
59.550        27
59.560        27
59.570        27
59.580        27
59.590        53
59.600         0
59.610        13
59.620        13
59.630        13
59.640         0
59.650        27
59.660        27
59.670        27
59.680        27
59.690         0
59.700        13
59.710        13
59.720        13
59.730        13
59.740         0
59.750        13
59.760         0
59.770        13
59.780         0
59.790         0
59.800         0
59.810         0
59.820         0
59.830        13
59.840        27
59.850        13
59.860        13
59.870        13
59.880         0
59.890        27
59.900        13
59.910        13
59.920        13
59.930        13
59.940        13
59.950        13
59.960        13
59.970         0
59.980         0
59.990         0
60.000        13
60.010        53
60.020        27
60.030         0
60.040         0
60.050         0
60.060         0
60.070         0
60.080        13
60.090        13
60.100        27
60.110         0
60.120         0
60.130        13
60.140         0
60.150         0
60.160        53
60.170         0
60.180        13
60.190         0
60.200        13
60.210         0
60.220        13
60.230        40
60.240        13
60.250        13
60.260        27
60.270        13
60.280        13
60.290        27
60.300        13
60.310        40
60.320        27
60.330         0
60.340        13
60.350        27
60.360        27
60.370        27
60.380        40
60.390        13
60.400         0
60.410        27
60.420         0
60.430        13
60.440         0
60.450         0
60.460        40
60.470        27
60.480        13
60.490         0
60.500        40
60.510        13
60.520         0
60.530         0
60.540        27
60.550        13
60.560        13
60.570        13
60.580        13
60.590        40
60.600         0
60.610        13
60.620         0
60.630         0
60.640         0
60.650         0
60.660        13
60.670        13
60.680        40
60.690        13
60.700        40
60.710        27
60.720         0
60.730        13
60.740        13
60.750        13
60.760        13
60.770        27
60.780         0
60.790        13
60.800         0
60.810        27
60.820        13
60.830        53
60.840        13
60.850         0
60.860         0
60.870        13
60.880        13
60.890        40
60.900         0
60.910        40
60.920        40
60.930        13
60.940        13
60.950        27
60.960        13
60.970         0
60.980        13
60.990         0
61.000         0
61.010        67
61.020        27
61.030         0
61.040         0
61.050        27
61.060        40
61.070        13
61.080         0
61.090        13
61.100        27
61.110        13
61.120        40
61.130        40
61.140        13
61.150         0
61.160        13
61.170        13
61.180        13
61.190         0
61.200        27
61.210        27
61.220        13
61.230        27
61.240        40
61.250        40
61.260        27
61.270        80
61.280       107
61.290        40
61.300        80
61.310        67
61.320       187
61.330       147
61.340       173
61.350       267
61.360       120
61.370       213
61.380        93
61.390        80
61.400        80
61.410        67
61.420        40
61.430        67
61.440        53
61.450        80
61.460        40
61.470        40
61.480        53
61.490       173
61.500        80
61.510       107
61.520        93
61.530        93
61.540        80
61.550       107
61.560         0
61.570        80
61.580        27
61.590        13
61.600         0
61.610        40
61.620         0
61.630        13
61.640         0
61.650        27
61.660        13
61.670        13
61.680         0
61.690         0
61.700        27
61.710         0
61.720        53
61.730         0
61.740         0
61.750         0
61.760        13
61.770         0
61.780        40
61.790        13
61.800        27
61.810         0
61.820         0
61.830        40
61.840         0
61.850        40
61.860        27
61.870         0
61.880         0
61.890         0
61.900         0
61.910         0
61.920         0
61.930        13
61.940        13
61.950        27
61.960        13
61.970        13
61.980        13
61.990        27
62.000         0
62.010        13
62.020         0
62.030        13
62.040        13
62.050         0
62.060         0
62.070        27
62.080        13
62.090        27
62.100        13
62.110        13
62.120         0
62.130         0
62.140        27
62.150        27
62.160         0
62.170        13
62.180        13
62.190        13
62.200        27
62.210         0
62.220         0
62.230         0
62.240        27
62.250         0
62.260        13
62.270         0
62.280         0
62.290         0
62.300        13
62.310         0
62.320        40
62.330        13
62.340        13
62.350        13
62.360        13
62.370         0
62.380         0
62.390         0
62.400         0
62.410        13
62.420        13
62.430         0
62.440         0
62.450         0
62.460         0
62.470         0
62.480        27
62.490         0
62.500         0
62.510        13
62.520         0
62.530        13
62.540        13
62.550        13
62.560        27
62.570         0
62.580         0
62.590        13
62.600         0
62.610        13
62.620        13
62.630         0
62.640        13
62.650         0
62.660        27
62.670        13
62.680         0
62.690         0
62.700        13
62.710        13
62.720         0
62.730         0
62.740        27
62.750         0
62.760         0
62.770        27
62.780         0
62.790         0
62.800         0
62.810         0
62.820        13
62.830         0
62.840        13
62.850        13
62.860         0
62.870         0
62.880        27
62.890         0
62.900         0
62.910        13
62.920        27
62.930         0
62.940        13
62.950        13
62.960         0
62.970         0
62.980        27
62.990        13
63.000        27
63.010         0
63.020         0
63.030        40
63.040         0
63.050         0
63.060         0
63.070         0
63.080         0
63.090         0
63.100        27
63.110        13
63.120        13
63.130         0
63.140        27
63.150        13
63.160        27
63.170         0
63.180        40
63.190        53
63.200         0
63.210        40
63.220        13
63.230         0
63.240         0
63.250         0
63.260        13
63.270         0
63.280        13
63.290        13
63.300        13
63.310         0
63.320        13
63.330        27
63.340         0
63.350         0
63.360         0
63.370         0
63.380        13
63.390        27
63.400        27
63.410        13
63.420        13
63.430         0
63.440         0
63.450         0
63.460        13
63.470         0
63.480        27
63.490        13
63.500        40
63.510         0
63.520        40
63.530        40
63.540         0
63.550         0
63.560         0
63.570         0
63.580         0
63.590         0
63.600        53
63.610         0
63.620         0
63.630        27
63.640        13
63.650        13
63.660        13
63.670        13
63.680         0
63.690        27
63.700        27
63.710        67
63.720         0
63.730         0
63.740        27
63.750         0
63.760         0
63.770        13
63.780        13
63.790        27
63.800         0
63.810        13
63.820         0
63.830         0
63.840        40
63.850        27
63.860         0
63.870        27
63.880        27
63.890        40
63.900        53
63.910        13
63.920         0
63.930         0
63.940        53
63.950         0
63.960         0
63.970        40
63.980        27
63.990        13
64.000        13
64.010        27
64.020        40
64.030         0
64.040         0
64.050        67
64.060        13
64.070        13
64.080        40
64.090        13
64.100        40
64.110        40
64.120        27
64.130        13
64.140        27
64.150        13
64.160        27
64.170         0
64.180        13
64.190        40
64.200        27
64.210        40
64.220        67
64.230        53
64.240        27
64.250        27
64.260        27
64.270        40
64.280        67
64.290        13
64.300        40
64.310        40
64.320         0
64.330        40
64.340        13
64.350        40
64.360        67
64.370        40
64.380        67
64.390        27
64.400        53
64.410        27
64.420         0
64.430        13
64.440        27
64.450        40
64.460        27
64.470        67
64.480        53
64.490        27
64.500        13
64.510        27
64.520        13
64.530        13
64.540        67
64.550        27
64.560        40
64.570        27
64.580        27
64.590         0
64.600        13
64.610        13
64.620        13
64.630         0
64.640        13
64.650        13
64.660        13
64.670        13
64.680        40
64.690         0
64.700        40
64.710        13
64.720         0
64.730        13
64.740        13
64.750         0
64.760         0
64.770         0
64.780        13
64.790        13
64.800         0
64.810        13
64.820         0
64.830         0
64.840         0
64.850         0
64.860        13
64.870         0
64.880        53
64.890         0
64.900        13
64.910        53
64.920         0
64.930         0
64.940         0
64.950        13
64.960         0
64.970        13
64.980        27
64.990        27
65.000         0
65.010        27
65.020        27
65.030        27
65.040         0
65.050         0
65.060         0
65.070         0
65.080        27
65.090        40
65.100        13
65.110        13
65.120        40
65.130        13
65.140         0
65.150         0
65.160        27
65.170        27
65.180        27
65.190         0
65.200        27
65.210         0
65.220        27
65.230        13
65.240        13
65.250         0
65.260        13
65.270         0
65.280        53
65.290         0
65.300        27
65.310        40
65.320        13
65.330        27
65.340         0
65.350         0
65.360        13
65.370         0
65.380        13
65.390        13
65.400         0
65.410         0
65.420         0
65.430        13
65.440        13
65.450        53
65.460        13
65.470         0
65.480        13
65.490        13
65.500        13
65.510        13
65.520        13
65.530        27
65.540        40
65.550         0
65.560        13
65.570        13
65.580         0
65.590        27
65.600         0
65.610        13
65.620        13
65.630        13
65.640        67
65.650         0
65.660        13
65.670        27
65.680        13
65.690         0
65.700        13
65.710         0
65.720        13
65.730         0
65.740        13
65.750        13
65.760         0
65.770        13
65.780         0
65.790        27
65.800         0
65.810        13
65.820        13
65.830         0
65.840         0
65.850        13
65.860         0
65.870         0
65.880         0
65.890         0
65.900        27
65.910        13
65.920        13
65.930         0
65.940         0
65.950        13
65.960         0
65.970         0
65.980        40
65.990        13
66.000        13
66.010        40
66.020        27
66.030        13
66.040        27
66.050        13
66.060        13
66.070        13
66.080        27
66.090        13
66.100        13
66.110        13
66.120        13
66.130        13
66.140        13
66.150        13
66.160         0
66.170        13
66.180        27
66.190         0
66.200        40
66.210         0
66.220         0
66.230         0
66.240         0
66.250        27
66.260         0
66.270        13
66.280        13
66.290         0
66.300        13
66.310         0
66.320        13
66.330        40
66.340         0
66.350         0
66.360         0
66.370         0
66.380        13
66.390         0
66.400         0
66.410        13
66.420         0
66.430         0
66.440        13
66.450        13
66.460        13
66.470        13
66.480        13
66.490         0
66.500        13
66.510        40
66.520         0
66.530        27
66.540        53
66.550         0
66.560        13
66.570         0
66.580         0
66.590        13
66.600        27
66.610         0
66.620         0
66.630        13
66.640         0
66.650         0
66.660        27
66.670        13
66.680         0
66.690        40
66.700         0
66.710         0
66.720        13
66.730         0
66.740         0
66.750         0
66.760        13
66.770        27
66.780        27
66.790        13
66.800        13
66.810        40
66.820        27
66.830         0
66.840         0
66.850        13
66.860         0
66.870         0
66.880        27
66.890         0
66.900        13
66.910        13
66.920        13
66.930        13
66.940        13
66.950         0
66.960        13
66.970        13
66.980         0
66.990        13
67.000        40
67.010        13
67.020        40
67.030         0
67.040        13
67.050         0
67.060        40
67.070        13
67.080        13
67.090        13
67.100         0
67.110        13
67.120        27
67.130        13
67.140        13
67.150         0
67.160         0
67.170        27
67.180         0
67.190        27
67.200        53
67.210        27
67.220        13
67.230        13
67.240        13
67.250         0
67.260        27
67.270        13
67.280        13
67.290         0
67.300        13
67.310        40
67.320        27
67.330        13
67.340        13
67.350         0
67.360         0
67.370        13
67.380         0
67.390        13
67.400        13
67.410        13
67.420         0
67.430        27
67.440         0
67.450        13
67.460        13
67.470         0
67.480         0
67.490        27
67.500        13
67.510         0
67.520        13
67.530        27
67.540        27
67.550         0
67.560        27
67.570        13
67.580        13
67.590         0
67.600         0
67.610        40
67.620         0
67.630        13
67.640        27
67.650         0
67.660         0
67.670        13
67.680        40
67.690         0
67.700         0
67.710        13
67.720        13
67.730        40
67.740         0
67.750        13
67.760         0
67.770         0
67.780         0
67.790         0
67.800        13
67.810         0
67.820         0
67.830        27
67.840        27
67.850        13
67.860        13
67.870         0
67.880        27
67.890         0
67.900         0
67.910         0
67.920         0
67.930        27
67.940         0
67.950        13
67.960         0
67.970        13
67.980        13
67.990         0
68.000         0
68.010        13
68.020         0
68.030        53
68.040         0
68.050        27
68.060         0
68.070        13
68.080        13
68.090        13
68.100         0
68.110         0
68.120         0
68.130         0
68.140        13
68.150         0
68.160        27
68.170        13
68.180         0
68.190         0
68.200        13
68.210        27
68.220        13
68.230         0
68.240        40
68.250        13
68.260        13
68.270         0
68.280        13
68.290        13
68.300        13
68.310        27
68.320        27
68.330         0
68.340         0
68.350        27
68.360        27
68.370        13
68.380        13
68.390        27
68.400         0
68.410         0
68.420        40
68.430        13
68.440        40
68.450        13
68.460         0
68.470        13
68.480        40
68.490         0
68.500        13
68.510        27
68.520        27
68.530        13
68.540         0
68.550         0
68.560        13
68.570        13
68.580        13
68.590         0
68.600         0
68.610         0
68.620         0
68.630        40
68.640         0
68.650        40
68.660         0
68.670        13
68.680        13
68.690         0
68.700        53
68.710        13
68.720        27
68.730        13
68.740        13
68.750        13
68.760        13
68.770         0
68.780        13
68.790        27
68.800        40
68.810        27
68.820        13
68.830        13
68.840        13
68.850        13
68.860        27
68.870        13
68.880        40
68.890         0
68.900        13
68.910         0
68.920         0
68.930         0
68.940        40
68.950         0
68.960        13
68.970         0
68.980        13
68.990        40
69.000        27
69.010         0
69.020        27
69.030        13
69.040         0
69.050        13
69.060        27
69.070         0
69.080        13
69.090         0
69.100        27
69.110        13
69.120        13
69.130        27
69.140         0
69.150        13
69.160        13
69.170        13
69.180        27
69.190         0
69.200        27
69.210        27
69.220         0
69.230         0
69.240        13
69.250        13
69.260        13
69.270         0
69.280        27
69.290         0
69.300        27
69.310         0
69.320         0
69.330        13
69.340         0
69.350        27
69.360        13
69.370        27
69.380        27
69.390         0
69.400        13
69.410        13
69.420        13
69.430        27
69.440         0
69.450        67
69.460        13
69.470        13
69.480        27
69.490        13
69.500         0
69.510         0
69.520        13
69.530         0
69.540        13
69.550        40
69.560        27
69.570        13
69.580        27
69.590         0
69.600        13
69.610         0
69.620        13
69.630        13
69.640        27
69.650         0
69.660         0
69.670        27
69.680         0
69.690        13
69.700         0
69.710        13
69.720        13
69.730         0
69.740         0
69.750        13
69.760        13
69.770         0
69.780         0
69.790        27
69.800        40
69.810         0
69.820         0
69.830        13
69.840        13
69.850        27
69.860        13
69.870         0
69.880        13
69.890        13
69.900         0
69.910        27
69.920        13
69.930        13
69.940         0
69.950         0
69.960         0
69.970         0
69.980         0
69.990        13
70.000         0
70.010         0
70.020        13
70.030         0
70.040        13
70.050         0
70.060        13
70.070        27
70.080         0
70.090         0
70.100         0
70.110         0
70.120         0
70.130         0
70.140        13
70.150        13
70.160         0
70.170        40
70.180         0
70.190         0
70.200        27
70.210         0
70.220        13
70.230        13
70.240         0
70.250        13
70.260        13
70.270         0
70.280         0
70.290        13
70.300        40
70.310        13
70.320        13
70.330         0
70.340        27
70.350        13
70.360        13
70.370         0
70.380         0
70.390         0
70.400        40
70.410        13
70.420        13
70.430        27
70.440         0
70.450         0
70.460        40
70.470        13
70.480        27
70.490         0
70.500         0
70.510        13
70.520        13
70.530         0
70.540        13
70.550        13
70.560        53
70.570        27
70.580         0
70.590         0
70.600        13
70.610        13
70.620        13
70.630        27
70.640         0
70.650        40
70.660        13
70.670        13
70.680         0
70.690        13
70.700        13
70.710        13
70.720         0
70.730         0
70.740        27
70.750        27
70.760        13
70.770         0
70.780        13
70.790         0
70.800        13
70.810         0
70.820        53
70.830        13
70.840        13
70.850        13
70.860        13
70.870         0
70.880         0
70.890         0
70.900        13
70.910        13
70.920        13
70.930        27
70.940        27
70.950         0
70.960         0
70.970        13
70.980        27
70.990        13
71.000         0
71.010        13
71.020        13
71.030         0
71.040        27
71.050         0
71.060        13
71.070         0
71.080         0
71.090         0
71.100        13
71.110        40
71.120        27
71.130         0
71.140        13
71.150        13
71.160        13
71.170        13
71.180        13
71.190        13
71.200        27
71.210        13
71.220         0
71.230         0
71.240         0
71.250         0
71.260         0
71.270        27
71.280         0
71.290         0
71.300         0
71.310        13
71.320        27
71.330        13
71.340         0
71.350         0
71.360        13
71.370        13
71.380        27
71.390        13
71.400         0
71.410         0
71.420        27
71.430         0
71.440         0
71.450         0
71.460        13
71.470         0
71.480        13
71.490         0
71.500        13
71.510         0
71.520         0
71.530        13
71.540        13
71.550        13
71.560        13
71.570        13
71.580        13
71.590         0
71.600        13
71.610        27
71.620         0
71.630        53
71.640         0
71.650        13
71.660         0
71.670        13
71.680        13
71.690         0
71.700        13
71.710        13
71.720        13
71.730         0
71.740         0
71.750         0
71.760        13
71.770        13
71.780         0
71.790         0
71.800         0
71.810         0
71.820        13
71.830         0
71.840        13
71.850        27
71.860         0
71.870         0
71.880         0
71.890         0
71.900        13
71.910         0
71.920         0
71.930        27
71.940        13
71.950        13
71.960         0
71.970         0
71.980        40
71.990         0
72.000        13
72.010        13
72.020        13
72.030        27
72.040         0
72.050         0
72.060         0
72.070        13
72.080        13
72.090        27
72.100        27
72.110        27
72.120         0
72.130        53
72.140         0
72.150         0
72.160         0
72.170         0
72.180        13
72.190        13
72.200        27
72.210         0
72.220        13
72.230         0
72.240         0
72.250         0
72.260        13
72.270         0
72.280        53
72.290        13
72.300        27
72.310        27
72.320        13
72.330        13
72.340        13
72.350         0
72.360        13
72.370        13
72.380        27
72.390         0
72.400         0
72.410        13
72.420         0
72.430         0
72.440        13
72.450        13
72.460         0
72.470        40
72.480         0
72.490         0
72.500        27
72.510        13
72.520         0
72.530         0
72.540         0
72.550        40
72.560        27
72.570         0
72.580        13
72.590        27
72.600        27
72.610        13
72.620        13
72.630         0
72.640         0
72.650        27
72.660        27
72.670        27
72.680         0
72.690        27
72.700        13
72.710         0
72.720        40
72.730        13
72.740         0
72.750         0
72.760         0
72.770        13
72.780        27
72.790         0
72.800        13
72.810         0
72.820         0
72.830        13
72.840         0
72.850         0
72.860        13
72.870        13
72.880        13
72.890        13
72.900         0
72.910        13
72.920        13
72.930         0
72.940        13
72.950         0
72.960         0
72.970        13
72.980        40
72.990         0
73.000         0
73.010        13
73.020        13
73.030         0
73.040        27
73.050         0
73.060        13
73.070        27
73.080        13
73.090        27
73.100        13
73.110         0
73.120        40
73.130        13
73.140        13
73.150         0
73.160         0
73.170         0
73.180         0
73.190        27
73.200         0
73.210         0
73.220        13
73.230        13
73.240         0
73.250         0
73.260         0
73.270         0
73.280         0
73.290        13
73.300        53
73.310         0
73.320        27
73.330        13
73.340        13
73.350         0
73.360         0
73.370        27
73.380         0
73.390        27
73.400         0
73.410        13
73.420        13
73.430         0
73.440        27
73.450         0
73.460        13
73.470         0
73.480        27
73.490         0
73.500        27
73.510        13
73.520         0
73.530        13
73.540         0
73.550        13
73.560        13
73.570        27
73.580         0
73.590         0
73.600        27
73.610        40
73.620        27
73.630        13
73.640        13
73.650        13
73.660        13
73.670        13
73.680        13
73.690        13
73.700         0
73.710         0
73.720        27
73.730         0
73.740        40
73.750         0
73.760        27
73.770        40
73.780        27
73.790        27
73.800         0
73.810        27
73.820        27
73.830        13
73.840         0
73.850         0
73.860        13
73.870         0
73.880        13
73.890         0
73.900        13
73.910        13
73.920        13
73.930        13
73.940        13
73.950        13
73.960        27
73.970         0
73.980         0
73.990        13
74.000        27
74.010         0
74.020         0
74.030         0
74.040        13
74.050        13
74.060         0
74.070        27
74.080         0
74.090        13
74.100        13
74.110        13
74.120        13
74.130         0
74.140         0
74.150        27
74.160        27
74.170         0
74.180         0
74.190        13
74.200        13
74.210         0
74.220         0
74.230        13
74.240         0
74.250         0
74.260        13
74.270        27
74.280         0
74.290         0
74.300        40
74.310        40
74.320         0
74.330         0
74.340        40
74.350        13
74.360         0
74.370        27
74.380         0
74.390         0
74.400        13
74.410         0
74.420         0
74.430        27
74.440        13
74.450        13
74.460        13
74.470        27
74.480        13
74.490         0
74.500        13
74.510         0
74.520        27
74.530        27
74.540        13
74.550         0
74.560         0
74.570         0
74.580         0
74.590        53
74.600        27
74.610         0
74.620        13
74.630         0
74.640        13
74.650        13
74.660         0
74.670         0
74.680        27
74.690        27
74.700        27
74.710        40
74.720        27
74.730         0
74.740        13
74.750        13
74.760         0
74.770         0
74.780        13
74.790        13
74.800        27
74.810        13
74.820        13
74.830         0
74.840        13
74.850        13
74.860         0
74.870        27
74.880        13
74.890        27
74.900        13
74.910         0
74.920         0
74.930         0
74.940        27
74.950         0
74.960         0
74.970         0
74.980        13
74.990        13
75.000         0
75.010        53
75.020         0
75.030        13
75.040        27
75.050         0
75.060         0
75.070         0
75.080        13
75.090         0
75.100         0
75.110         0
75.120        13
75.130         0
75.140         0
75.150        13
75.160         0
75.170         0
75.180         0
75.190         0
75.200         0
75.210         0
75.220         0
75.230        13
75.240        27
75.250        27
75.260         0
75.270        27
75.280         0
75.290        13
75.300         0
75.310         0
75.320         0
75.330         0
75.340        27
75.350        27
75.360         0
75.370         0
75.380        27
75.390        40
75.400         0
75.410         0
75.420        13
75.430         0
75.440        27
75.450        27
75.460         0
75.470         0
75.480        27
75.490        27
75.500         0
75.510         0
75.520        13
75.530         0
75.540         0
75.550         0
75.560         0
75.570         0
75.580         0
75.590        27
75.600        13
75.610         0
75.620         0
75.630         0
75.640         0
75.650         0
75.660        13
75.670        13
75.680        27
75.690        27
75.700         0
75.710        13
75.720        13
75.730         0
75.740        13
75.750        13
75.760        13
75.770        27
75.780        13
75.790         0
75.800         0
75.810        13
75.820        13
75.830         0
75.840         0
75.850        27
75.860         0
75.870        13
75.880         0
75.890        27
75.900         0
75.910         0
75.920         0
75.930        13
75.940        27
75.950         0
75.960        13
75.970        13
75.980         0
75.990         0
76.000        13
76.010         0
76.020        13
76.030         0
76.040         0
76.050         0
76.060         0
76.070        13
76.080        27
76.090         0
76.100        13
76.110         0
76.120        13
76.130        13
76.140        13
76.150         0
76.160         0
76.170         0
76.180         0
76.190        27
76.200        13
76.210        13
76.220         0
76.230         0
76.240         0
76.250        13
76.260        13
76.270         0
76.280        13
76.290        27
76.300        27
76.310        13
76.320        27
76.330        13
76.340         0
76.350        13
76.360        13
76.370        40
76.380        13
76.390         0
76.400         0
76.410        27
76.420         0
76.430        27
76.440         0
76.450         0
76.460        40
76.470         0
76.480        27
76.490         0
76.500        27
76.510        40
76.520         0
76.530        13
76.540        27
76.550        40
76.560        13
76.570        40
76.580        27
76.590        27
76.600         0
76.610        13
76.620        27
76.630        27
76.640        67
76.650        27
76.660        40
76.670        27
76.680        27
76.690        13
76.700        13
76.710        13
76.720        40
76.730         0
76.740       133
76.750       107
76.760        53
76.770        67
76.780        67
76.790        67
76.800        67
76.810       227
76.820       133
76.830       213
76.840       333
76.850       267
76.860       333
76.870       387
76.880       520
76.890       706
76.900       693
76.910       626
76.920       573
76.930       733
76.940       586
76.950       626
76.960       466
76.970       253
76.980       333
76.990       133
77.000       213
77.010       133
77.020       107
77.030       160
77.040       200
77.050       160
77.060       173
77.070        80
77.080       200
77.090       280
77.100       267
77.110       426
77.120       320
77.130       360
77.140       400
77.150       213
77.160       347
77.170       240
77.180       160
77.190       213
77.200       187
77.210       147
77.220       253
77.230        93
77.240       107
77.250        80
77.260       160
77.270        93
77.280        93
77.290       107
77.300       120
77.310        67
77.320        67
77.330       147
77.340        93
77.350        13
77.360        13
77.370        13
77.380        53
77.390         0
77.400       307
77.410         0
77.420        27
77.430        13
77.440         0
77.450        13
77.460        13
77.470        67
77.480        27
77.490        53
77.500        40
77.510        53
77.520        80
77.530        80
77.540        53
77.550        13
77.560        13
77.570        13
77.580        40
77.590        27
77.600        40
77.610        13
77.620         0
77.630        13
77.640         0
77.650        13
77.660         0
77.670        13
77.680        27
77.690         0
77.700         0
77.710        40
77.720         0
77.730         0
77.740         0
77.750        13
77.760        13
77.770         0
77.780        27
77.790         0
77.800         0
77.810         0
77.820        13
77.830        13
77.840         0
77.850        13
77.860         0
77.870        13
77.880        27
77.890        13
77.900         0
77.910        27
77.920         0
77.930         0
77.940        27
77.950         0
77.960         0
77.970        13
77.980        13
77.990         0
78.000         0
78.010        13
78.020         0
78.030        13
78.040         0
78.050         0
78.060        13
78.070         0
78.080        53
78.090        13
78.100         0
78.110        27
78.120        27
78.130         0
78.140        27
78.150        13
78.160        13
78.170        27
78.180         0
78.190         0
78.200         0
78.210         0
78.220        13
78.230        13
78.240         0
78.250        13
78.260        13
78.270        27
78.280        27
78.290        13
78.300        40
78.310        27
78.320        13
78.330        13
78.340         0
78.350        13
78.360        13
78.370         0
78.380         0
78.390        13
78.400        27
78.410         0
78.420         0
78.430        40
78.440        13
78.450         0
78.460        13
78.470         0
78.480         0
78.490         0
78.500         0
78.510        13
78.520        13
78.530         0
78.540         0
78.550         0
78.560        27
78.570        13
78.580         0
78.590        27
78.600         0
78.610        27
78.620         0
78.630         0
78.640         0
78.650        13
78.660        27
78.670         0
78.680         0
78.690        13
78.700         0
78.710        13
78.720         0
78.730        13
78.740         0
78.750        13
78.760         0
78.770         0
78.780         0
78.790        13
78.800        13
78.810        27
78.820         0
78.830        13
78.840         0
78.850        13
78.860        13
78.870        13
78.880        40
78.890         0
78.900         0
78.910         0
78.920        27
78.930        13
78.940        13
78.950         0
78.960         0
78.970        13
78.980        13
78.990        27
79.000        27
79.010         0
79.020        27
79.030         0
79.040        13
79.050        13
79.060        13
79.070        13
79.080         0
79.090         0
79.100         0
79.110         0
79.120         0
79.130         0
79.140        13
79.150        13
79.160        13
79.170         0
79.180        13
79.190        13
79.200         0
79.210        13
79.220        13
79.230        13
79.240         0
79.250         0
79.260         0
79.270         0
79.280        13
79.290         0
79.300        27
79.310         0
79.320        53
79.330        40
79.340        13
79.350         0
79.360         0
79.370        27
79.380        27
79.390         0
79.400         0
79.410         0
79.420         0
79.430        13
79.440        13
79.450         0
79.460        13
79.470        13
79.480         0
79.490         0
79.500        27
79.510        13
79.520         0
79.530         0
79.540         0
79.550         0
79.560        40
79.570         0
79.580        13
79.590        13
79.600        27
79.610         0
79.620         0
79.630        13
79.640         0
79.650         0
79.660         0
79.670         0
79.680        27
79.690         0
79.700         0
79.710        13
79.720         0
79.730         0
79.740         0
79.750        27
79.760        27
79.770         0
79.780        13
79.790         0
79.800         0
79.810         0
79.820         0
79.830        13
79.840         0
79.850         0
79.860         0
79.870         0
79.880         0
79.890        27
79.900        13
79.910        27
79.920         0
79.930        13
79.940         0
79.950         0
79.960        27
79.970        13
79.980         0
79.990        13
80.000        13
80.010        13
80.020         0
80.030         0
80.040        53
80.050         0
80.060        27
80.070        13
80.080         0
80.090        27
80.100        13
80.110        13
80.120         0
80.130        13
80.140        13
80.150        13
80.160        40
80.170        40
80.180         0
80.190         0
80.200        13
80.210         0
80.220        27
80.230         0
80.240        40
80.250         0
80.260        13
80.270         0
80.280         0
80.290        13
80.300        13
80.310         0
80.320        13
80.330         0
80.340         0
80.350        27
80.360         0
80.370         0
80.380         0
80.390        27
80.400         0
80.410         0
80.420        27
80.430         0
80.440         0
80.450        13
80.460        13
80.470         0
80.480        13
80.490         0
80.500        27
80.510        13
80.520         0
80.530         0
80.540        27
80.550        13
80.560        13
80.570        27
80.580        27
80.590         0
80.600         0
80.610         0
80.620        13
80.630         0
80.640         0
80.650         0
80.660         0
80.670         0
80.680        13
80.690        40
80.700        27
80.710        13
80.720         0
80.730         0
80.740        27
80.750        53
80.760        13
80.770        13
80.780        27
80.790        13
80.800        13
80.810         0
80.820         0
80.830        13
80.840         0
80.850        27
80.860        13
80.870        13
80.880        13
80.890        13
80.900        27
80.910         0
80.920        27
80.930        13
80.940         0
80.950        13
80.960        27
80.970        13
80.980        40
80.990        13
81.000         0
81.010         0
81.020        13
81.030         0
81.040         0
81.050        13
81.060        27
81.070        13
81.080         0
81.090        13
81.100         0
81.110        27
81.120        53
81.130        13
81.140        27
81.150        40
81.160        27
81.170        40
81.180        13
81.190        13
81.200        40
81.210        27
81.220        53
81.230        27
81.240        53
81.250        13
81.260        53
81.270        27
81.280        53
81.290        67
81.300        27
81.310        27
81.320        13
81.330        53
81.340         0
81.350        40
81.360        53
81.370        13
81.380        40
81.390        13
81.400        67
81.410        13
81.420        53
81.430        40
81.440        53
81.450        40
81.460        27
81.470         0
81.480        40
81.490        27
81.500        13
81.510        40
81.520        13
81.530        13
81.540        27
81.550        67
81.560        53
81.570        40
81.580        13
81.590        27
81.600        40
81.610        27
81.620        93
81.630        67
81.640        27
81.650        80
81.660        27
81.670        27
81.680        13
81.690        13
81.700         0
81.710        53
81.720        27
81.730        27
81.740        13
81.750        27
81.760         0
81.770        13
81.780        13
81.790        13
81.800        13
81.810        80
81.820        40
81.830        13
81.840        40
81.850        13
81.860         0
81.870         0
81.880         0
81.890        40
81.900        13
81.910         0
81.920         0
81.930        40
81.940        27
81.950        13
81.960        13
81.970        27
81.980         0
81.990        27
82.000         0
82.010        13
82.020         0
82.030        13
82.040        13
82.050        27
82.060        13
82.070         0
82.080        13
82.090        13
82.100         0
82.110        13
82.120        13
82.130        13
82.140         0
82.150        13
82.160        27
82.170         0
82.180        27
82.190        13
82.200        13
82.210        13
82.220        13
82.230         0
82.240        13
82.250        40
82.260        13
82.270         0
82.280        13
82.290        13
82.300        27
82.310        13
82.320         0
82.330        40
82.340        13
82.350         0
82.360        13
82.370        13
82.380        13
82.390        67
82.400         0
82.410         0
82.420        13
82.430        13
82.440         0
82.450        13
82.460        27
82.470         0
82.480         0
82.490        27
82.500         0
82.510        13
82.520         0
82.530        13
82.540         0
82.550        13
82.560         0
82.570         0
82.580         0
82.590         0
82.600        27
82.610         0
82.620        13
82.630         0
82.640         0
82.650        13
82.660         0
82.670        13
82.680         0
82.690        13
82.700        13
82.710        13
82.720        13
82.730         0
82.740        13
82.750         0
82.760        27
82.770         0
82.780        13
82.790         0
82.800        13
82.810         0
82.820        13
82.830        13
82.840         0
82.850        13
82.860        27
82.870         0
82.880         0
82.890         0
82.900        13
82.910        13
82.920         0
82.930        13
82.940         0
82.950        13
82.960        13
82.970        13
82.980         0
82.990         0
83.000         0
83.010         0
83.020         0
83.030        13
83.040         0
83.050        13
83.060        53
83.070        27
83.080        53
83.090         0
83.100        13
83.110        27
83.120        13
83.130         0
83.140        13
83.150         0
83.160         0
83.170        13
83.180        13
83.190        13
83.200         0
83.210        27
83.220         0
83.230        13
83.240        13
83.250         0
83.260         0
83.270         0
83.280        13
83.290         0
83.300        27
83.310         0
83.320        27
83.330         0
83.340        13
83.350         0
83.360        13
83.370        27
83.380        13
83.390        13
83.400         0
83.410         0
83.420         0
83.430         0
83.440         0
83.450         0
83.460        13
83.470         0
83.480         0
83.490        13
83.500         0
83.510         0
83.520        27
83.530         0
83.540         0
83.550         0
83.560        13
83.570        40
83.580        13
83.590         0
83.600        27
83.610        27
83.620        13
83.630         0
83.640        13
83.650         0
83.660         0
83.670         0
83.680        27
83.690        13
83.700         0
83.710        13
83.720        53
83.730         0
83.740         0
83.750         0
83.760        27
83.770        13
83.780         0
83.790        13
83.800        13
83.810        13
83.820         0
83.830         0
83.840         0
83.850        13
83.860        27
83.870         0
83.880        13
83.890        27
83.900        27
83.910         0
83.920        13
83.930         0
83.940         0
83.950         0
83.960         0
83.970         0
83.980         0
83.990         0
84.000        13
84.010        13
84.020        13
84.030        13
84.040         0
84.050        13
84.060         0
84.070        13
84.080         0
84.090         0
84.100         0
84.110        13
84.120         0
84.130         0
84.140        13
84.150        13
84.160         0
84.170        13
84.180        13
84.190         0
84.200        40
84.210        13
84.220        13
84.230        13
84.240         0
84.250         0
84.260         0
84.270        13
84.280        13
84.290         0
84.300        13
84.310        13
84.320        27
84.330        13
84.340        13
84.350         0
84.360         0
84.370        13
84.380        13
84.390        13
84.400        13
84.410         0
84.420        13
84.430         0
84.440        13
84.450        27
84.460         0
84.470        27
84.480        27
84.490         0
84.500        27
84.510         0
84.520        13
84.530        27
84.540        13
84.550        27
84.560        13
84.570         0
84.580        13
84.590        13
84.600        13
84.610        13
84.620        13
84.630         0
84.640        13
84.650        27
84.660        13
84.670        27
84.680         0
84.690         0
84.700        13
84.710         0
84.720         0
84.730        13
84.740         0
84.750         0
84.760         0
84.770        13
84.780         0
84.790         0
84.800        13
84.810        27
84.820         0
84.830        27
84.840        40
84.850         0
84.860        27
84.870        13
84.880        27
84.890         0
84.900         0
84.910         0
84.920         0
84.930         0
84.940        13
84.950         0
84.960        13
84.970         0
84.980         0
84.990         0
85.000         0
85.010        27
85.020        13
85.030         0
85.040         0
85.050        13
85.060        13
85.070         0
85.080        13
85.090         0
85.100         0
85.110         0
85.120        27
85.130         0
85.140        13
85.150        13
85.160        13
85.170        13
85.180        13
85.190         0
85.200        13
85.210        27
85.220         0
85.230         0
85.240        13
85.250         0
85.260        27
85.270         0
85.280         0
85.290         0
85.300         0
85.310         0
85.320        27
85.330         0
85.340         0
85.350        27
85.360        13
85.370        13
85.380         0
85.390         0
85.400         0
85.410         0
85.420         0
85.430        27
85.440         0
85.450         0
85.460         0
85.470         0
85.480        13
85.490         0
85.500        13
85.510         0
85.520        13
85.530         0
85.540         0
85.550         0
85.560         0
85.570        13
85.580        13
85.590        13
85.600         0
85.610         0
85.620        13
85.630         0
85.640         0
85.650        27
85.660         0
85.670         0
85.680         0
85.690         0
85.700         0
85.710         0
85.720         0
85.730        13
85.740         0
85.750         0
85.760        13
85.770        13
85.780        13
85.790        13
85.800        13
85.810        13
85.820         0
85.830         0
85.840         0
85.850        13
85.860        13
85.870        27
85.880         0
85.890        27
85.900        27
85.910        13
85.920         0
85.930        13
85.940         0
85.950         0
85.960        13
85.970         0
85.980        13
85.990         0
86.000        13
86.010        13
86.020         0
86.030        27
86.040         0
86.050         0
86.060         0
86.070         0
86.080        13
86.090        13
86.100         0
86.110         0
86.120        27
86.130         0
86.140        53
86.150        27
86.160        13
86.170         0
86.180         0
86.190        13
86.200        27
86.210         0
86.220        67
86.230         0
86.240        13
86.250        13
86.260        13
86.270         0
86.280         0
86.290        13
86.300        13
86.310         0
86.320         0
86.330        13
86.340         0
86.350        13
86.360        13
86.370         0
86.380        67
86.390        13
86.400         0
86.410         0
86.420        27
86.430        27
86.440        27
86.450         0
86.460         0
86.470         0
86.480         0
86.490         0
86.500        13
86.510        13
86.520        13
86.530        27
86.540         0
86.550        13
86.560         0
86.570        13
86.580        27
86.590        27
86.600        13
86.610         0
86.620        13
86.630        13
86.640         0
86.650        27
86.660         0
86.670        13
86.680         0
86.690        27
86.700         0
86.710         0
86.720        13
86.730         0
86.740         0
86.750        27
86.760         0
86.770         0
86.780         0
86.790        27
86.800         0
86.810        80
86.820        13
86.830        13
86.840         0
86.850        40
86.860         0
86.870         0
86.880         0
86.890        13
86.900        27
86.910        13
86.920         0
86.930        13
86.940         0
86.950         0
86.960        27
86.970         0
86.980         0
86.990         0
87.000        40
87.010        27
87.020        13
87.030        13
87.040        27
87.050        13
87.060        13
87.070        27
87.080         0
87.090         0
87.100         0
87.110        13
87.120         0
87.130        13
87.140         0
87.150        13
87.160        27
87.170        27
87.180         0
87.190        13
87.200        27
87.210         0
87.220        13
87.230         0
87.240        27
87.250         0
87.260         0
87.270        13
87.280        13
87.290         0
87.300         0
87.310        13
87.320        40
87.330         0
87.340        13
87.350        13
87.360         0
87.370         0
87.380        13
87.390         0
87.400         0
87.410        27
87.420         0
87.430        13
87.440        27
87.450         0
87.460        13
87.470         0
87.480         0
87.490         0
87.500        13
87.510        13
87.520         0
87.530        13
87.540        13
87.550         0
87.560         0
87.570         0
87.580        13
87.590        40
87.600         0
87.610        27
87.620        13
87.630         0
87.640         0
87.650        13
87.660         0
87.670         0
87.680        27
87.690        13
87.700        13
87.710        13
87.720         0
87.730        27
87.740         0
87.750        13
87.760         0
87.770         0
87.780        13
87.790         0
87.800        13
87.810         0
87.820        13
87.830         0
87.840        27
87.850        13
87.860         0
87.870         0
87.880         0
87.890        13
87.900        53
87.910        27
87.920         0
87.930        27
87.940         0
87.950        13
87.960         0
87.970        13
87.980         0
87.990        13
88.000        13
88.010        13
88.020        13
88.030         0
88.040        13
88.050        13
88.060         0
88.070        27
88.080        13
88.090        27
88.100        13
88.110         0
88.120         0
88.130        27
88.140        13
88.150        27
88.160        13
88.170         0
88.180        13
88.190        13
88.200        13
88.210        13
88.220        13
88.230        13
88.240        27
88.250        13
88.260         0
88.270         0
88.280        27
88.290        27
88.300        13
88.310         0
88.320         0
88.330         0
88.340        27
88.350        13
88.360        13
88.370         0
88.380        13
88.390         0
88.400         0
88.410        13
88.420         0
88.430         0
88.440         0
88.450         0
88.460         0
88.470        40
88.480        27
88.490        13
88.500        13
88.510        13
88.520        13
88.530         0
88.540        13
88.550        13
88.560         0
88.570        13
88.580        13
88.590         0
88.600         0
88.610        13
88.620        13
88.630        13
88.640         0
88.650        13
88.660         0
88.670         0
88.680        13
88.690         0
88.700        40
88.710         0
88.720         0
88.730         0
88.740        40
88.750        27
88.760         0
88.770         0
88.780         0
88.790         0
88.800        13
88.810        13
88.820        13
88.830        13
88.840        13
88.850         0
88.860        27
88.870         0
88.880         0
88.890        27
88.900        27
88.910        13
88.920        13
88.930        13
88.940         0
88.950         0
88.960        13
88.970        27
88.980        40
88.990        13
89.000        27
89.010        13
89.020        13
89.030        27
89.040        53
89.050        27
89.060        40
89.070        67
89.080        27
89.090        40
89.100        40
89.110        27
89.120        27
89.130        40
89.140        40
89.150        13
89.160         0
89.170        40
89.180        53
89.190        13
89.200        13
89.210         0
89.220        40
89.230        13
89.240        13
89.250        13
89.260        40
89.270        13
89.280        13
89.290        67
89.300        40
89.310        27
89.320        13
89.330        53
89.340       107
89.350        27
89.360        53
89.370        27
89.380        53
89.390         0
89.400        13
89.410        27
89.420         0
89.430        27
89.440        27
89.450        13
89.460        40
89.470        13
89.480        53
89.490        13
89.500        13
89.510        40
89.520        40
89.530        27
89.540        13
89.550        13
89.560        13
89.570        27
89.580        40
89.590        27
89.600        27
89.610        27
89.620        13
89.630        40
89.640        27
89.650         0
89.660        13
89.670        13
89.680        53
89.690        40
89.700        40
89.710        13
89.720        40
89.730        13
89.740        13
89.750        13
89.760        27
89.770        27
89.780         0
89.790        27
89.800        40
89.810        13
89.820        13
89.830         0
89.840        27
89.850        40
89.860        13
89.870        27
89.880        13
89.890        13
89.900        27
89.910        27
89.920         0
89.930        13
89.940         0
89.950        13
89.960        53
89.970         0
89.980        13
89.990        27
90.000        27
