20.000       240
20.010       240
20.020       213
20.030       147
20.040       173
20.050       227
20.060       200
20.070       207
20.080       193
20.090       267
20.100       193
20.110       167
20.120       200
20.130       227
20.140       180
20.150       227
20.160       173
20.170       153
20.180       173
20.190       207
20.200       293
20.210       173
20.220       213
20.230       200
20.240       200
20.250       220
20.260       260
20.270       260
20.280       213
20.290       240
20.300       247
20.310       220
20.320       187
20.330       273
20.340       187
20.350       360
20.360       207
20.370       213
20.380       233
20.390       260
20.400       253
20.410       273
20.420       207
20.430       313
20.440       193
20.450       293
20.460       300
20.470       220
20.480       280
20.490       200
20.500       253
20.510       287
20.520       207
20.530       300
20.540       240
20.550       267
20.560       307
20.570       187
20.580       260
20.590       213
20.600       287
20.610       247
20.620       253
20.630       207
20.640       293
20.650       220
20.660       253
20.670       300
20.680       213
20.690       400
20.700       240
20.710       247
20.720       280
20.730       267
20.740       253
20.750       200
20.760       247
20.770       280
20.780       267
20.790       193
20.800       280
20.810       247
20.820       293
20.830       293
20.840       293
20.850       287
20.860       280
20.870       293
20.880       300
20.890       353
20.900       293
20.910       420
20.920       367
20.930       400
20.940       333
20.950       313
20.960       320
20.970       367
20.980       333
20.990       373
21.000       373
21.010       440
21.020       440
21.030       393
21.040       493
21.050       580
21.060       800
21.070      1213
21.080      1593
21.090      1599
21.100      2066
21.110      1879
21.120      1859
21.130      1979
21.140      1273
21.150      1026
21.160       700
21.170       646
21.180       526
21.190       453
21.200       460
21.210       320
21.220       387
21.230       353
21.240       360
21.250       513
21.260       367
21.270       393
21.280       373
21.290       393
21.300       433
21.310       347
21.320       293
21.330       280
21.340       313
21.350       387
21.360       307
21.370       373
21.380       360
21.390       267
21.400       320
21.410       353
21.420       320
21.430       300
21.440       413
21.450       320
21.460       407
21.470       307
21.480       287
21.490       380
21.500       380
21.510       393
21.520       227
21.530       287
21.540       327
21.550       353
21.560       280
21.570       407
21.580       287
21.590       307
21.600       293
21.610       287
21.620       353
21.630       387
21.640       340
21.650       313
21.660       387
21.670       400
21.680       333
21.690       426
21.700       333
21.710       387
21.720       360
21.730       347
21.740       373
21.750       287
21.760       413
21.770       300
21.780       367
21.790       387
21.800       247
21.810       293
21.820       260
21.830       413
21.840       393
21.850       360
21.860       400
21.870       267
21.880       340
21.890       367
21.900       307
21.910       400
21.920       400
21.930       320
21.940       393
21.950       313
21.960       333
21.970       313
21.980       307
21.990       340
22.000       340
22.010       367
22.020       287
22.030       320
22.040       367
22.050       407
22.060       367
22.070       273
22.080       333
22.090       367
22.100       293
22.110       307
22.120       347
22.130       367
22.140       387
22.150       313
22.160       333
22.170       353
22.180       400
22.190       333
22.200       253
22.210       393
22.220       367
22.230       300
22.240       340
22.250       380
22.260       440
22.270       393
22.280       373
22.290       360
22.300       460
22.310       313
22.320       387
22.330       353
22.340       426
22.350       387
22.360       353
22.370       500
22.380       426
22.390       393
22.400       520
22.410       407
22.420       387
22.430       393
22.440       393
22.450       387
22.460       440
22.470       420
22.480       387
22.490       387
22.500       553
22.510       413
22.520       373
22.530       533
22.540       493
22.550       553
22.560       633
22.570       640
22.580       613
22.590       780
22.600       786
22.610       853
22.620       900
22.630       873
22.640      1000
22.650       986
22.660       973
22.670      1013
22.680       893
22.690      1006
22.700       966
22.710       860
22.720       986
22.730      1020
22.740      1080
22.750       966
22.760      1093
22.770      1080
22.780      1033
22.790       913
22.800      1246
22.810      1033
22.820       986
22.830      1120
22.840       993
22.850      1040
22.860       946
22.870       800
22.880       986
22.890      1000
22.900      1040
22.910      1026
22.920      1153
22.930      1000
22.940      1100
22.950      1033
22.960       973
22.970      1093
22.980      1080
22.990      1013
23.000      1113
23.010       946
23.020      1140
23.030      1126
23.040      1273
23.050      1106
23.060      1160
23.070      1200
23.080      1120
23.090      1453
23.100      1439
23.110      1180
23.120      1379
23.130      1379
23.140      1413
23.150      1626
23.160      1559
23.170      1926
23.180      2066
23.190      2512
23.200      2939
23.210      2992
23.220      3825
23.230      4098
23.240      5191
23.250      5671
23.260      6444
23.270      7051
23.280      8270
23.290      9256
23.300     10429
23.310     11975
23.320     13461
23.330     18539
23.340     30421
23.350     53878
23.360     85839
23.370    118699
23.380    140064
23.390    150800
23.400    155671
23.410    162315
23.420    163135
23.430    153159
23.440    135532
23.450    113868
23.460     99140
23.470     93023
23.480     82600
23.490     67140
23.500     46848
23.510     29775
23.520     19546
23.530     15201
23.540     12515
23.550     11402
23.560     10196
23.570      8410
23.580      7490
23.590      6604
23.600      5325
23.610      4638
23.620      3838
23.630      3452
23.640      2812
23.650      2426
23.660      2279
23.670      1773
23.680      1813
23.690      1466
23.700      1673
23.710      1319
23.720      1413
23.730      1459
23.740      1419
23.750      1346
23.760      1366
23.770      1419
23.780      1220
23.790      1299
23.800      1146
23.810      1100
23.820      1140
23.830      1053
23.840      1153
23.850      1033
23.860      1080
23.870       966
23.880      1033
23.890      1180
23.900      1153
23.910       980
23.920      1046
23.930      1006
23.940      1046
23.950      1006
23.960       980
23.970       993
23.980      1080
23.990       906
24.000       946
24.010      1100
24.020      1060
24.030       986
24.040       833
24.050       960
24.060       966
24.070       966
24.080       926
24.090       900
24.100       713
24.110       966
24.120       940
24.130       753
24.140       826
24.150       813
24.160       993
24.170       893
24.180      1033
24.190       886
24.200       826
24.210       913
24.220       780
24.230       826
24.240       953
24.250       706
24.260       920
24.270       920
24.280       933
24.290       793
24.300       860
24.310       746
24.320       713
24.330       773
24.340       840
24.350       713
24.360       726
24.370       766
24.380       793
24.390       900
24.400       846
24.410       853
24.420       806
24.430       813
24.440       773
24.450       846
24.460       913
24.470       840
24.480       733
24.490       853
24.500       746
24.510       820
24.520       760
24.530       766
24.540       786
24.550       913
24.560       853
24.570       820
24.580       760
24.590       740
24.600       760
24.610       786
24.620       846
24.630       780
24.640       860
24.650       820
24.660       840
24.670       806
24.680       660
24.690       886
24.700       800
24.710       786
24.720       793
24.730       733
24.740       813
24.750       780
24.760       793
24.770       673
24.780       660
24.790       706
24.800       866
24.810       726
24.820       693
24.830       726
24.840       813
24.850       653
24.860       806
24.870       800
24.880       800
24.890       760
24.900       746
24.910       700
24.920       840
24.930       786
24.940       746
24.950       813
24.960       853
24.970       673
24.980       913
24.990       793
25.000       693
25.010       800
25.020       760
25.030       646
25.040       760
25.050       773
25.060       686
25.070       586
25.080       753
25.090       606
25.100       606
25.110       693
25.120       686
25.130       666
25.140       726
25.150       673
25.160       680
25.170       673
25.180       726
25.190       753
25.200       693
25.210       686
25.220       766
25.230       926
25.240       713
25.250       626
25.260       640
25.270       706
25.280       680
25.290       720
25.300       733
25.310       720
25.320       606
25.330       620
25.340       693
25.350       800
25.360       733
25.370       733
25.380       606
25.390       566
25.400       666
25.410       600
25.420       666
25.430       606
25.440       740
25.450       620
25.460       660
25.470       566
25.480       700
25.490       726
25.500       660
25.510       666
25.520       586
25.530       653
25.540       733
25.550       700
25.560       740
25.570       653
25.580       826
25.590       573
25.600       653
25.610       706
25.620       620
25.630       533
25.640       600
25.650       686
25.660       720
25.670       700
25.680       700
25.690       646
25.700       753
25.710       526
25.720       720
25.730       620
25.740       580
25.750       653
25.760       613
25.770       533
25.780       726
25.790       813
25.800       646
25.810       626
25.820       733
25.830       633
25.840       720
25.850       626
25.860       540
25.870       660
25.880       620
25.890       626
25.900       680
25.910       620
25.920       540
25.930       706
25.940       746
25.950       686
25.960       733
25.970       573
25.980       573
25.990       666
26.000       700
26.010       706
26.020       533
26.030       520
26.040       593
26.050       640
26.060       560
26.070       700
26.080       613
26.090       740
26.100       693
26.110       660
26.120       666
26.130       673
26.140       633
26.150       726
26.160       606
26.170       626
26.180       646
26.190       640
26.200       733
26.210       573
26.220       753
26.230       666
26.240       706
26.250       413
26.260       546
26.270       553
26.280       600
26.290       600
26.300       546
26.310       560
26.320       673
26.330       626
26.340       626
26.350       526
26.360       553
26.370       566
26.380       580
26.390       600
26.400       593
26.410       626
26.420       573
26.430       593
26.440       620
26.450       540
26.460       620
26.470       513
26.480       493
26.490       400
26.500       560
26.510       593
26.520       540
26.530       420
26.540       573
26.550       606
26.560       540
26.570       560
26.580       586
26.590       700
26.600       540
26.610       453
26.620       526
26.630       513
26.640       573
26.650       646
26.660       560
26.670       613
26.680       553
26.690       566
26.700       486
26.710       540
26.720       407
26.730       620
26.740       560
26.750       620
26.760       620
26.770       660
26.780       613
26.790       593
26.800       573
26.810       466
26.820       540
26.830       506
26.840       553
26.850       486
26.860       560
26.870       486
26.880       533
26.890       513
26.900       533
26.910       533
26.920       593
26.930       633
26.940       646
26.950       580
26.960       553
26.970       580
26.980       513
26.990       586
27.000       573
27.010       493
27.020       586
27.030       600
27.040       653
27.050       466
27.060       526
27.070       486
27.080       493
27.090       520
27.100       560
27.110       506
27.120       520
27.130       520
27.140       566
27.150       533
27.160       586
27.170       513
27.180       500
27.190       606
27.200       560
27.210       613
27.220       606
27.230       500
27.240       460
27.250       533
27.260       593
27.270       466
27.280       560
27.290       520
27.300       480
27.310       546
27.320       526
27.330       420
27.340       446
27.350       533
27.360       526
27.370       560
27.380       513
27.390       473
27.400       540
27.410       586
27.420       500
27.430       540
27.440       433
27.450       513
27.460       566
27.470       573
27.480       493
27.490       433
27.500       540
27.510       606
27.520       440
27.530       480
27.540       526
27.550       553
27.560       420
27.570       493
27.580       460
27.590       440
27.600       540
27.610       400
27.620       480
27.630       526
27.640       460
27.650       420
27.660       486
27.670       513
27.680       533
27.690       466
27.700       513
27.710       500
27.720       573
27.730       533
27.740       506
27.750       600
27.760       460
27.770       413
27.780       407
27.790       506
27.800       493
27.810       520
27.820       420
27.830       506
27.840       606
27.850       493
27.860       513
27.870       440
27.880       526
27.890       493
27.900       520
27.910       660
27.920       473
27.930       506
27.940       486
27.950       513
27.960       626
27.970       700
27.980       460
27.990       600
28.000       526
28.010       407
28.020       453
28.030       626
28.040       400
28.050       493
28.060       420
28.070       480
28.080       493
28.090       333
28.100       526
28.110       566
28.120       500
28.130       500
28.140       473
28.150       560
28.160       486
28.170       440
28.180       593
28.190       413
28.200       506
28.210       540
28.220       340
28.230       340
28.240       460
28.250       453
28.260       460
28.270       446
28.280       460
28.290       426
28.300       433
28.310       466
28.320       333
28.330       426
28.340       393
28.350       493
28.360       486
28.370       420
28.380       506
28.390       293
28.400       380
28.410       407
28.420       460
28.430       493
28.440       420
28.450       466
28.460       433
28.470       327
28.480       413
28.490       400
28.500       486
28.510       300
28.520       327
28.530       453
28.540       446
28.550       340
28.560       387
28.570       473
28.580       340
28.590       373
28.600       373
28.610       453
28.620       373
28.630       473
28.640       320
28.650       473
28.660       433
28.670       433
28.680       420
28.690       387
28.700       413
28.710       433
28.720       460
28.730       433
28.740       320
28.750       400
28.760       373
28.770       426
28.780       340
28.790       433
28.800       353
28.810       413
28.820       333
28.830       440
28.840       367
28.850       446
28.860       413
28.870       387
28.880       446
28.890       380
28.900       353
28.910       360
28.920       480
28.930       380
28.940       333
28.950       380
28.960       407
28.970       420
28.980       373
28.990       387
29.000       420
29.010       367
29.020       426
29.030       367
29.040       466
29.050       333
29.060       407
29.070       407
29.080       400
29.090       380
29.100       380
29.110       400
29.120       407
29.130       420
29.140       373
29.150       400
29.160       446
29.170       426
29.180       253
29.190       333
29.200       387
29.210       353
29.220       333
29.230       333
29.240       446
29.250       440
29.260       393
29.270       506
29.280       460
29.290       413
29.300       400
29.310       367
29.320       367
29.330       420
29.340       433
29.350       373
29.360       446
29.370       380
29.380       393
29.390       353
29.400       313
29.410       433
29.420       453
29.430       327
29.440       413
29.450       407
29.460       340
29.470       400
29.480       380
29.490       380
29.500       407
29.510       373
29.520       353
29.530       400
29.540       400
29.550       413
29.560       347
29.570       407
29.580       380
29.590       320
29.600       320
29.610       327
29.620       347
29.630       393
29.640       327
29.650       340
29.660       313
29.670       393
29.680       287
29.690       433
29.700       373
29.710       313
29.720       360
29.730       287
29.740       360
29.750       347
29.760       313
29.770       307
29.780       340
29.790       340
29.800       407
29.810       400
29.820       253
29.830       466
29.840       320
29.850       320
29.860       347
29.870       320
29.880       327
29.890       387
29.900       260
29.910       333
29.920       327
29.930       333
29.940       320
29.950       393
29.960       293
29.970       320
29.980       300
29.990       240
30.000       320
30.010       300
30.020       280
30.030       373
30.040       387
30.050       333
30.060       273
30.070       333
30.080       393
30.090       253
30.100       313
30.110       333
30.120       327
30.130       400
30.140       307
30.150       387
30.160       307
30.170       240
30.180       253
30.190       320
30.200       293
30.210       313
30.220       347
30.230       340
30.240       313
30.250       360
30.260       367
30.270       287
30.280       247
30.290       327
30.300       360
30.310       320
30.320       360
30.330       347
30.340       280
30.350       267
30.360       247
30.370       327
30.380       347
30.390       380
30.400       273
30.410       340
30.420       353
30.430       320
30.440       267
30.450       307
30.460       333
30.470       273
30.480       367
30.490       340
30.500       287
30.510       413
30.520       340
30.530       280
30.540       353
30.550       313
30.560       300
30.570       247
30.580       293
30.590       333
30.600       387
30.610       353
30.620       267
30.630       313
30.640       313
30.650       293
30.660       307
30.670       347
30.680       446
30.690       393
30.700       307
30.710       300
30.720       240
30.730       353
30.740       320
30.750       340
30.760       280
30.770       327
30.780       353
30.790       313
30.800       293
30.810       300
30.820       273
30.830       260
30.840       327
30.850       253
30.860       333
30.870       293
30.880       327
30.890       267
30.900       253
30.910       200
30.920       360
30.930       280
30.940       313
30.950       307
30.960       293
30.970       307
30.980       287
30.990       260
31.000       307
31.010       287
31.020       273
31.030       307
31.040       260
31.050       247
31.060       260
31.070       260
31.080       260
31.090       247
31.100       260
31.110       307
31.120       320
31.130       253
31.140       327
31.150       353
31.160       273
31.170       353
31.180       327
31.190       193
31.200       247
31.210       333
31.220       267
31.230       267
31.240       227
31.250       287
31.260       300
31.270       327
31.280       260
31.290       333
31.300       313
31.310       280
31.320       247
31.330       367
31.340       220
31.350       273
31.360       253
31.370       273
31.380       260
31.390       413
31.400       287
31.410       267
31.420       247
31.430       273
31.440       360
31.450       187
31.460       307
31.470       287
31.480       240
31.490       200
31.500       293
31.510       327
31.520       313
31.530       307
31.540       267
31.550       327
31.560       220
31.570       260
31.580       220
31.590       247
31.600       273
31.610       267
31.620       267
31.630       273
31.640       213
31.650       240
31.660       267
31.670       267
31.680       213
31.690       267
31.700       267
31.710       280
31.720       227
31.730       247
31.740       287
31.750       273
31.760       287
31.770       267
31.780       280
31.790       253
31.800       260
31.810       260
31.820       200
31.830       273
31.840       307
31.850       253
31.860       253
31.870       333
31.880       247
31.890       253
31.900       213
31.910       240
31.920       233
31.930       247
31.940       253
31.950       240
31.960       353
31.970       213
31.980       253
31.990       280
32.000       260
32.010       280
32.020       233
32.030       287
32.040       307
32.050       327
32.060       227
32.070       287
32.080       207
32.090       273
32.100       213
32.110       253
32.120       233
32.130       287
32.140       293
32.150       287
32.160       167
32.170       253
32.180       280
32.190       233
32.200       220
32.210       187
32.220       253
32.230       233
32.240       247
32.250       220
32.260       253
32.270       267
32.280       273
32.290       220
32.300       180
32.310       267
32.320       253
32.330       260
32.340       160
32.350       233
32.360       233
32.370       207
32.380       300
32.390       253
32.400       240
32.410       240
32.420       307
32.430       240
32.440       200
32.450       313
32.460       200
32.470       220
32.480       247
32.490       300
32.500       227
32.510       260
32.520       313
32.530       193
32.540       313
32.550       200
32.560       233
32.570       187
32.580       247
32.590       220
32.600       240
32.610       227
32.620       220
32.630       253
32.640       213
32.650       200
32.660       213
32.670       173
32.680       227
32.690       220
32.700       227
32.710       193
32.720       187
32.730       207
32.740       187
32.750       227
32.760       160
32.770       320
32.780       227
32.790       233
32.800       260
32.810       200
32.820       200
32.830       213
32.840       227
32.850       267
32.860       247
32.870       253
32.880       187
32.890       240
32.900       187
32.910       213
32.920       320
32.930       240
32.940       207
32.950       200
32.960       233
32.970       253
32.980       200
32.990       200
33.000       200
33.010       200
33.020       247
33.030       227
33.040       233
33.050       160
33.060       227
33.070       153
33.080       180
33.090       120
33.100       173
33.110       260
33.120       220
33.130       213
33.140       200
33.150       207
33.160       240
33.170       267
33.180       193
33.190       193
33.200       153
33.210       147
33.220       167
33.230       220
33.240       167
33.250       213
33.260       180
33.270       220
33.280       240
33.290       213
33.300       153
33.310       240
33.320       207
33.330       280
33.340       173
33.350       193
33.360       167
33.370       180
33.380       247
33.390       227
33.400       280
33.410       220
33.420       220
33.430       147
33.440       220
33.450       187
33.460       247
33.470       240
33.480       153
33.490       187
33.500       227
33.510       133
33.520       220
33.530       127
33.540       160
33.550       180
33.560       193
33.570       207
33.580       187
33.590       233
33.600       207
33.610       127
33.620       253
33.630       187
33.640       200
33.650       173
33.660       260
33.670       227
33.680       213
33.690       180
33.700       153
33.710       193
33.720       207
33.730       253
33.740       173
33.750       227
33.760       193
33.770       147
33.780       200
33.790       240
33.800       127
33.810       153
33.820       167
33.830       200
33.840       187
33.850       240
33.860       187
33.870       207
33.880       147
33.890       160
33.900       120
33.910       193
33.920       167
33.930       153
33.940       207
33.950       180
33.960       187
33.970       227
33.980       180
33.990       167
34.000       153
34.010       193
34.020       213
34.030       173
34.040       220
34.050       180
34.060       227
34.070       233
34.080       187
34.090       140
34.100       200
34.110       153
34.120       220
34.130       187
34.140       213
34.150       120
34.160       213
34.170       173
34.180       140
34.190       193
34.200       180
34.210       200
34.220       200
34.230       247
34.240       160
34.250       240
34.260       180
34.270       160
34.280       213
34.290       193
34.300       180
34.310       147
34.320       187
34.330       167
34.340       147
34.350       167
34.360       140
34.370       220
34.380       227
34.390       140
34.400       167
34.410       153
34.420       160
34.430       147
34.440       173
34.450       187
34.460       147
34.470       153
34.480       173
34.490       153
34.500       147
34.510       193
34.520       200
34.530       147
34.540       160
34.550       220
34.560       180
34.570       140
34.580       127
34.590       173
34.600       127
34.610        73
34.620       153
34.630       153
34.640       120
34.650       153
34.660       153
34.670       113
34.680       147
34.690       193
34.700       147
34.710       187
34.720       127
34.730       113
34.740       140
34.750       167
34.760        93
34.770       140
34.780       127
34.790       127
34.800       173
34.810       140
34.820       207
34.830       100
34.840       120
34.850       160
34.860       200
34.870       120
34.880       140
34.890       140
34.900       200
34.910       167
34.920       147
34.930       187
34.940       133
34.950       173
34.960       160
34.970       160
34.980       180
34.990        87
35.000       200
35.010       153
35.020       140
35.030       127
35.040       120
35.050       127
35.060       153
35.070       127
35.080       113
35.090       180
35.100       153
35.110       180
35.120       127
35.130       127
35.140       193
35.150       173
35.160        93
35.170       207
35.180       160
35.190       153
35.200       120
35.210       120
35.220       173
35.230       167
35.240       127
35.250       180
35.260       107
35.270       147
35.280       140
35.290        87
35.300       147
35.310        87
35.320       140
35.330       160
35.340        73
35.350       140
35.360       140
35.370       120
35.380       153
35.390       127
35.400       133
35.410       133
35.420       153
35.430       127
35.440       113
35.450       147
35.460       107
35.470       133
35.480       153
35.490       173
35.500       187
35.510       127
35.520       153
35.530       100
35.540       140
35.550       127
35.560       140
35.570       120
35.580       120
35.590       140
35.600       167
35.610       200
35.620       127
35.630       147
35.640       100
35.650       167
35.660       147
35.670       147
35.680       127
35.690       187
35.700       147
35.710       133
35.720       113
35.730       140
35.740       153
35.750        87
35.760       127
35.770       113
35.780        87
35.790       133
35.800       140
35.810       160
35.820       133
35.830       133
35.840       180
35.850       207
35.860       133
35.870       180
35.880       113
35.890       173
35.900       147
35.910       167
35.920       120
35.930       207
35.940       173
35.950       113
35.960       153
35.970       127
35.980       140
35.990       127
36.000       173
36.010        93
36.020       167
36.030       133
36.040       140
36.050       107
36.060        73
36.070        93
36.080       127
36.090       153
36.100       107
36.110       113
36.120       120
36.130       167
36.140       160
36.150       100
36.160       167
36.170       173
36.180       133
36.190       127
36.200        93
36.210        47
36.220       160
36.230       113
36.240        80
36.250       160
36.260        87
36.270       187
36.280       100
36.290        87
36.300       113
36.310       120
36.320       160
36.330       120
36.340       207
36.350       120
36.360        93
36.370       100
36.380       173
36.390       120
36.400       140
36.410       140
36.420       140
36.430       140
36.440       220
36.450       120
36.460       100
36.470       153
36.480       133
36.490       120
36.500       127
36.510       167
36.520       120
36.530       133
36.540       100
36.550       147
36.560       113
36.570       120
36.580       180
36.590        93
36.600       133
36.610       113
36.620       153
36.630       200
36.640       107
36.650        87
36.660       100
36.670        80
36.680        93
36.690       140
36.700       207
36.710        73
36.720       173
36.730       100
36.740       133
36.750       133
36.760       140
36.770       100
36.780       140
36.790       120
36.800        67
36.810       127
36.820       120
36.830       133
36.840       113
36.850       160
36.860       153
36.870       120
36.880       167
36.890       140
36.900       120
36.910       120
36.920       133
36.930       140
36.940       100
36.950       140
36.960       100
36.970        93
36.980       147
36.990        93
37.000       127
37.010        80
37.020       100
37.030       107
37.040       167
37.050       113
37.060       133
37.070       153
37.080        93
37.090       107
37.100       133
37.110       100
37.120       100
37.130       140
37.140       133
37.150       140
37.160       133
37.170       167
37.180       113
37.190       147
37.200       127
37.210       147
37.220       160
37.230       127
37.240       113
37.250        73
37.260        47
37.270       127
37.280       147
37.290       113
37.300       147
37.310       100
37.320       100
37.330       107
37.340       100
37.350       140
37.360        67
37.370       187
37.380       133
37.390       120
37.400       240
37.410       100
37.420        87
37.430       140
37.440       100
37.450       107
37.460       140
37.470       120
37.480       107
37.490       120
37.500        93
37.510       133
37.520        87
37.530       100
37.540       107
37.550        73
37.560       133
37.570       147
37.580       100
37.590       133
37.600        73
37.610       100
37.620        87
37.630        80
37.640       160
37.650       147
37.660       100
37.670       127
37.680        80
37.690        93
37.700       100
37.710       120
37.720       120
37.730       100
37.740       133
37.750        80
37.760       120
37.770        73
37.780       100
37.790        87
37.800       153
37.810       160
37.820       113
37.830       140
37.840       147
37.850       127
37.860       107
37.870       120
37.880       160
37.890       120
37.900       113
37.910       147
37.920       107
37.930        73
37.940       140
37.950        93
37.960        60
37.970       100
37.980       100
37.990       120
38.000       120
38.010       133
38.020       113
38.030        67
38.040       120
38.050       167
38.060        87
38.070       113
38.080       113
38.090       113
38.100       127
38.110       113
38.120       100
38.130       100
38.140       147
38.150       127
38.160        93
38.170        87
38.180        87
38.190       100
38.200       100
38.210       147
38.220        87
38.230       100
38.240        73
38.250       107
38.260       100
38.270       127
38.280        93
38.290       107
38.300        87
38.310        87
38.320       113
38.330        93
38.340        87
38.350       120
38.360       153
38.370        80
38.380       107
38.390       133
38.400       107
38.410       120
38.420        87
38.430       160
38.440       133
38.450       120
38.460       120
38.470       107
38.480       127
38.490        67
38.500        87
38.510       127
38.520        80
38.530        80
38.540       107
38.550       113
38.560       107
38.570        73
38.580        87
38.590       100
38.600       147
38.610       100
38.620       120
38.630       107
38.640       140
38.650       173
38.660        93
38.670       120
38.680       127
38.690       100
38.700       107
38.710        67
38.720        93
38.730        67
38.740        93
38.750        80
38.760        93
38.770       120
38.780       153
38.790       120
38.800       127
38.810        60
38.820        60
38.830       107
38.840        73
38.850       147
38.860       113
38.870       113
38.880       133
38.890       100
38.900       113
38.910        87
38.920       107
38.930       140
38.940       127
38.950        87
38.960       160
38.970       127
38.980        87
38.990       113
39.000       133
39.010       120
39.020        73
39.030       100
39.040       133
39.050       107
39.060       127
39.070        87
39.080        87
39.090       100
39.100       120
39.110        80
39.120       113
39.130       127
39.140        53
39.150        87
39.160       120
39.170        87
39.180       153
39.190       133
39.200       120
39.210       113
39.220        87
39.230       153
39.240       120
39.250       113
39.260       147
39.270       153
39.280       127
39.290       100
39.300        80
39.310        87
39.320       140
39.330       113
39.340       147
39.350       147
39.360       113
39.370       113
39.380       140
39.390        73
39.400        93
39.410       120
39.420       113
39.430       113
39.440       173
39.450       147
39.460        93
39.470       113
39.480       140
39.490       133
39.500       113
39.510       127
39.520       127
39.530       147
39.540        87
39.550        87
39.560       120
39.570        93
39.580        80
39.590       113
39.600       107
39.610       127
39.620       173
39.630        93
39.640       133
39.650       113
39.660       120
39.670       133
39.680       147
39.690       160
39.700       147
39.710       167
39.720       153
39.730        93
39.740       153
39.750       160
39.760       147
39.770       180
39.780       187
39.790       193
39.800        93
39.810       120
39.820       133
39.830       153
39.840       200
39.850       173
39.860       167
39.870       160
39.880       173
39.890       107
39.900       233
39.910       193
39.920       193
39.930       173
39.940       167
39.950       120
39.960       160
39.970       207
39.980        80
39.990       160
40.000       180
40.010        73
40.020       127
40.030       187
40.040       173
40.050       133
40.060       193
40.070       147
40.080       140
40.090       173
40.100       113
40.110       113
40.120       120
40.130       140
40.140        93
40.150        93
40.160       140
40.170       140
40.180        67
40.190        80
40.200        73
40.210        93
40.220        27
40.230        60
40.240        73
40.250        87
40.260       133
40.270       120
40.280       100
40.290        93
40.300       100
40.310       107
40.320       140
40.330        80
40.340       107
40.350       120
40.360        73
40.370       113
40.380       153
40.390        80
40.400       133
40.410       133
40.420        67
40.430        87
40.440       127
40.450        67
40.460        80
40.470        73
40.480        93
40.490       107
40.500       100
40.510        87
40.520       167
40.530       113
40.540       133
40.550       113
40.560       167
40.570       147
40.580        73
40.590        87
40.600       100
40.610       120
40.620       127
40.630       140
40.640        73
40.650       147
40.660        87
40.670       100
40.680       100
40.690       127
40.700       107
40.710       133
40.720       100
40.730        93
40.740        93
40.750        80
40.760       133
40.770       113
40.780        53
40.790        93
40.800        93
40.810       100
40.820        60
40.830       100
40.840       113
40.850       120
40.860        80
40.870        87
40.880       120
40.890       120
40.900       100
40.910       100
40.920       113
40.930        87
40.940       133
40.950        87
40.960       107
40.970       140
40.980       100
40.990        60
41.000       113
41.010       120
41.020        80
41.030       160
41.040       120
41.050       113
41.060        87
41.070       133
41.080        73
41.090        93
41.100       127
41.110       113
41.120       140
41.130       127
41.140        60
41.150        67
41.160       127
41.170       127
41.180       107
41.190        53
41.200       113
41.210        80
41.220       120
41.230       127
41.240       100
41.250       133
41.260       133
41.270       140
41.280        80
41.290       107
41.300        93
41.310       120
41.320        73
41.330       147
41.340        87
41.350       113
41.360       127
41.370       127
41.380       107
41.390        87
41.400        60
41.410        80
41.420       127
41.430        73
41.440        80
41.450        87
41.460        40
41.470       107
41.480        93
41.490       120
41.500       107
41.510       113
41.520       100
41.530        93
41.540       127
41.550        87
41.560        93
41.570       140
41.580        67
41.590       113
41.600        93
41.610        67
41.620       107
41.630       107
41.640       133
41.650       107
41.660        67
41.670        73
41.680       133
41.690        87
41.700        73
41.710       153
41.720       100
41.730        93
41.740        87
41.750        93
41.760       127
41.770        93
41.780        80
41.790       120
41.800       113
41.810        80
41.820        80
41.830        73
41.840       140
41.850       100
41.860       120
41.870       113
41.880        93
41.890        60
41.900        60
41.910       133
41.920       120
41.930        87
41.940       127
41.950        60
41.960       100
41.970       140
41.980        80
41.990        93
42.000        93
42.010       133
42.020        67
42.030        80
42.040       140
42.050        93
42.060        87
42.070        87
42.080        93
42.090        67
42.100        67
42.110       113
42.120        93
42.130        93
42.140        73
42.150       133
42.160        80
42.170        73
42.180       113
42.190        73
42.200        93
42.210        53
42.220       127
42.230       140
42.240       107
42.250       107
42.260        87
42.270        93
42.280       100
42.290       113
42.300       100
42.310       140
42.320        80
42.330       147
42.340       180
42.350       120
42.360       113
42.370        67
42.380       133
42.390       133
42.400        87
42.410       100
42.420       100
42.430       113
42.440        87
42.450       160
42.460       113
42.470       140
42.480       113
42.490        87
42.500       113
42.510        47
42.520        60
42.530       120
42.540       127
42.550       120
42.560        67
42.570        93
42.580       113
42.590       100
42.600        53
42.610       133
42.620       113
42.630       147
42.640       153
42.650       120
42.660       147
42.670       140
42.680        93
42.690       153
42.700       153
42.710       120
42.720       153
42.730       193
42.740       140
42.750       253
42.760       187
42.770       127
42.780       207
42.790       180
42.800       213
42.810       213
42.820       147
42.830       200
42.840       233
42.850       173
42.860       227
42.870       213
42.880       213
42.890       193
42.900       187
42.910       200
42.920       213
42.930       247
42.940       180
42.950       273
42.960       260
42.970       240
42.980       387
42.990       320
43.000       653
43.010       373
43.020       573
43.030       593
43.040       833
43.050      1220
43.060      1759
43.070      2013
43.080      2652
43.090      2619
43.100      2652
43.110      2692
43.120      2592
43.130      2399
43.140      1839
43.150      1313
43.160      1033
43.170       766
43.180       513
43.190       513
43.200       387
43.210       440
43.220       380
43.230       260
43.240       353
43.250       360
43.260       240
43.270       300
43.280       193
43.290       220
43.300       213
43.310       200
43.320       187
43.330       167
43.340       207
43.350       227
43.360       213
43.370       140
43.380       187
43.390       153
43.400       133
43.410       193
43.420       147
43.430       133
43.440       180
43.450       133
43.460       127
43.470       180
43.480       107
43.490       193
43.500       113
43.510       127
43.520       173
43.530       113
43.540       193
43.550       107
43.560       133
43.570       167
43.580       167
43.590       167
43.600        40
43.610       107
43.620       120
43.630       113
43.640       193
43.650       173
43.660       133
43.670       167
43.680       120
43.690       107
43.700       113
43.710        80
43.720       113
43.730       120
43.740        80
43.750        80
43.760        80
43.770       167
43.780       140
43.790        93
43.800       160
43.810       153
43.820       100
43.830        93
43.840       140
43.850       127
43.860       147
43.870       100
43.880       173
43.890        73
43.900        87
43.910        73
43.920        73
43.930       127
43.940        87
43.950        80
43.960       147
43.970       147
43.980       133
43.990        73
44.000        73
44.010       167
44.020       120
44.030       100
44.040       107
44.050        80
44.060       140
44.070       113
44.080       160
44.090       100
44.100       127
44.110       173
44.120       100
44.130       133
44.140       147
44.150       173
44.160       120
44.170       127
44.180       140
44.190       100
44.200       160
44.210       140
44.220       173
44.230       167
44.240       120
44.250       113
44.260       107
44.270       113
44.280       160
44.290       153
44.300       100
44.310       120
44.320       167
44.330       113
44.340       120
44.350       140
44.360       140
44.370       100
44.380       133
44.390       120
44.400       107
44.410       133
44.420       147
44.430       133
44.440       153
44.450       147
44.460       113
44.470       127
44.480       153
44.490       140
44.500       147
44.510       160
44.520        87
44.530       107
44.540       133
44.550       147
44.560       167
44.570       140
44.580       133
44.590       147
44.600       173
44.610       133
44.620       153
44.630       207
44.640       180
44.650       213
44.660       107
44.670       140
44.680       220
44.690       133
44.700       140
44.710       127
44.720       180
44.730       107
44.740       147
44.750       193
44.760        73
44.770       147
44.780       233
44.790       153
44.800       107
44.810       127
44.820       160
44.830       147
44.840       207
44.850       100
44.860       180
44.870       227
44.880       120
44.890       173
44.900       153
44.910       160
44.920       187
44.930       187
44.940       167
44.950       173
44.960       200
44.970       167
44.980       200
44.990       200
45.000       207
45.010       140
45.020       200
45.030       140
45.040       193
45.050       220
45.060       240
45.070       240
45.080       167
45.090       253
45.100       213
45.110       227
45.120       280
45.130       193
45.140       153
45.150       220
45.160       220
45.170       213
45.180       260
45.190       313
45.200       247
45.210       227
45.220       333
45.230       307
45.240       273
45.250       173
45.260       307
45.270       253
45.280       213
45.290       273
45.300       313
45.310       320
45.320       267
45.330       280
45.340       340
45.350       320
45.360       373
45.370       373
45.380       380
45.390       340
45.400       460
45.410       387
45.420       400
45.430       453
45.440       413
45.450       420
45.460       446
45.470       586
45.480       420
45.490       486
45.500       520
45.510       573
45.520       680
45.530       573
45.540       733
45.550       606
45.560       626
45.570       753
45.580       793
45.590       880
45.600       853
45.610       946
45.620       746
45.630      1060
45.640      1106
45.650      1013
45.660      1040
45.670      1080
45.680      1180
45.690      1200
45.700      1180
45.710      1353
45.720      1153
45.730      1193
45.740      1353
45.750      1559
45.760      1573
45.770      1493
45.780      1746
45.790      1799
45.800      1893
45.810      1886
45.820      1859
45.830      1893
45.840      1859
45.850      2013
45.860      1919
45.870      2352
45.880      2372
45.890      2212
45.900      2179
45.910      2179
45.920      2439
45.930      2519
45.940      2073
45.950      2359
45.960      2252
45.970      2226
45.980      2466
45.990      2279
46.000      2306
46.010      2192
46.020      2359
46.030      2292
46.040      2386
46.050      2452
46.060      2199
46.070      2379
46.080      2292
46.090      2319
46.100      2292
46.110      2073
46.120      1919
46.130      2172
46.140      1906
46.150      1993
46.160      2046
46.170      2046
46.180      2226
46.190      2326
46.200      1853
46.210      2152
46.220      2152
46.230      1853
46.240      2066
46.250      2086
46.260      2013
46.270      2266
46.280      2132
46.290      2179
46.300      2212
46.310      2046
46.320      2013
46.330      2146
46.340      1833
46.350      1759
46.360      1779
46.370      1766
46.380      1986
46.390      1839
46.400      1939
46.410      1759
46.420      1899
46.430      1753
46.440      1766
46.450      1673
46.460      1839
46.470      1846
46.480      1633
46.490      1506
46.500      1399
46.510      1553
46.520      1339
46.530      1513
46.540      1313
46.550      1433
46.560      1626
46.570      1493
46.580      1433
46.590      1393
46.600      1120
46.610      1379
46.620      1253
46.630      1220
46.640      1286
46.650      1120
46.660      1273
46.670      1286
46.680      1180
46.690      1220
46.700      1100
46.710      1226
46.720      1266
46.730      1213
46.740      1100
46.750      1133
46.760       940
46.770      1220
46.780       893
46.790      1000
46.800      1020
46.810      1120
46.820      1026
46.830      1093
46.840      1120
46.850      1060
46.860      1113
46.870      1173
46.880       960
46.890      1080
46.900      1033
46.910       940
46.920      1153
46.930      1086
46.940      1053
46.950       873
46.960       900
46.970       986
46.980      1073
46.990       933
47.000       886
47.010      1080
47.020       860
47.030       926
47.040       853
47.050       966
47.060      1020
47.070      1140
47.080      1033
47.090      1080
47.100       973
47.110       973
47.120       966
47.130       966
47.140      1033
47.150      1140
47.160      1060
47.170      1026
47.180      1120
47.190      1113
47.200      1026
47.210       920
47.220      1106
47.230       946
47.240       973
47.250      1173
47.260      1066
47.270      1086
47.280       993
47.290       973
47.300      1026
47.310      1220
47.320      1060
47.330      1233
47.340      1060
47.350      1153
47.360      1153
47.370      1146
47.380      1046
47.390      1126
47.400      1213
47.410      1126
47.420      1026
47.430      1166
47.440      1206
47.450      1259
47.460      1180
47.470      1140
47.480      1306
47.490      1286
47.500      1446
47.510      1333
47.520      1433
47.530      1279
47.540      1373
47.550      1706
47.560      1559
47.570      1546
47.580      1679
47.590      1819
47.600      1653
47.610      1999
47.620      2086
47.630      2146
47.640      2106
47.650      2492
47.660      2479
47.670      2839
47.680      2992
47.690      3285
47.700      3838
47.710      3938
47.720      4598
47.730      5058
47.740      6231
47.750      6517
47.760      7404
47.770      8970
47.780      9316
47.790      9923
47.800     11082
47.810     11822
47.820     13415
47.830     14627
47.840     15147
47.850     16907
47.860     18872
47.870     21678
47.880     24917
47.890     31068
47.900     38498
47.910     53978
47.920     80181
47.930    118486
47.940    159336
47.950    193869
47.960    221298
47.970    232740
47.980    239864
47.990    237991
48.000    226963
48.010    203499
48.020    165974
48.030    128235
48.040    101006
48.050     91523
48.060     98421
48.070    113728
48.080    133387
48.090    147634
48.100    155871
48.110    157764
48.120    152739
48.130    140724
48.140    121132
48.150     93649
48.160     66707
48.170     47334
48.180     32041
48.190     24430
48.200     20365
48.210     17280
48.220     14681
48.230     13015
48.240     11849
48.250     10549
48.260      9443
48.270      8317
48.280      7457
48.290      6444
48.300      5145
48.310      4418
48.320      3978
48.330      3305
48.340      3165
48.350      2646
48.360      3012
48.370      2492
48.380      2532
48.390      2406
48.400      2026
48.410      2346
48.420      1766
48.430      1939
48.440      1779
48.450      1579
48.460      1713
48.470      1779
48.480      1533
48.490      1526
48.500      1679
48.510      1513
48.520      1373
48.530      1479
48.540      1479
48.550      1426
48.560      1379
48.570      1246
48.580      1173
48.590      1273
48.600      1240
48.610      1293
48.620      1193
48.630      1306
48.640      1160
48.650      1146
48.660      1026
48.670      1106
48.680      1086
48.690      1146
48.700      1000
48.710      1093
48.720       986
48.730      1066
48.740       946
48.750      1033
48.760       946
48.770      1080
48.780      1033
48.790      1006
48.800       940
48.810       946
48.820       880
48.830       940
48.840       833
48.850       833
48.860       886
48.870       946
48.880       833
48.890       860
48.900       733
48.910       846
48.920       900
48.930       893
48.940       840
48.950       826
48.960       893
48.970       786
48.980       853
48.990       673
49.000       886
49.010       813
49.020       766
49.030       780
49.040       666
49.050       786
49.060       833
49.070       740
49.080       780
49.090       686
49.100       740
49.110       646
49.120       780
49.130       906
49.140       653
49.150       706
49.160       580
49.170       793
49.180       653
49.190       606
49.200       653
49.210       706
49.220       686
49.230       460
49.240       733
49.250       746
49.260       693
49.270       726
49.280       740
49.290       586
49.300       620
49.310       706
49.320       660
49.330       626
49.340       553
49.350       626
49.360       693
49.370       620
49.380       566
49.390       766
49.400       666
49.410       540
49.420       720
49.430       686
49.440       646
49.450       653
49.460       613
49.470       660
49.480       640
49.490       580
49.500       633
49.510       653
49.520       486
49.530       646
49.540       640
49.550       706
49.560       700
49.570       600
49.580       626
49.590       566
49.600       640
49.610       573
49.620       580
49.630       613
49.640       666
49.650       546
49.660       486
49.670       700
49.680       526
49.690       613
49.700       660
49.710       493
49.720       586
49.730       513
49.740       653
49.750       540
49.760       600
49.770       380
49.780       606
49.790       433
49.800       560
49.810       460
49.820       566
49.830       600
49.840       520
49.850       506
49.860       486
49.870       546
49.880       466
49.890       520
49.900       520
49.910       553
49.920       473
49.930       440
49.940       546
49.950       493
49.960       573
49.970       506
49.980       520
49.990       520
50.000       526
50.010       520
50.020       540
50.030       573
50.040       566
50.050       540
50.060       433
50.070       493
50.080       573
50.090       460
50.100       573
50.110       480
50.120       453
50.130       466
50.140       493
50.150       580
50.160       500
50.170       473
50.180       387
50.190       426
50.200       593
50.210       446
50.220       500
50.230       646
50.240       453
50.250       566
50.260       493
50.270       540
50.280       420
50.290       520
50.300       407
50.310       460
50.320       526
50.330       420
50.340       460
50.350       520
50.360       500
50.370       400
50.380       347
50.390       433
50.400       520
50.410       433
50.420       420
50.430       446
50.440       500
50.450       360
50.460       433
50.470       413
50.480       473
50.490       453
50.500       566
50.510       380
50.520       500
50.530       493
50.540       413
50.550       493
50.560       466
50.570       393
50.580       526
50.590       546
50.600       387
50.610       380
50.620       460
50.630       506
50.640       486
50.650       440
50.660       506
50.670       420
50.680       526
50.690       413
50.700       407
50.710       460
50.720       400
50.730       407
50.740       453
50.750       473
50.760       380
50.770       453
50.780       400
50.790       380
50.800       466
50.810       400
50.820       426
50.830       367
50.840       473
50.850       453
50.860       400
50.870       407
50.880       426
50.890       400
50.900       466
50.910       393
50.920       460
50.930       433
50.940       420
50.950       420
50.960       440
50.970       426
50.980       493
50.990       440
51.000       373
51.010       273
51.020       407
51.030       520
51.040       407
51.050       486
51.060       480
51.070       473
51.080       460
51.090       433
51.100       453
51.110       373
51.120       420
51.130       413
51.140       327
51.150       407
51.160       426
51.170       360
51.180       426
51.190       407
51.200       400
51.210       426
51.220       400
51.230       367
51.240       407
51.250       380
51.260       320
51.270       293
51.280       426
51.290       387
51.300       313
51.310       373
51.320       347
51.330       387
51.340       360
51.350       493
51.360       313
51.370       440
51.380       433
51.390       420
51.400       407
51.410       340
51.420       367
51.430       407
51.440       307
51.450       347
51.460       440
51.470       347
51.480       393
51.490       327
51.500       300
51.510       273
51.520       340
51.530       347
51.540       433
51.550       367
51.560       486
51.570       433
51.580       360
51.590       327
51.600       420
51.610       387
51.620       307
51.630       373
51.640       340
51.650       380
51.660       340
51.670       480
51.680       373
51.690       426
51.700       333
51.710       407
51.720       380
51.730       320
51.740       313
51.750       420
51.760       313
51.770       373
51.780       340
51.790       287
51.800       267
51.810       380
51.820       373
51.830       340
51.840       446
51.850       393
51.860       460
51.870       360
51.880       407
51.890       333
51.900       360
51.910       407
51.920       287
51.930       367
51.940       373
51.950       327
51.960       347
51.970       373
51.980       400
51.990       400
52.000       380
52.010       360
52.020       333
52.030       307
52.040       387
52.050       380
52.060       367
52.070       367
52.080       460
52.090       273
52.100       293
52.110       407
52.120       333
52.130       307
52.140       387
52.150       320
52.160       347
52.170       446
52.180       347
52.190       320
52.200       367
52.210       333
52.220       300
52.230       353
52.240       327
52.250       327
52.260       420
52.270       287
52.280       213
52.290       360
52.300       313
52.310       267
52.320       367
52.330       380
52.340       387
52.350       433
52.360       320
52.370       420
52.380       240
52.390       253
52.400       333
52.410       280
52.420       313
52.430       307
52.440       273
52.450       267
52.460       300
52.470       367
52.480       293
52.490       320
52.500       300
52.510       347
52.520       367
52.530       320
52.540       293
52.550       353
52.560       353
52.570       407
52.580       327
52.590       313
52.600       313
52.610       360
52.620       307
52.630       360
52.640       353
52.650       287
52.660       307
52.670       400
52.680       340
52.690       273
52.700       300
52.710       393
52.720       373
52.730       327
52.740       313
52.750       367
52.760       320
52.770       327
52.780       333
52.790       227
52.800       340
52.810       287
52.820       307
52.830       333
52.840       347
52.850       273
52.860       367
52.870       347
52.880       240
52.890       353
52.900       293
52.910       353
52.920       293
52.930       260
52.940       273
52.950       307
52.960       380
52.970       300
52.980       287
52.990       267
53.000       380
53.010       153
53.020       353
53.030       347
53.040       287
53.050       287
53.060       333
53.070       267
53.080       307
53.090       313
53.100       340
53.110       307
53.120       380
53.130       340
53.140       333
53.150       207
53.160       347
53.170       260
53.180       293
53.190       293
53.200       253
53.210       313
53.220       280
53.230       320
53.240       287
53.250       200
53.260       287
53.270       240
53.280       300
53.290       300
53.300       200
53.310       327
53.320       267
53.330       280
53.340       347
53.350       300
53.360       227
53.370       387
53.380       273
53.390       380
53.400       227
53.410       253
53.420       287
53.430       380
53.440       267
53.450       213
53.460       360
53.470       220
53.480       280
53.490       280
53.500       260
53.510       260
53.520       320
53.530       307
53.540       227
53.550       200
53.560       287
53.570       307
53.580       260
53.590       333
53.600       220
53.610       287
53.620       260
53.630       307
53.640       353
53.650       233
53.660       267
53.670       207
53.680       407
53.690       227
53.700       260
53.710       267
53.720       280
53.730       247
53.740       280
53.750       233
53.760       267
53.770       280
53.780       300
53.790       380
53.800       273
53.810       220
53.820       260
53.830       313
53.840       293
53.850       273
53.860       267
53.870       313
53.880       287
53.890       240
53.900       260
53.910       267
53.920       253
53.930       327
53.940       333
53.950       307
53.960       287
53.970       220
53.980       307
53.990       293
54.000       293
54.010       240
54.020       273
54.030       360
54.040       260
54.050       280
54.060       173
54.070       213
54.080       240
54.090       233
54.100       280
54.110       200
54.120       260
54.130       273
54.140       247
54.150       360
54.160       260
54.170       260
54.180       273
54.190       247
54.200       280
54.210       213
54.220       160
54.230       253
54.240       227
54.250       273
54.260       173
54.270       227
54.280       240
54.290       253
54.300       267
54.310       293
54.320       187
54.330       287
54.340       207
54.350       253
54.360       260
54.370       220
54.380       253
54.390       247
54.400       307
54.410       180
54.420       347
54.430       220
54.440       253
54.450       267
54.460       187
54.470       253
54.480       233
54.490       227
54.500       220
54.510       240
54.520       153
54.530       300
54.540       273
54.550       247
54.560       253
54.570       227
54.580       213
54.590       267
54.600       267
54.610       307
54.620       200
54.630       220
54.640       180
54.650       133
54.660       260
54.670       280
54.680       320
54.690       213
54.700       300
54.710       280
54.720       273
54.730       227
54.740       220
54.750       273
54.760       273
54.770       220
54.780       193
54.790       220
54.800       220
54.810       240
54.820       207
54.830       220
54.840       193
54.850       220
54.860       187
54.870       133
54.880       260
54.890       247
54.900       233
54.910       247
54.920       193
54.930       227
54.940       227
54.950       220
54.960       240
54.970       213
54.980       300
54.990       227
55.000       293
55.010       207
55.020       293
55.030       187
55.040       367
55.050       287
55.060       227
55.070       227
55.080       220
55.090       240
55.100       153
55.110       287
55.120       273
55.130       220
55.140       287
55.150       227
55.160       180
55.170       207
55.180       233
55.190       180
55.200       133
55.210       253
55.220       207
55.230       173
55.240       220
55.250       240
55.260       200
55.270       207
55.280       327
55.290       193
55.300       187
55.310       267
55.320       180
55.330       213
55.340       267
55.350       280
55.360       200
55.370       160
55.380       267
55.390       300
55.400       153
55.410       187
55.420       173
55.430       187
55.440       267
55.450       187
55.460       253
55.470       227
55.480       207
55.490       280
55.500       253
55.510       273
55.520       200
55.530       200
55.540       227
55.550       207
55.560       240
55.570       307
55.580       220
55.590       240
55.600       207
55.610       273
55.620       320
55.630       227
55.640       220
55.650       207
55.660       247
55.670       207
55.680       160
55.690       213
55.700       207
55.710       213
55.720       193
55.730       180
55.740       260
55.750       220
55.760       213
55.770       173
55.780       193
55.790       193
55.800       200
55.810       180
55.820       227
55.830       187
55.840       273
55.850       213
55.860       187
55.870       140
55.880       213
55.890       207
55.900       167
55.910       180
55.920       227
55.930       227
55.940       200
55.950       233
55.960       233
55.970       207
55.980       233
55.990       193
56.000       160
56.010       187
56.020       160
56.030       180
56.040       227
56.050       173
56.060       240
56.070       200
56.080       193
56.090       213
56.100       140
56.110       280
56.120       220
56.130       227
56.140       213
56.150       187
56.160       253
56.170       167
56.180       167
56.190       313
56.200       180
56.210       187
56.220       200
56.230       180
56.240       153
56.250       293
56.260       220
56.270       200
56.280       207
56.290       187
56.300       267
56.310       167
56.320       187
56.330       187
56.340       267
56.350       260
56.360       160
56.370       287
56.380       207
56.390       200
56.400       167
56.410       220
56.420       113
56.430       187
56.440       173
56.450       153
56.460       280
56.470       160
56.480       140
56.490       127
56.500       227
56.510       160
56.520       180
56.530       187
56.540       207
56.550       180
56.560       273
56.570       207
56.580       193
56.590       180
56.600       207
56.610       213
56.620       240
56.630       267
56.640       240
56.650       180
56.660       167
56.670       220
56.680       233
56.690       247
56.700       240
56.710       200
56.720       220
56.730       173
56.740       227
56.750       267
56.760       240
56.770       167
56.780       240
56.790       133
56.800       200
56.810       213
56.820       213
56.830       160
56.840       173
56.850       160
56.860       247
56.870       167
56.880       240
56.890       100
56.900       200
56.910       233
56.920       180
56.930       107
56.940       207
56.950       173
56.960       187
56.970       187
56.980       173
56.990       227
57.000       200
57.010       187
57.020       147
57.030       187
57.040       200
57.050       133
57.060       160
57.070       147
57.080       253
57.090       140
57.100       160
57.110       193
57.120       247
57.130       193
57.140       173
57.150       220
57.160       127
57.170       167
57.180       253
57.190       213
57.200       200
57.210       187
57.220       280
57.230       233
57.240       220
57.250       180
57.260       167
57.270       227
57.280       200
57.290       180
57.300       153
57.310       240
57.320       227
57.330       160
57.340       133
57.350       200
57.360       220
57.370       180
57.380       187
57.390       200
57.400       153
57.410       193
57.420       220
57.430       207
57.440       153
57.450       227
57.460       220
57.470       193
57.480       180
57.490       167
57.500       173
57.510       147
57.520       167
57.530       233
57.540       200
57.550       167
57.560       220
57.570       180
57.580       167
57.590       153
57.600       213
57.610       160
57.620       187
57.630       153
57.640       160
57.650       207
57.660       187
57.670       167
57.680       107
57.690       160
57.700       193
57.710       220
57.720       160
57.730       253
57.740       227
57.750       120
57.760       187
57.770       133
57.780       167
57.790       160
57.800       227
57.810       153
57.820       193
57.830       207
57.840       240
57.850       200
57.860       173
57.870       167
57.880       167
57.890       213
57.900       127
57.910       193
57.920       207
57.930       233
57.940       167
57.950       253
57.960       147
57.970       240
57.980       167
57.990       173
58.000       173
58.010       127
58.020       187
58.030       160
58.040       127
58.050       160
58.060       187
58.070       133
58.080       160
58.090       140
58.100       140
58.110       200
58.120       220
58.130       227
58.140       133
58.150       193
58.160       133
58.170       227
58.180       160
58.190       147
58.200       180
58.210       173
58.220       147
58.230       153
58.240       200
58.250       167
58.260       160
58.270       167
58.280       253
58.290       180
58.300       140
58.310        87
58.320       160
58.330       153
58.340       153
58.350        93
58.360       167
58.370       173
58.380       140
58.390       107
58.400       167
58.410       167
58.420       153
58.430       140
58.440       120
58.450        87
58.460       127
58.470       160
58.480       213
58.490       120
58.500       107
58.510       100
58.520       147
58.530       200
58.540       160
58.550       120
58.560       127
58.570       160
58.580       160
58.590       200
58.600       153
58.610        93
58.620       100
58.630       173
58.640       133
58.650       160
58.660        87
58.670       140
58.680       147
58.690       167
58.700       153
58.710       133
58.720        87
58.730       147
58.740       140
58.750       127
58.760       227
58.770       173
58.780       147
58.790       160
58.800       173
58.810       140
58.820       140
58.830       127
58.840       133
58.850       107
58.860       153
58.870        93
58.880       100
58.890       147
58.900       140
58.910       120
58.920       160
58.930       107
58.940        73
58.950       127
58.960       200
58.970       180
58.980       133
58.990       100
59.000       100
59.010       140
59.020       160
59.030       167
59.040       140
59.050       107
59.060       147
59.070       120
59.080       120
59.090       180
59.100       133
59.110       107
59.120       127
59.130       160
59.140       140
59.150       153
59.160       120
59.170       187
59.180       100
59.190       187
59.200       127
59.210       153
59.220       127
59.230        87
59.240       193
59.250       113
59.260       107
59.270       160
59.280       120
59.290       120
59.300       127
59.310       113
59.320       120
59.330       133
59.340       133
59.350       107
59.360       133
59.370       107
59.380       167
59.390       100
59.400       113
59.410       100
59.420        93
59.430       113
59.440       133
59.450       140
59.460       133
59.470       100
59.480       100
59.490       100
59.500       167
59.510       147
59.520       107
59.530        93
59.540       140
59.550       127
59.560       140
59.570       120
59.580       107
59.590       107
59.600       140
59.610        87
59.620       140
59.630       127
59.640       140
59.650        73
59.660       133
59.670       227
59.680       160
59.690       107
59.700       140
59.710       140
59.720       193
59.730        87
59.740        93
59.750       120
59.760       140
59.770       107
59.780       107
59.790       193
59.800       127
59.810       113
59.820       147
59.830       160
59.840        80
59.850       153
59.860       153
59.870        73
59.880       127
59.890        80
59.900       147
59.910       140
59.920       127
59.930       147
59.940       153
59.950        93
59.960       147
59.970        80
59.980       173
59.990       100
60.000       153
60.010       127
60.020       127
60.030       120
60.040       213
60.050       160
60.060        93
60.070       120
60.080       160
60.090       113
60.100       187
60.110       160
60.120       127
60.130        67
60.140       120
60.150       113
60.160        93
60.170       193
60.180       127
60.190        93
60.200       140
60.210       180
60.220       113
60.230       167
60.240       140
60.250       127
60.260       113
60.270        93
60.280       127
60.290       153
60.300       133
60.310        93
60.320       113
60.330       113
60.340       133
60.350       120
60.360       113
60.370        93
60.380       167
60.390        60
60.400       113
60.410        80
60.420       133
60.430       173
60.440        60
60.450       153
60.460       100
60.470       113
60.480        87
60.490       100
60.500       113
60.510       180
60.520        73
60.530       140
60.540        53
60.550        80
60.560       127
60.570       113
60.580       107
60.590       127
60.600       147
60.610       120
60.620        73
60.630       113
60.640       140
60.650       127
60.660       113
60.670       147
60.680       100
60.690        73
60.700        80
60.710       100
60.720        73
60.730        93
60.740       140
60.750        93
60.760       140
60.770        73
60.780       120
60.790       107
60.800       167
60.810        80
60.820       113
60.830       133
60.840        93
60.850       180
60.860        87
60.870       107
60.880        73
60.890        73
60.900       140
60.910       120
60.920        73
60.930       113
60.940        93
60.950       133
60.960        80
60.970        80
60.980        93
60.990       140
61.000       127
61.010        93
61.020       100
61.030       147
61.040        87
61.050        80
61.060       120
61.070        73
61.080       120
61.090        87
61.100       113
61.110        93
61.120       120
61.130       133
61.140       120
61.150        80
61.160       140
61.170       153
61.180       100
61.190        73
61.200        87
61.210       160
61.220        73
61.230       107
61.240       100
61.250       113
61.260        73
61.270       100
61.280        87
61.290        73
61.300       113
61.310       127
61.320        87
61.330       140
61.340        53
61.350       133
61.360        73
61.370        87
61.380       160
61.390       160
61.400       133
61.410       120
61.420       127
61.430       113
61.440        93
61.450       100
61.460       107
61.470       120
61.480       113
61.490        87
61.500       107
61.510       153
61.520       100
61.530       107
61.540       127
61.550        67
61.560        87
61.570        53
61.580       127
61.590       147
61.600        73
61.610       127
61.620       120
61.630       127
61.640        93
61.650        93
61.660       113
61.670       140
61.680       107
61.690        80
61.700       133
61.710        93
61.720       140
61.730       107
61.740        93
61.750       140
61.760        13
61.770       113
61.780        60
61.790        80
61.800       107
61.810        87
61.820        87
61.830        60
61.840       133
61.850       147
61.860        60
61.870        47
61.880       140
61.890       113
61.900        93
61.910        93
61.920       127
61.930       200
61.940       100
61.950       127
61.960       127
61.970       120
61.980       120
61.990        93
62.000       100
62.010       107
62.020       133
62.030        73
62.040       133
62.050        93
62.060        93
62.070       113
62.080        47
62.090       120
62.100        67
62.110       120
62.120       120
62.130       107
62.140       100
62.150        67
62.160        80
62.170        73
62.180       113
62.190        73
62.200        87
62.210        67
62.220        80
62.230        87
62.240       100
62.250        93
62.260       127
62.270       147
62.280       120
62.290        93
62.300        87
62.310        93
62.320        47
62.330        73
62.340       113
62.350       107
62.360       100
62.370       120
62.380       120
62.390        73
62.400        40
62.410        80
62.420       100
62.430        33
62.440       100
62.450        87
62.460        80
62.470       107
62.480       140
62.490        93
62.500        67
62.510        87
62.520       100
62.530        67
62.540        73
62.550        67
62.560        80
62.570        73
62.580       100
62.590        80
62.600       113
62.610        87
62.620       113
62.630       113
62.640        53
62.650        73
62.660       107
62.670       113
62.680        53
62.690        80
62.700        73
62.710        87
62.720        93
62.730       100
62.740       100
62.750       100
62.760        80
62.770       107
62.780        27
62.790        60
62.800        93
62.810        87
62.820        93
62.830        67
62.840       100
62.850       100
62.860        80
62.870        93
62.880        93
62.890       127
62.900       113
62.910       113
62.920        60
62.930        73
62.940        93
62.950        53
62.960        73
62.970       113
62.980        80
62.990        67
63.000        67
63.010        93
63.020        73
63.030        80
63.040        33
63.050       113
63.060        73
63.070       147
63.080        67
63.090       107
63.100       113
63.110       100
63.120        87
63.130        87
63.140        47
63.150       107
63.160        67
63.170       140
63.180        60
63.190        87
63.200       127
63.210       113
63.220       120
63.230       113
63.240        80
63.250       100
63.260        33
63.270        80
63.280       120
63.290       133
63.300        67
63.310        73
63.320       113
63.330       107
63.340       100
63.350       160
63.360       100
63.370        87
63.380       107
63.390        67
63.400       120
63.410        93
63.420       100
63.430        53
63.440        73
63.450       133
63.460       147
63.470        87
63.480        53
63.490        93
63.500       140
63.510        73
63.520        53
63.530        80
63.540       107
63.550        60
63.560        87
63.570        60
63.580        67
63.590        80
63.600        53
63.610        60
63.620        87
63.630       100
63.640        80
63.650        67
63.660        80
63.670        53
63.680       100
63.690        73
63.700        67
63.710        73
63.720       133
63.730        40
63.740        73
63.750        53
63.760       113
63.770        73
63.780       127
63.790        93
63.800       100
63.810        73
63.820        67
63.830        80
63.840        73
63.850        93
63.860        73
63.870        60
63.880        80
63.890        20
63.900        67
63.910        93
63.920       147
63.930        73
63.940       113
63.950        53
63.960       107
63.970       120
63.980       127
63.990        40
64.000       113
64.010        67
64.020        93
64.030        73
64.040        80
64.050        87
64.060        87
64.070       107
64.080        33
64.090        93
64.100       147
64.110        93
64.120        73
64.130        40
64.140        73
64.150        73
64.160        80
64.170        67
64.180       107
64.190        60
64.200        73
64.210        80
64.220        73
64.230       120
64.240        80
64.250        40
64.260        73
64.270        60
64.280        93
64.290       120
64.300       100
64.310       107
64.320       107
64.330       120
64.340        73
64.350        93
64.360        87
64.370        87
64.380       100
64.390        67
64.400        80
64.410       127
64.420        73
64.430        87
64.440        80
64.450        93
64.460        67
64.470        47
64.480        93
64.490        87
64.500        87
64.510        80
64.520        60
64.530        87
64.540        93
64.550        47
64.560        67
64.570       127
64.580       120
64.590        87
64.600       120
64.610        67
64.620        87
64.630        73
64.640        60
64.650        60
64.660        93
64.670        87
64.680        47
64.690        73
64.700        80
64.710        47
64.720        93
64.730        87
64.740        87
64.750        87
64.760        60
64.770        93
64.780        73
64.790        53
64.800       133
64.810        53
64.820        93
64.830        60
64.840        80
64.850       120
64.860        87
64.870       100
64.880        67
64.890        53
64.900        87
64.910       100
64.920        87
64.930        87
64.940        60
64.950        40
64.960       100
64.970       107
64.980        87
64.990        87
65.000        47
65.010        87
65.020        93
65.030        60
65.040        53
65.050        87
65.060        67
65.070        27
65.080        67
65.090        80
65.100        93
65.110        80
65.120        87
65.130        73
65.140        80
65.150        67
65.160        53
65.170        67
65.180        80
65.190       120
65.200        67
65.210       107
65.220       100
65.230        87
65.240        40
65.250        73
65.260        60
65.270        33
65.280        73
65.290        67
65.300        67
65.310        80
65.320        40
65.330        80
65.340        60
65.350        80
65.360        67
65.370        80
65.380        47
65.390        87
65.400        80
65.410        93
65.420        67
65.430        60
65.440        93
65.450        40
65.460        87
65.470       107
65.480        93
65.490        67
65.500        73
65.510        53
65.520        60
65.530        53
65.540       107
65.550        73
65.560        80
65.570       107
65.580       113
65.590        87
65.600        40
65.610        87
65.620       127
65.630        73
65.640        80
65.650        80
65.660        73
65.670        67
65.680        87
65.690        67
65.700       107
65.710        87
65.720        53
65.730       100
65.740        73
65.750        40
65.760        53
65.770        53
65.780        67
65.790        67
65.800        67
65.810        80
65.820        73
65.830        40
65.840        47
65.850        87
65.860        60
65.870        53
65.880        33
65.890        67
65.900        67
65.910        67
65.920        40
65.930        80
65.940        60
65.950        60
65.960        40
65.970        60
65.980        40
65.990        80
66.000        67
66.010        87
66.020        87
66.030        93
66.040        60
66.050        73
66.060        67
66.070        67
66.080        33
66.090        40
66.100       133
66.110        67
66.120        73
66.130        73
66.140        80
66.150        60
66.160        67
66.170        53
66.180        33
66.190        80
66.200        67
66.210       107
66.220        87
66.230        60
66.240        60
66.250        67
66.260       120
66.270        80
66.280        67
66.290        73
66.300        67
66.310        47
66.320       113
66.330        60
66.340        60
66.350        73
66.360        27
66.370        60
66.380        47
66.390       107
66.400        80
66.410        60
66.420        67
66.430        53
66.440       113
66.450        60
66.460        47
66.470        80
66.480        87
66.490        73
66.500       113
66.510        80
66.520        53
66.530        67
66.540       100
66.550        67
66.560       107
66.570        40
66.580        40
66.590        67
66.600        87
66.610        80
66.620        27
66.630        53
66.640        80
66.650        73
66.660        80
66.670        60
66.680        67
66.690        93
66.700        53
66.710        53
66.720        73
66.730       100
66.740        53
66.750       120
66.760        53
66.770       107
66.780        67
66.790       107
66.800       147
66.810        93
66.820       100
66.830       113
66.840       153
66.850       147
66.860       227
66.870       280
66.880       233
66.890       313
66.900       287
66.910       440
66.920       327
66.930       400
66.940       360
66.950       293
66.960       287
66.970       240
66.980       220
66.990       147
67.000       180
67.010       120
67.020       160
67.030       153
67.040       173
67.050       120
67.060        93
67.070        73
67.080        53
67.090        67
67.100        73
67.110        87
67.120        73
67.130        87
67.140        67
67.150       100
67.160       107
67.170        87
67.180        60
67.190        47
67.200        53
67.210       100
67.220       100
67.230        80
67.240        93
67.250        67
67.260        73
67.270        40
67.280        67
67.290        93
67.300        40
67.310        67
67.320        73
67.330        73
67.340        87
67.350        93
67.360        53
67.370        67
67.380        67
67.390        40
67.400        53
67.410        53
67.420        73
67.430        47
67.440        80
67.450        67
67.460       100
67.470        33
67.480        40
67.490        53
67.500        67
67.510        33
67.520        93
67.530        60
67.540        53
67.550       100
67.560        40
67.570        47
67.580        27
67.590        73
67.600        33
67.610        67
67.620        47
67.630        73
67.640        53
67.650        60
67.660        47
67.670        53
67.680        60
67.690        60
67.700        33
67.710        27
67.720        80
67.730        67
67.740        53
67.750        60
67.760        67
67.770        47
67.780        40
67.790        60
67.800        67
67.810        53
67.820        60
67.830        60
67.840        73
67.850        53
67.860        67
67.870        87
67.880        33
67.890        60
67.900        53
67.910        73
67.920        33
67.930        53
67.940        60
67.950        33
67.960        80
67.970        73
67.980        60
67.990        67
68.000        87
68.010        67
68.020        40
68.030        33
68.040        40
68.050        87
68.060        47
68.070        33
68.080        60
68.090        87
68.100        47
68.110       100
68.120        67
68.130        53
68.140        60
68.150        67
68.160        80
68.170        60
68.180        53
68.190        67
68.200        47
68.210        67
68.220        60
68.230        47
68.240        40
68.250        40
68.260        80
68.270        47
68.280        47
68.290        40
68.300        47
68.310        53
68.320        60
68.330        67
68.340        53
68.350        40
68.360        73
68.370        33
68.380        47
68.390        80
68.400        53
68.410        60
68.420        53
68.430        60
68.440        87
68.450        80
68.460        80
68.470        93
68.480        60
68.490        73
68.500        93
68.510        93
68.520        80
68.530        47
68.540        27
68.550        80
68.560       100
68.570        47
68.580        73
68.590        33
68.600        60
68.610        67
68.620        47
68.630        93
68.640        53
68.650        67
68.660        33
68.670        40
68.680        73
68.690        73
68.700        47
68.710        33
68.720        67
68.730        53
68.740        27
68.750        60
68.760        67
68.770        40
68.780        67
68.790        60
68.800        60
68.810        73
68.820        53
68.830        40
68.840        93
68.850        27
68.860        53
68.870        47
68.880        53
68.890        33
68.900        67
68.910        53
68.920        33
68.930        60
68.940        33
68.950        47
68.960        53
68.970        60
68.980        47
68.990        20
69.000        33
69.010        73
69.020        33
69.030        33
69.040        33
69.050        73
69.060        47
69.070       107
69.080        53
69.090        73
69.100        40
69.110        53
69.120        33
69.130        87
69.140        20
69.150        47
69.160        40
69.170        80
69.180       100
69.190        60
69.200        73
69.210        53
69.220        80
69.230        47
69.240        40
69.250        40
69.260        60
69.270        33
69.280        60
69.290        60
69.300        53
69.310        67
69.320        33
69.330        53
69.340        27
69.350        73
69.360        87
69.370        27
69.380        47
69.390        27
69.400        27
69.410        53
69.420        53
69.430        40
69.440        80
69.450        53
69.460        60
69.470        67
69.480        67
69.490        87
69.500        27
69.510        67
69.520        20
69.530        73
69.540        27
69.550        80
69.560        53
69.570        53
69.580        40
69.590        40
69.600        67
69.610        53
69.620        27
69.630        60
69.640        53
69.650        53
69.660        67
69.670        33
69.680        33
69.690        60
69.700        33
69.710        67
69.720        60
69.730        47
69.740        47
69.750        80
69.760        60
69.770       100
69.780       100
69.790        47
69.800        60
69.810        27
69.820        73
69.830        60
69.840        60
69.850        60
69.860        73
69.870        80
69.880        67
69.890        53
69.900        53
69.910        27
69.920        53
69.930        67
69.940        53
69.950        47
69.960        73
69.970        53
69.980        33
69.990        47
70.000        33
70.010        53
70.020        27
70.030        47
70.040        53
70.050        80
70.060        60
70.070        47
70.080         7
70.090        47
70.100        47
70.110        67
70.120        67
70.130        20
70.140        47
70.150        53
70.160        47
70.170        60
70.180        27
70.190        33
70.200        40
70.210        60
70.220        53
70.230        67
70.240        47
70.250        73
70.260        40
70.270        60
70.280        33
70.290        27
70.300        33
70.310        60
70.320        40
70.330        67
70.340        47
70.350        80
70.360        47
70.370        47
70.380        47
70.390        27
70.400        80
70.410         7
70.420        40
70.430        53
70.440        40
70.450        53
70.460        13
70.470        47
70.480        53
70.490        40
70.500        80
70.510        40
70.520        60
70.530        27
70.540        60
70.550        33
70.560        33
70.570        27
70.580        47
70.590        33
70.600        47
70.610        47
70.620        40
70.630        73
70.640        53
70.650        20
70.660        53
70.670        33
70.680        40
70.690        53
70.700        53
70.710        33
70.720        47
70.730        60
70.740        47
70.750        47
70.760        33
70.770        13
70.780        60
70.790        33
70.800        33
70.810        47
70.820        60
70.830        60
70.840        60
70.850        53
70.860        20
70.870        67
70.880        87
70.890        40
70.900         7
70.910        67
70.920       100
70.930        40
70.940        73
70.950        80
70.960        67
70.970        67
70.980        40
70.990        93
71.000        20
71.010        47
71.020        60
71.030        67
71.040        33
71.050        60
71.060        93
71.070        53
71.080        73
71.090        33
71.100        47
71.110        40
71.120        40
71.130        67
71.140        60
71.150        20
71.160        47
71.170        20
71.180        33
71.190        53
71.200        80
71.210        73
71.220        47
71.230        60
71.240        53
71.250        40
71.260        27
71.270        40
71.280        53
71.290        47
71.300        33
71.310        40
71.320        87
71.330        53
71.340        27
71.350        40
71.360        60
71.370        60
71.380        20
71.390        67
71.400        53
71.410        47
71.420        53
71.430        53
71.440        47
71.450        40
71.460        47
71.470        53
71.480        67
71.490        40
71.500        60
71.510        67
71.520        80
71.530        40
71.540        47
71.550        53
71.560        53
71.570        73
71.580        53
71.590        53
71.600        40
71.610        73
71.620        47
71.630        60
71.640        47
71.650        47
71.660        60
71.670        60
71.680        80
71.690        40
71.700       100
71.710        47
71.720        40
71.730        73
71.740        67
71.750        67
71.760        67
71.770        53
71.780        53
71.790        93
71.800        67
71.810        47
71.820        60
71.830        20
71.840        60
71.850        47
71.860        40
71.870        53
71.880        80
71.890        40
71.900        53
71.910        20
71.920        40
71.930        93
71.940        67
71.950        53
71.960        73
71.970        60
71.980        60
71.990        60
72.000        93
72.010        67
72.020        80
72.030        47
72.040        27
72.050        60
72.060        53
72.070        60
72.080        60
72.090        47
72.100        33
72.110        53
72.120        40
72.130        67
72.140        67
72.150        40
72.160        47
72.170        40
72.180        60
72.190        40
72.200        67
72.210       107
72.220        60
72.230        67
72.240       120
72.250        80
72.260       100
72.270       133
72.280       107
72.290        87
72.300        80
72.310       107
72.320       133
72.330        93
72.340        60
72.350       120
72.360       153
72.370        87
72.380       153
72.390        93
72.400       100
72.410        93
72.420       120
72.430       113
72.440       193
72.450       133
72.460       147
72.470       133
72.480       100
72.490        93
72.500       107
72.510        80
72.520        93
72.530       100
72.540       120
72.550        80
72.560       100
72.570       120
72.580       147
72.590       113
72.600       133
72.610       127
72.620        93
72.630        93
72.640        87
72.650        80
72.660        40
72.670       160
72.680        93
72.690        87
72.700        93
72.710       127
72.720       100
72.730       107
72.740       153
72.750        67
72.760       120
72.770       113
72.780        87
72.790       120
72.800        60
72.810       100
72.820        40
72.830       100
72.840       120
72.850       120
72.860        87
72.870        87
72.880       127
72.890       100
72.900        87
72.910       147
72.920       107
72.930        80
72.940       113
72.950       187
72.960       133
72.970        60
72.980       120
72.990       140
73.000       120
73.010       147
73.020       127
73.030        87
73.040        80
73.050       120
73.060        93
73.070       107
73.080        73
73.090       113
73.100       107
73.110       133
73.120       113
73.130       100
73.140        93
73.150       100
73.160       107
73.170       107
73.180       107
73.190       133
73.200        87
73.210        80
73.220       120
73.230       107
73.240       107
73.250       120
73.260        80
73.270        87
73.280       133
73.290       107
73.300       113
73.310       140
73.320       133
73.330       100
73.340        93
73.350        93
73.360        87
73.370       100
73.380       127
73.390       147
73.400       133
73.410       120
73.420        67
73.430        93
73.440        87
73.450       120
73.460       107
73.470       107
73.480       140
73.490       107
73.500       120
73.510       100
73.520       160
73.530       100
73.540       173
73.550        87
73.560       120
73.570       107
73.580       127
73.590       140
73.600        80
73.610       180
73.620       127
73.630       100
73.640        93
73.650       153
73.660       107
73.670       127
73.680       107
73.690       120
73.700       160
73.710        73
73.720        80
73.730       127
73.740        93
73.750        80
73.760        80
73.770       147
73.780       147
73.790       120
73.800        67
73.810       167
73.820        87
73.830       133
73.840       120
73.850       153
73.860       107
73.870       133
73.880       100
73.890        80
73.900       207
73.910       100
73.920       120
73.930       120
73.940       100
73.950       153
73.960       127
73.970       113
73.980        87
73.990        93
74.000       107
74.010        67
74.020       100
74.030       113
74.040        87
74.050       180
74.060       147
74.070       120
74.080       147
74.090       100
74.100       133
74.110       140
74.120       207
74.130       160
74.140       120
74.150       133
74.160        87
74.170       100
74.180       107
74.190       133
74.200       100
74.210       147
74.220       100
74.230       113
74.240        93
74.250       140
74.260       120
74.270        60
74.280       133
74.290       133
74.300       127
74.310       120
74.320       107
74.330       133
74.340       153
74.350        93
74.360        93
74.370       113
74.380       120
74.390       133
74.400       133
74.410       127
74.420       160
74.430       167
74.440       153
74.450       173
74.460       107
74.470       133
74.480       173
74.490       167
74.500       127
74.510       153
74.520       167
74.530       180
74.540       140
74.550       153
74.560       233
74.570       173
74.580       247
74.590       187
74.600       200
74.610       220
74.620       253
74.630       207
74.640       153
74.650       213
74.660       273
74.670       227
74.680       300
74.690       213
74.700       273
74.710       213
74.720       300
74.730       267
74.740       240
74.750       367
74.760       393
74.770       426
74.780       473
74.790       466
74.800       513
74.810       620
74.820       540
74.830       540
74.840       653
74.850       553
74.860       566
74.870       673
74.880       593
74.890       560
74.900       780
74.910       486
74.920       673
74.930       606
74.940       606
74.950       660
74.960       860
74.970       826
74.980       973
74.990      1046
75.000      1193
75.010      1453
75.020      1533
75.030      1826
75.040      1966
75.050      2279
75.060      2526
75.070      2706
75.080      3319
75.090      3852
75.100      4538
75.110      5884
75.120      7584
75.130     10076
75.140     14328
75.150     20292
75.160     27176
75.170     33846
75.180     38884
75.190     43703
75.200     45409
75.210     44542
75.220     41117
75.230     35559
75.240     27902
75.250     21785
75.260     16487
75.270     11942
75.280      9669
75.290      8170
75.300      6617
75.310      6597
75.320      5938
75.330      6411
75.340      6637
75.350      7684
75.360      8883
75.370     11295
75.380     15540
75.390     17986
75.400     19779
75.410     21518
75.420     23351
75.430     22404
75.440     21265
75.450     18073
75.460     14614
75.470     11502
75.480      8663
75.490      6564
75.500      5391
75.510      4032
75.520      3192
75.530      2659
75.540      2386
75.550      2159
75.560      1799
75.570      1606
75.580      1386
75.590      1273
75.600      1113
75.610       993
75.620       840
75.630       740
75.640       526
75.650       653
75.660       526
75.670       420
75.680       400
75.690       513
75.700       446
75.710       340
75.720       453
75.730       387
75.740       253
75.750       333
75.760       333
75.770       353
75.780       307
75.790       273
75.800       353
75.810       280
75.820       313
75.830       213
75.840       253
75.850       260
75.860       227
75.870       233
75.880       267
75.890       200
75.900       280
75.910       233
75.920       167
75.930       167
75.940       213
75.950       220
75.960       200
75.970       187
75.980       200
75.990       233
76.000       207
76.010       160
76.020       167
76.030       160
76.040       200
76.050       213
76.060       147
76.070       187
76.080       140
76.090       160
76.100       160
76.110       160
76.120       107
76.130       153
76.140       100
76.150       213
76.160       187
76.170       160
76.180       133
76.190       173
76.200       140
76.210       167
76.220       127
76.230       120
76.240       113
76.250       113
76.260       127
76.270        87
76.280       160
76.290       180
76.300       140
76.310       113
76.320       140
76.330       153
76.340       113
76.350        93
76.360        87
76.370       133
76.380       100
76.390       127
76.400        60
76.410       167
76.420       140
76.430       167
76.440       187
76.450       140
76.460       113
76.470       153
76.480       107
76.490       133
76.500       173
76.510       113
76.520        93
76.530       153
76.540       167
76.550       120
76.560       140
76.570       100
76.580        93
76.590       147
76.600        80
76.610        87
76.620       160
76.630       113
76.640       193
76.650       173
76.660       107
76.670        93
76.680       127
76.690       127
76.700        87
76.710        87
76.720       153
76.730       140
76.740        87
76.750       100
76.760       133
76.770        80
76.780        87
76.790       127
76.800       153
76.810        73
76.820       133
76.830       133
76.840       113
76.850       107
76.860       127
76.870        67
76.880       147
76.890        80
76.900       140
76.910        53
76.920       147
76.930       153
76.940       100
76.950       133
76.960       100
76.970        93
76.980        67
76.990       113
77.000       160
77.010        93
77.020       147
77.030       113
77.040       113
77.050        80
77.060        93
77.070       100
77.080        80
77.090        60
77.100       100
77.110        87
77.120        67
77.130       113
77.140       100
77.150       113
77.160       113
77.170        80
77.180       113
77.190        47
77.200        73
77.210       120
77.220        80
77.230       140
77.240        53
77.250        93
77.260        87
77.270       113
77.280        67
77.290       133
77.300       120
77.310        93
77.320        87
77.330        67
77.340       127
77.350        80
77.360        73
77.370        80
77.380        53
77.390        73
77.400       100
77.410        60
77.420       113
77.430       127
77.440        60
77.450       120
77.460        67
77.470        60
77.480       107
77.490        60
77.500        87
77.510       100
77.520       113
77.530        93
77.540       120
77.550       107
77.560        80
77.570        80
77.580        47
77.590        80
77.600        53
77.610       113
77.620        87
77.630       133
77.640       100
77.650        73
77.660        87
77.670       113
77.680        80
77.690        87
77.700        87
77.710        73
77.720        47
77.730       107
77.740       100
77.750        80
77.760        80
77.770        47
77.780        87
77.790        87
77.800       160
77.810       100
77.820        67
77.830        60
77.840        67
77.850        60
77.860        80
77.870        73
77.880        73
77.890        73
77.900       100
77.910        93
77.920       133
77.930        73
77.940        87
77.950        67
77.960        67
77.970        40
77.980        60
77.990        93
78.000        73
78.010       107
78.020        47
78.030        93
78.040       113
78.050        47
78.060        67
78.070        40
78.080        60
78.090       160
78.100        40
78.110        93
78.120        47
78.130       127
78.140       120
78.150        53
78.160        73
78.170       100
78.180        53
78.190       107
78.200        93
78.210        67
78.220        60
78.230       100
78.240        80
78.250        53
78.260        93
78.270       133
78.280        87
78.290        53
78.300        67
78.310        73
78.320        67
78.330       100
78.340        80
78.350        67
78.360        53
78.370        80
78.380        73
78.390        53
78.400        47
78.410       120
78.420        87
78.430        47
78.440        53
78.450        87
78.460        53
78.470        53
78.480        73
78.490        80
78.500        93
78.510       107
78.520        53
78.530        40
78.540        60
78.550        60
78.560        80
78.570        53
78.580        60
78.590        53
78.600        73
78.610        87
78.620       113
78.630        67
78.640        87
78.650        60
78.660        40
78.670        80
78.680       127
78.690        67
78.700        80
78.710        20
78.720        73
78.730        53
78.740        53
78.750        87
78.760        67
78.770        80
78.780        40
78.790       107
78.800        60
78.810        53
78.820        87
78.830        40
78.840        60
78.850        67
78.860        73
78.870        60
78.880        47
78.890        93
78.900        53
78.910        60
78.920        47
78.930        53
78.940        73
78.950        67
78.960        87
78.970        87
78.980        67
78.990        47
79.000        87
79.010        73
79.020        47
79.030        67
79.040        80
79.050        33
79.060        93
79.070        53
79.080        80
79.090        87
79.100        93
79.110        60
79.120        47
79.130       107
79.140        73
79.150        87
79.160        80
79.170        73
79.180        73
79.190        80
79.200        47
79.210        67
79.220        47
79.230        87
79.240        80
79.250        67
79.260        67
79.270        80
79.280        33
79.290        67
79.300        27
79.310        60
79.320        93
79.330        93
79.340        87
79.350        73
79.360        80
79.370        53
79.380        87
79.390        60
79.400        40
79.410        60
79.420        67
79.430        47
79.440        40
79.450        73
79.460        60
79.470        53
79.480        73
79.490        47
79.500        27
79.510        73
79.520        87
79.530        53
79.540        80
79.550        67
79.560        80
79.570        27
79.580        67
79.590        87
79.600        87
79.610        87
79.620        40
79.630        60
79.640        73
79.650        40
79.660        67
79.670        87
79.680        47
79.690        67
79.700        80
79.710        60
79.720        53
79.730       107
79.740        60
79.750        47
79.760        93
79.770        47
79.780        80
79.790        80
79.800        93
79.810        47
79.820        53
79.830        93
79.840        60
79.850        33
79.860        40
79.870        47
79.880        60
79.890        73
79.900        73
79.910        87
79.920       120
79.930        60
79.940        73
79.950        40
79.960        27
79.970        67
79.980        53
79.990        67
80.000        47
80.010        67
80.020        53
80.030        67
80.040        40
80.050        60
80.060        73
80.070        87
80.080        33
80.090        53
80.100        73
80.110        93
80.120        73
80.130        67
80.140        40
80.150        67
80.160        40
80.170        47
80.180        53
80.190        60
80.200        60
80.210        40
80.220        40
80.230        67
80.240        33
80.250        87
80.260        60
80.270        47
80.280        47
80.290        60
80.300        93
80.310        53
80.320        73
80.330        73
80.340        47
80.350        47
80.360        73
80.370        67
80.380        47
80.390        47
80.400        33
80.410        53
80.420        47
80.430        80
80.440        80
80.450        13
80.460        53
80.470        33
80.480        47
80.490        80
80.500        47
80.510        73
80.520        27
80.530        33
80.540        73
80.550       100
80.560        93
80.570        53
80.580        40
80.590        67
80.600        93
80.610        73
80.620        60
80.630        60
80.640        93
80.650        87
80.660       100
80.670        60
80.680        60
80.690        20
80.700        33
80.710        53
80.720        67
80.730       100
80.740        40
80.750        60
80.760        73
80.770        73
80.780        47
80.790        80
80.800        67
80.810        27
80.820        20
80.830        47
80.840        60
80.850        33
80.860        40
80.870        27
80.880        73
80.890        27
80.900        73
80.910        47
80.920        67
80.930       107
80.940        53
80.950        33
80.960        20
80.970        47
80.980        73
80.990        33
81.000        93
81.010        73
81.020        80
81.030        67
81.040        80
81.050       107
81.060        27
81.070        93
81.080        33
81.090        60
81.100        47
81.110        33
81.120        53
81.130        80
81.140       100
81.150        53
81.160        47
81.170        67
81.180        73
81.190        53
81.200        80
81.210        47
81.220        40
81.230        47
81.240        47
81.250        73
81.260        47
81.270        60
81.280        80
81.290        33
81.300        60
81.310        20
81.320       100
81.330        53
81.340        73
81.350        40
81.360        93
81.370        73
81.380        47
81.390        60
81.400        73
81.410        33
81.420        60
81.430        67
81.440        40
81.450        67
81.460        73
81.470        33
81.480        53
81.490        80
81.500        60
81.510        40
81.520        93
81.530        60
81.540        47
81.550        80
81.560        67
81.570        67
81.580       107
81.590        73
81.600        53
81.610        60
81.620        40
81.630        33
81.640        93
81.650        47
81.660        47
81.670        20
81.680        47
81.690        87
81.700        47
81.710        33
81.720        53
81.730        20
81.740        73
81.750        60
81.760        80
81.770        80
81.780        47
81.790        93
81.800        47
81.810        33
81.820        53
81.830        27
81.840        47
81.850        40
81.860       107
81.870        33
81.880        93
81.890        47
81.900        53
81.910        53
81.920        60
81.930        67
81.940        33
81.950        47
81.960        33
81.970        53
81.980        67
81.990        60
82.000        80
82.010        53
82.020        80
82.030        67
82.040        60
82.050        47
82.060        53
82.070        67
82.080        60
82.090        73
82.100        20
82.110        67
82.120        60
82.130        33
82.140        67
82.150        80
82.160        47
82.170        67
82.180        40
82.190        47
82.200        67
82.210        13
82.220        53
82.230        47
82.240        27
82.250        53
82.260        27
82.270        53
82.280        53
82.290        87
82.300        40
82.310        67
82.320        93
82.330        33
82.340        20
82.350        53
82.360        53
82.370        80
82.380        33
82.390        67
82.400        33
82.410        80
82.420        80
82.430        87
82.440        67
82.450        67
82.460        47
82.470        73
82.480        73
82.490        47
82.500        73
82.510        80
82.520       100
82.530        73
82.540        33
82.550        53
82.560        67
82.570        40
82.580        47
82.590        80
82.600        60
82.610        80
82.620        33
82.630        67
82.640        53
82.650        60
82.660        47
82.670        60
82.680        47
82.690        80
82.700       100
82.710        73
82.720        53
82.730        20
82.740        80
82.750       100
82.760        20
82.770        47
82.780        40
82.790        67
82.800        33
82.810        40
82.820        73
82.830        60
82.840        47
82.850        47
82.860        60
82.870        67
82.880        53
82.890        40
82.900        60
82.910        53
82.920        87
82.930        80
82.940        40
82.950        47
82.960        60
82.970        87
82.980        67
82.990        40
83.000        27
83.010        20
83.020        53
83.030        33
83.040        53
83.050        67
83.060        87
83.070        13
83.080        47
83.090        27
83.100        53
83.110       100
83.120        67
83.130        33
83.140        60
83.150        67
83.160         7
83.170        47
83.180        67
83.190        73
83.200        40
83.210        80
83.220        87
83.230        53
83.240        27
83.250        53
83.260        87
83.270        40
83.280        40
83.290        33
83.300        53
83.310        20
83.320        93
83.330        67
83.340        27
83.350        53
83.360        33
83.370        53
83.380        73
83.390        67
83.400        33
83.410        27
83.420        40
83.430        73
83.440        73
83.450        47
83.460        67
83.470        53
83.480        60
83.490        53
83.500        27
83.510        40
83.520        53
83.530        20
83.540        33
83.550        47
83.560        53
83.570       100
83.580        33
83.590        80
83.600        80
83.610        67
83.620        93
83.630        87
83.640        33
83.650        47
83.660        33
83.670        53
83.680        53
83.690        27
83.700        53
83.710        40
83.720        20
83.730        33
83.740        73
83.750        27
83.760        13
83.770        33
83.780        60
83.790        53
83.800        47
83.810        40
83.820        60
83.830        33
83.840        87
83.850        40
83.860        53
83.870        60
83.880        33
83.890        40
83.900        60
83.910        33
83.920        33
83.930        40
83.940        40
83.950        40
83.960        40
83.970        53
83.980        40
83.990        33
84.000        47
84.010        53
84.020        40
84.030        40
84.040        67
84.050        53
84.060        20
84.070        40
84.080        60
84.090        53
84.100        53
84.110        40
84.120        27
84.130        40
84.140        53
84.150        13
84.160        60
84.170        67
84.180        27
84.190        73
84.200        27
84.210        53
84.220        67
84.230        40
84.240        27
84.250        27
84.260        53
84.270       107
84.280        73
84.290        33
84.300        40
84.310        73
84.320        33
84.330        60
84.340        53
84.350        20
84.360        67
84.370        33
84.380        60
84.390        47
84.400        40
84.410        27
84.420        53
84.430        33
84.440        53
84.450        47
84.460        27
84.470        40
84.480        53
84.490        53
84.500        40
84.510        40
84.520        53
84.530        60
84.540        53
84.550        53
84.560        53
84.570        67
84.580        67
84.590        33
84.600        27
84.610        13
84.620        40
84.630        40
84.640        40
84.650        60
84.660        40
84.670        27
84.680        53
84.690        40
84.700        27
84.710        33
84.720        67
84.730        20
84.740        47
84.750        73
84.760        47
84.770        60
84.780        53
84.790        53
84.800        47
84.810        60
84.820        47
84.830         0
84.840        40
84.850        40
84.860        47
84.870        80
84.880        27
84.890        53
84.900        33
84.910        67
84.920        80
84.930        53
84.940        33
84.950        40
84.960        67
84.970        53
84.980        40
84.990        60
85.000        20
85.010        53
85.020        73
85.030        53
85.040        40
85.050        47
85.060        40
85.070        20
85.080        60
85.090        33
85.100        40
85.110        20
85.120        33
85.130        53
85.140        47
85.150        47
85.160        27
85.170        60
85.180        60
85.190        67
85.200        80
85.210        40
85.220        67
85.230        53
85.240        33
85.250        27
85.260        40
85.270        80
85.280        40
85.290        47
85.300        27
85.310        47
85.320        47
85.330        27
85.340        87
85.350        67
85.360        40
85.370        73
85.380        33
85.390        60
85.400        47
85.410        67
85.420        40
85.430        40
85.440        33
85.450        47
85.460         7
85.470        40
85.480        53
85.490        27
85.500        27
85.510        67
85.520        47
85.530        33
85.540        40
85.550        60
85.560        40
85.570        47
85.580        40
85.590        47
85.600        13
85.610        47
85.620        33
85.630        47
85.640        33
85.650        73
85.660        60
85.670        47
85.680        40
85.690        80
85.700        73
85.710        40
85.720        67
85.730        27
85.740        60
85.750        13
85.760        53
85.770        53
85.780        87
85.790        27
85.800         7
85.810        67
85.820        53
85.830        33
85.840        33
85.850        20
85.860        33
85.870        40
85.880        27
85.890        33
85.900        73
85.910        47
85.920        47
85.930        67
85.940        47
85.950        53
85.960        73
85.970        47
85.980        53
85.990        33
86.000        27
86.010        33
86.020        40
86.030        67
86.040        60
86.050        73
86.060        47
86.070        47
86.080        20
86.090        53
86.100        20
86.110        67
86.120        13
86.130        73
86.140        47
86.150        40
86.160        33
86.170        40
86.180        47
86.190        27
86.200        27
86.210        40
86.220        20
86.230        47
86.240        27
86.250        53
86.260        80
86.270        47
86.280        73
86.290        33
86.300        40
86.310        60
86.320        33
86.330        33
86.340        80
86.350        60
86.360        33
86.370        27
86.380        53
86.390        47
86.400        47
86.410        40
86.420        53
86.430        47
86.440        33
86.450        33
86.460        53
86.470        67
86.480        40
86.490        33
86.500        40
86.510        40
86.520        47
86.530        53
86.540        33
86.550        40
86.560        33
86.570        33
86.580        47
86.590        47
86.600        40
86.610        33
86.620       100
86.630        40
86.640        20
86.650        60
86.660        33
86.670        20
86.680        33
86.690        20
86.700        27
86.710        33
86.720         7
86.730        27
86.740        40
86.750        53
86.760        60
86.770        53
86.780        27
86.790        40
86.800        40
86.810        40
86.820        20
86.830        47
86.840        27
86.850        27
86.860        60
86.870        27
86.880        47
86.890        80
86.900        53
86.910        53
86.920        27
86.930         7
86.940        47
86.950        40
86.960        13
86.970        33
86.980        47
86.990         7
87.000        40
87.010        40
87.020        40
87.030        33
87.040        73
87.050        53
87.060        20
87.070        27
87.080        47
87.090        33
87.100        27
87.110        53
87.120        47
87.130        27
87.140        20
87.150        40
87.160         7
87.170        73
87.180        27
87.190        33
87.200       107
87.210        33
87.220        27
87.230        47
87.240        33
87.250        53
87.260        73
87.270        40
87.280        33
87.290        53
87.300        47
87.310        60
87.320        27
87.330        33
87.340        20
87.350        53
87.360        53
87.370        47
87.380        47
87.390        33
87.400        40
87.410        47
87.420        80
87.430        27
87.440        40
87.450        20
87.460        40
87.470        47
87.480        40
87.490        27
87.500        33
87.510         7
87.520        47
87.530        27
87.540        47
87.550        80
87.560        60
87.570        53
87.580        47
87.590        40
87.600        60
87.610        53
87.620        27
87.630        47
87.640        67
87.650        40
87.660        27
87.670        40
87.680        40
87.690        20
87.700        53
87.710        40
87.720        47
87.730        27
87.740        33
87.750        33
87.760        20
87.770        20
87.780        47
87.790        33
87.800        40
87.810        20
87.820        47
87.830        60
87.840        73
87.850        73
87.860        40
87.870         7
87.880        47
87.890        20
87.900        47
87.910        53
87.920        40
87.930        53
87.940        40
87.950        27
87.960        20
87.970        27
87.980        67
87.990        33
88.000        20
88.010        27
88.020        20
88.030        33
88.040        40
88.050        67
88.060        47
88.070        40
88.080        47
88.090        20
88.100        47
88.110        13
88.120        33
88.130        27
88.140        27
88.150        40
88.160        33
88.170        40
88.180        27
88.190        47
88.200        33
88.210        53
88.220        40
88.230        20
88.240        47
88.250        20
88.260        33
88.270        27
88.280        27
88.290        73
88.300        27
88.310        67
88.320        27
88.330        47
88.340        33
88.350        40
88.360        40
88.370        40
88.380        67
88.390        47
88.400        13
88.410        40
88.420        13
88.430        20
88.440        67
88.450        20
88.460        33
88.470        33
88.480        20
88.490        60
88.500        47
88.510        27
88.520        53
88.530        40
88.540        20
88.550        27
88.560        27
88.570        73
88.580        53
88.590        40
88.600        40
88.610        40
88.620        33
88.630        33
88.640        60
88.650        27
88.660        13
88.670        27
88.680        60
88.690        53
88.700        40
88.710        27
88.720        33
88.730        40
88.740        47
88.750        20
88.760        40
88.770        40
88.780        27
88.790        33
88.800        27
88.810        60
88.820        40
88.830        47
88.840        33
88.850        40
88.860        53
88.870        33
88.880        20
88.890        33
88.900        67
88.910        40
88.920        47
88.930        40
88.940        40
88.950        73
88.960        27
88.970        60
88.980        33
88.990        53
89.000        20
89.010        47
89.020        60
89.030        20
89.040        47
89.050        27
89.060        20
89.070        53
89.080        27
89.090        67
89.100        40
89.110        33
89.120        33
89.130        33
89.140         7
89.150        73
89.160        27
89.170        40
89.180        33
89.190        40
89.200        53
89.210        27
89.220        40
89.230        40
89.240        13
89.250        27
89.260        47
89.270        60
89.280        40
89.290        27
89.300        27
89.310        33
89.320        47
89.330        33
89.340        53
89.350        47
89.360        40
89.370        53
89.380        73
89.390        27
89.400        53
89.410        47
89.420        60
89.430        20
89.440        27
89.450        33
89.460        33
89.470        40
89.480        67
89.490        20
89.500        40
89.510        20
89.520        27
89.530        33
89.540        53
89.550        33
89.560         7
89.570        53
89.580        67
89.590        33
89.600        27
89.610        40
89.620        53
89.630        20
89.640        27
89.650        20
89.660        33
89.670        27
89.680        40
89.690        40
89.700        20
89.710        53
89.720        53
89.730        40
89.740        47
89.750        47
89.760        27
89.770        33
89.780        13
89.790        27
89.800        53
89.810        27
89.820        47
89.830        20
89.840        20
89.850        20
89.860        53
89.870        20
89.880        53
89.890        33
89.900        33
89.910        40
89.920        13
89.930        27
89.940        40
89.950        60
89.960        40
89.970        53
89.980        20
89.990        27
90.000        27
