10.000       127
10.010       122
10.020       113
10.030       112
10.040       115
10.050       115
10.060       117
10.070       113
10.080       112
10.090       133
10.100        88
10.110       125
10.120       118
10.130       107
10.140       118
10.150       123
10.160       103
10.170       108
10.180        82
10.190       133
10.200       122
10.210        97
10.220       125
10.230       123
10.240       125
10.250       105
10.260       112
10.270        98
10.280       113
10.290       113
10.300       118
10.310       100
10.320        98
10.330       110
10.340       132
10.350       103
10.360       110
10.370       127
10.380        82
10.390       107
10.400       122
10.410        93
10.420        85
10.430        95
10.440       110
10.450       122
10.460       107
10.470       137
10.480       115
10.490       112
10.500       117
10.510        93
10.520       107
10.530       117
10.540       103
10.550       107
10.560       110
10.570       105
10.580       135
10.590        95
10.600       112
10.610       108
10.620       113
10.630       130
10.640       112
10.650       108
10.660       113
10.670       117
10.680       108
10.690       107
10.700        90
10.710       108
10.720       113
10.730       100
10.740       133
10.750        90
10.760       130
10.770        92
10.780        87
10.790        70
10.800       108
10.810       118
10.820       122
10.830       112
10.840        83
10.850       103
10.860       113
10.870       132
10.880       133
10.890        95
10.900        92
10.910       122
10.920       103
10.930        92
10.940        90
10.950        75
10.960       112
10.970       103
10.980       122
10.990        95
11.000       107
11.010       108
11.020       105
11.030       120
11.040       100
11.050       117
11.060       117
11.070       108
11.080       107
11.090       108
11.100       122
11.110       103
11.120        97
11.130        93
11.140       107
11.150        92
11.160       108
11.170       112
11.180       122
11.190        92
11.200        85
11.210        92
11.220        82
11.230       115
11.240        92
11.250        72
11.260       105
11.270        80
11.280       100
11.290       105
11.300        95
11.310        80
11.320        83
11.330        98
11.340       100
11.350       107
11.360       105
11.370       113
11.380        73
11.390        93
11.400        93
11.410        80
11.420       120
11.430        97
11.440        92
11.450        93
11.460        97
11.470       117
11.480       103
11.490        90
11.500        95
11.510       103
11.520        92
11.530       100
11.540        90
11.550       118
11.560        93
11.570       115
11.580        90
11.590       103
11.600        75
11.610       100
11.620       103
11.630       107
11.640       110
11.650       102
11.660        83
11.670       112
11.680        97
11.690        88
11.700        72
11.710        93
11.720        88
11.730       108
11.740       100
11.750       102
11.760       128
11.770        87
11.780        93
11.790        78
11.800        83
11.810        72
11.820        78
11.830       123
11.840        87
11.850        80
11.860       117
11.870        90
11.880        82
11.890       100
11.900        95
11.910       100
11.920        83
11.930        90
11.940        93
11.950       113
11.960        88
11.970        87
11.980        83
11.990        80
12.000        78
12.010        87
12.020        87
12.030       108
12.040        78
12.050        97
12.060        87
12.070       115
12.080        83
12.090       103
12.100        72
12.110        73
12.120       100
12.130        90
12.140        95
12.150       115
12.160        83
12.170       103
12.180        90
12.190        75
12.200        72
12.210        72
12.220        93
12.230        87
12.240        73
12.250        88
12.260        83
12.270        87
12.280       100
12.290        90
12.300        87
12.310       117
12.320        97
12.330        93
12.340        78
12.350        67
12.360        82
12.370        70
12.380        85
12.390        78
12.400        97
12.410       115
12.420       108
12.430        67
12.440        88
12.450        93
12.460        78
12.470       100
12.480        95
12.490        77
12.500       105
12.510        77
12.520       108
12.530        65
12.540        92
12.550        77
12.560        98
12.570        77
12.580        97
12.590        88
12.600        92
12.610        92
12.620        88
12.630        98
12.640        85
12.650       105
12.660        73
12.670        85
12.680        78
12.690        93
12.700        67
12.710        78
12.720        95
12.730        85
12.740        95
12.750        80
12.760        90
12.770        83
12.780        90
12.790        80
12.800        82
12.810        70
12.820        75
12.830        83
12.840        72
12.850        92
12.860        68
12.870        73
12.880        90
12.890        90
12.900        82
12.910       102
12.920        85
12.930        98
12.940        73
12.950        78
12.960        87
12.970        60
12.980        92
12.990        60
13.000        85
13.010        68
13.020        63
13.030        78
13.040        97
13.050        83
13.060       107
13.070        87
13.080        88
13.090        77
13.100        85
13.110        83
13.120        72
13.130        80
13.140        87
13.150        53
13.160        75
13.170        80
13.180        98
13.190        87
13.200        90
13.210        92
13.220        85
13.230        87
13.240        95
13.250        58
13.260        85
13.270        98
13.280        85
13.290        62
13.300        72
13.310        80
13.320        88
13.330        72
13.340        50
13.350        77
13.360        67
13.370        87
13.380        87
13.390        83
13.400       102
13.410        82
13.420        65
13.430        60
13.440        88
13.450        88
13.460        82
13.470        83
13.480       102
13.490        98
13.500        90
13.510        78
13.520        75
13.530        85
13.540        80
13.550        92
13.560        90
13.570        85
13.580        95
13.590        82
13.600        95
13.610        75
13.620        80
13.630       102
13.640        83
13.650        92
13.660        87
13.670       120
13.680        77
13.690        97
13.700        82
13.710        83
13.720        88
13.730        85
13.740        75
13.750        78
13.760        95
13.770        82
13.780        97
13.790        70
13.800        77
13.810        85
13.820        67
13.830        83
13.840        83
13.850        65
13.860        68
13.870        77
13.880        77
13.890        83
13.900        65
13.910        67
13.920        67
13.930        78
13.940        80
13.950       105
13.960       102
13.970        72
13.980        82
13.990        95
14.000        95
14.010       103
14.020        60
14.030        82
14.040        92
14.050        87
14.060        85
14.070        75
14.080       100
14.090        82
14.100        83
14.110        88
14.120        77
14.130        82
14.140        83
14.150        80
14.160        75
14.170        70
14.180        60
14.190        82
14.200        75
14.210        93
14.220        77
14.230        95
14.240        98
14.250       112
14.260        95
14.270        98
14.280       100
14.290        78
14.300        77
14.310        78
14.320        87
14.330        78
14.340        77
14.350        68
14.360       120
14.370        92
14.380        92
14.390        67
14.400        77
14.410        90
14.420        95
14.430        57
14.440       107
14.450        97
14.460        88
14.470        98
14.480       105
14.490        68
14.500        98
14.510        73
14.520        88
14.530        85
14.540        77
14.550        68
14.560        80
14.570        60
14.580        83
14.590        77
14.600        70
14.610        82
14.620        63
14.630        73
14.640        70
14.650        58
14.660        67
14.670        60
14.680        58
14.690        77
14.700        62
14.710        70
14.720        80
14.730        68
14.740        60
14.750        62
14.760        83
14.770        67
14.780        57
14.790        72
14.800        70
14.810        78
14.820        67
14.830        62
14.840        63
14.850        70
14.860        58
14.870        88
14.880        65
14.890        77
14.900        72
14.910        57
14.920        72
14.930        80
14.940        62
14.950        60
14.960        83
14.970        58
14.980        52
14.990        93
15.000        73
15.010        70
15.020        77
15.030        45
15.040        73
15.050        63
15.060        72
15.070        75
15.080        83
15.090        73
15.100        70
15.110        63
15.120        68
15.130        75
15.140        65
15.150        68
15.160        53
15.170        57
15.180        68
15.190        78
15.200        77
15.210        58
15.220        75
15.230        83
15.240        80
15.250        70
15.260        58
15.270        70
15.280        70
15.290        58
15.300        83
15.310        77
15.320        58
15.330        87
15.340        70
15.350        72
15.360        70
15.370        85
15.380        63
15.390        70
15.400        63
15.410        60
15.420        65
15.430        60
15.440        78
15.450        48
15.460        68
15.470        77
15.480        60
15.490        53
15.500        85
15.510        68
15.520        72
15.530        82
15.540        62
15.550        77
15.560        73
15.570        80
15.580        53
15.590        62
15.600        62
15.610        78
15.620        62
15.630        73
15.640        60
15.650        65
15.660        67
15.670        57
15.680        77
15.690        67
15.700        72
15.710        52
15.720        80
15.730        58
15.740        70
15.750        67
15.760        62
15.770        52
15.780        68
15.790        80
15.800        75
15.810        77
15.820        53
15.830        78
15.840        62
15.850        55
15.860        58
15.870        47
15.880        45
15.890        63
15.900        65
15.910        52
15.920        70
15.930        55
15.940        72
15.950        58
15.960        40
15.970        60
15.980        50
15.990        53
16.000        83
16.010        55
16.020        48
16.030        62
16.040        58
16.050        53
16.060        58
16.070        62
16.080        52
16.090        58
16.100        62
16.110        52
16.120        60
16.130        72
16.140        55
16.150        50
16.160        60
16.170        78
16.180        62
16.190        65
16.200        48
16.210        58
16.220        65
16.230        65
16.240        53
16.250        68
16.260        50
16.270        57
16.280        60
16.290        52
16.300        70
16.310        70
16.320        53
16.330        68
16.340        65
16.350        62
16.360        60
16.370        65
16.380        63
16.390        58
16.400        68
16.410        67
16.420        47
16.430        52
16.440        58
16.450        53
16.460        78
16.470        48
16.480        48
16.490        52
16.500        65
16.510        67
16.520        73
16.530        63
16.540        73
16.550        48
16.560        62
16.570        53
16.580        58
16.590        57
16.600        72
16.610        65
16.620        48
16.630        57
16.640        57
16.650        48
16.660        43
16.670        62
16.680        62
16.690        52
16.700        63
16.710        62
16.720        53
16.730        55
16.740        65
16.750        43
16.760        58
16.770        55
16.780        63
16.790        65
16.800        70
16.810        55
16.820        58
16.830        80
16.840        65
16.850        55
16.860        55
16.870        52
16.880        53
16.890        60
16.900        70
16.910        50
16.920        60
16.930        72
16.940        65
16.950        50
16.960        60
16.970        63
16.980        65
16.990        73
17.000        68
17.010        63
17.020        53
17.030        55
17.040        55
17.050        70
17.060        50
17.070        57
17.080        37
17.090        58
17.100        50
17.110        73
17.120        57
17.130        62
17.140        72
17.150        68
17.160        45
17.170        58
17.180        58
17.190        70
17.200        65
17.210        60
17.220        45
17.230        58
17.240        68
17.250        75
17.260        70
17.270        75
17.280        85
17.290        48
17.300        63
17.310        43
17.320        65
17.330        58
17.340        65
17.350        58
17.360        77
17.370        62
17.380        57
17.390        53
17.400        60
17.410        57
17.420        78
17.430        53
17.440        73
17.450        65
17.460        60
17.470        77
17.480        58
17.490        63
17.500        62
17.510        70
17.520        58
17.530        62
17.540        77
17.550        88
17.560        72
17.570        78
17.580        55
17.590        87
17.600        72
17.610        77
17.620        62
17.630        65
17.640        85
17.650        90
17.660        75
17.670       103
17.680       102
17.690        80
17.700        65
17.710       102
17.720        75
17.730        67
17.740        82
17.750       102
17.760        77
17.770        43
17.780        87
17.790        72
17.800        82
17.810        68
17.820        63
17.830        52
17.840        70
17.850        53
17.860        58
17.870        72
17.880        45
17.890        55
17.900        62
17.910        63
17.920        65
17.930        75
17.940        43
17.950        57
17.960        53
17.970        40
17.980        52
17.990        60
18.000        43
18.010        42
18.020        45
18.030        58
18.040        47
18.050        60
18.060        57
18.070        48
18.080        57
18.090        62
18.100        65
18.110        50
18.120        63
18.130        55
18.140        53
18.150        58
18.160        63
18.170        55
18.180        50
18.190        60
18.200        45
18.210        58
18.220        57
18.230        75
18.240        77
18.250        67
18.260        58
18.270        48
18.280        77
18.290        78
18.300        57
18.310        70
18.320        68
18.330        73
18.340        68
18.350        53
18.360        75
18.370        50
18.380        88
18.390        65
18.400        52
18.410        75
18.420        77
18.430        48
18.440        68
18.450        68
18.460        67
18.470        82
18.480        72
18.490        63
18.500        82
18.510        85
18.520        78
18.530        87
18.540        97
18.550        73
18.560        88
18.570        72
18.580        75
18.590        77
18.600        95
18.610        62
18.620        48
18.630        57
18.640        88
18.650        68
18.660        78
18.670        67
18.680        63
18.690        60
18.700        67
18.710        57
18.720        52
18.730        57
18.740        62
18.750        80
18.760        67
18.770        70
18.780        53
18.790        72
18.800        67
18.810        88
18.820        88
18.830        62
18.840        75
18.850        58
18.860        40
18.870        60
18.880        70
18.890        80
18.900        73
18.910        60
18.920        58
18.930        68
18.940        62
18.950        65
18.960        43
18.970        68
18.980        38
18.990        45
19.000        65
19.010        58
19.020        48
19.030        55
19.040        48
19.050        48
19.060        68
19.070        50
19.080        63
19.090        40
19.100        65
19.110        55
19.120        58
19.130        68
19.140        47
19.150        55
19.160        50
19.170        60
19.180        53
19.190        58
19.200        58
19.210        63
19.220        57
19.230        47
19.240        58
19.250        33
19.260        43
19.270        58
19.280        75
19.290        57
19.300        52
19.310        52
19.320        50
19.330        42
19.340        57
19.350        47
19.360        53
19.370        57
19.380        57
19.390        55
19.400        60
19.410        60
19.420        60
19.430        40
19.440        50
19.450        45
19.460        65
19.470        40
19.480        38
19.490        55
19.500        47
19.510        42
19.520        48
19.530        37
19.540        55
19.550        48
19.560        50
19.570        55
19.580        47
19.590        32
19.600        42
19.610        52
19.620        68
19.630        38
19.640        60
19.650        57
19.660        58
19.670        47
19.680        52
19.690        48
19.700        60
19.710        58
19.720        45
19.730        45
19.740        45
19.750        55
19.760        50
19.770        50
19.780        45
19.790        68
19.800        62
19.810        57
19.820        62
19.830        53
19.840        68
19.850        58
19.860        47
19.870        50
19.880        52
19.890        52
19.900        52
19.910        72
19.920        60
19.930        82
19.940        55
19.950        72
19.960        57
19.970        48
19.980        58
19.990        58
20.000        52
20.010        80
20.020        67
20.030        52
20.040        57
20.050        40
20.060        62
20.070        53
20.080        72
20.090        47
20.100        43
20.110        57
20.120        60
20.130        45
20.140        47
20.150        47
20.160        52
20.170        37
20.180        48
20.190        43
20.200        48
20.210        43
20.220        32
20.230        37
20.240        42
20.250        65
20.260        60
20.270        63
20.280        43
20.290        55
20.300        57
20.310        28
20.320        52
20.330        50
20.340        52
20.350        42
20.360        63
20.370        48
20.380        37
20.390        45
20.400        47
20.410        30
20.420        55
20.430        28
20.440        45
20.450        53
20.460        40
20.470        43
20.480        62
20.490        48
20.500        60
20.510        53
20.520        32
20.530        47
20.540        55
20.550        60
20.560        57
20.570        55
20.580        57
20.590        43
20.600        40
20.610        42
20.620        57
20.630        50
20.640        57
20.650        33
20.660        35
20.670        52
20.680        43
20.690        57
20.700        55
20.710        37
20.720        43
20.730        43
20.740        43
20.750        67
20.760        35
20.770        50
20.780        50
20.790        57
20.800        53
20.810        38
20.820        40
20.830        43
20.840        50
20.850        47
20.860        40
20.870        42
20.880        55
20.890        62
20.900        52
20.910        45
20.920        55
20.930        42
20.940        52
20.950        32
20.960        48
20.970        45
20.980        43
20.990        48
21.000        42
21.010        45
21.020        42
21.030        43
21.040        58
21.050        42
21.060        50
21.070        57
21.080        42
21.090        58
21.100        47
21.110        55
21.120        35
21.130        53
21.140        62
21.150        62
21.160        40
21.170        57
21.180        58
21.190        48
21.200        33
21.210        40
21.220        48
21.230        47
21.240        35
21.250        48
21.260        45
21.270        40
21.280        48
21.290        38
21.300        45
21.310        42
21.320        57
21.330        40
21.340        35
21.350        48
21.360        35
21.370        48
21.380        43
21.390        45
21.400        45
21.410        40
21.420        52
21.430        42
21.440        43
21.450        38
21.460        53
21.470        42
21.480        28
21.490        68
21.500        42
21.510        48
21.520        63
21.530        57
21.540        38
21.550        38
21.560        45
21.570        45
21.580        55
21.590        38
21.600        37
21.610        42
21.620        42
21.630        45
21.640        45
21.650        38
21.660        33
21.670        60
21.680        67
21.690        63
21.700        43
21.710        52
21.720        68
21.730        63
21.740        47
21.750        58
21.760        37
21.770        67
21.780        45
21.790        45
21.800        38
21.810        50
21.820        37
21.830        47
21.840        52
21.850        38
21.860        53
21.870        52
21.880        52
21.890        63
21.900        33
21.910        45
21.920        55
21.930        57
21.940        68
21.950        50
21.960        62
21.970        77
21.980        53
21.990        40
22.000        57
22.010        65
22.020        55
22.030        70
22.040        68
22.050        72
22.060        62
22.070        68
22.080        92
22.090        77
22.100        88
22.110        80
22.120        65
22.130        83
22.140       102
22.150        72
22.160        50
22.170       110
22.180        85
22.190        90
22.200        88
22.210        82
22.220        92
22.230        92
22.240        72
22.250        78
22.260        80
22.270        50
22.280        83
22.290        72
22.300        62
22.310        55
22.320        50
22.330        53
22.340        55
22.350        42
22.360        65
22.370        42
22.380        32
22.390        40
22.400        40
22.410        47
22.420        62
22.430        58
22.440        58
22.450        47
22.460        60
22.470        52
22.480        50
22.490        50
22.500        60
22.510        42
22.520        72
22.530        73
22.540        37
22.550        77
22.560        58
22.570        48
22.580        78
22.590        85
22.600        60
22.610        83
22.620        62
22.630        65
22.640        75
22.650        62
22.660        60
22.670        63
22.680        90
22.690        50
22.700        72
22.710        68
22.720        60
22.730        58
22.740        62
22.750        75
22.760        78
22.770        57
22.780        45
22.790        57
22.800        63
22.810        48
22.820        55
22.830        57
22.840        50
22.850        55
22.860        55
22.870        33
22.880        58
22.890        38
22.900        42
22.910        43
22.920        45
22.930        55
22.940        40
22.950        43
22.960        47
22.970        43
22.980        50
22.990        35
23.000        32
23.010        43
23.020        50
23.030        40
23.040        35
23.050        33
23.060        53
23.070        63
23.080        70
23.090        47
23.100        57
23.110        45
23.120        48
23.130        55
23.140        40
23.150        60
23.160        47
23.170        40
23.180        67
23.190        52
23.200        47
23.210        33
23.220        48
23.230        37
23.240        55
23.250        42
23.260        43
23.270        58
23.280        57
23.290        58
23.300        42
23.310        65
23.320        60
23.330        60
23.340        75
23.350        98
23.360        93
23.370        80
23.380        72
23.390        73
23.400        93
23.410        53
23.420        97
23.430        87
23.440        82
23.450        92
23.460       102
23.470        97
23.480        77
23.490       115
23.500       103
23.510       118
23.520       105
23.530       118
23.540       128
23.550       107
23.560       113
23.570       110
23.580       127
23.590       133
23.600        95
23.610       110
23.620       100
23.630       115
23.640        87
23.650        85
23.660        95
23.670        92
23.680       105
23.690        87
23.700       150
23.710       122
23.720       143
23.730       115
23.740       148
23.750       138
23.760       133
23.770       145
23.780       127
23.790       165
23.800       153
23.810       113
23.820       160
23.830       155
23.840       157
23.850       147
23.860       162
23.870       120
23.880       173
23.890       173
23.900       167
23.910       172
23.920       152
23.930       197
23.940       202
23.950       195
23.960       207
23.970       190
23.980       223
23.990       222
24.000       263
24.010       265
24.020       240
24.030       238
24.040       197
24.050       252
24.060       207
24.070       203
24.080       187
24.090       147
24.100       140
24.110       147
24.120       143
24.130       125
24.140       100
24.150       105
24.160       103
24.170       110
24.180        98
24.190       105
24.200        83
24.210       117
24.220       125
24.230       115
24.240       127
24.250       108
24.260       133
24.270       148
24.280       167
24.290       142
24.300       180
24.310       152
24.320       168
24.330       185
24.340       162
24.350       158
24.360       165
24.370       160
24.380       170
24.390       117
24.400       147
24.410       110
24.420       142
24.430       132
24.440       128
24.450       118
24.460       145
24.470       123
24.480       115
24.490       122
24.500        85
24.510       108
24.520        68
24.530       100
24.540        92
24.550        48
24.560        73
24.570        45
24.580        55
24.590        50
24.600        47
24.610        70
24.620        50
24.630        55
24.640        58
24.650        48
24.660        35
24.670        60
24.680        37
24.690        47
24.700        58
24.710        37
24.720        60
24.730        57
24.740        67
24.750        53
24.760        55
24.770        52
24.780        58
24.790        37
24.800        52
24.810        52
24.820        50
24.830        52
24.840        60
24.850        45
24.860        55
24.870        62
24.880        50
24.890        65
24.900        78
24.910        72
24.920        80
24.930        80
24.940        57
24.950        60
24.960        87
24.970        78
24.980        77
24.990        75
25.000        87
25.010        75
25.020        80
25.030        60
25.040        75
25.050        77
25.060        63
25.070        67
25.080        65
25.090        57
25.100        72
25.110        60
25.120        57
25.130        53
25.140        60
25.150        67
25.160        55
25.170        53
25.180        60
25.190        48
25.200        60
25.210        67
25.220        58
25.230        62
25.240        60
25.250        75
25.260        53
25.270        63
25.280        63
25.290        53
25.300        42
25.310        50
25.320        50
25.330        45
25.340        43
25.350        48
25.360        33
25.370        62
25.380        50
25.390        37
25.400        55
25.410        55
25.420        38
25.430        57
25.440        47
25.450        62
25.460        53
25.470        65
25.480        60
25.490        50
25.500        75
25.510        53
25.520        67
25.530        38
25.540        72
25.550        72
25.560        58
25.570        78
25.580        45
25.590        78
25.600        77
25.610        58
25.620        58
25.630        73
25.640        77
25.650        75
25.660        67
25.670        62
25.680        82
25.690        77
25.700        87
25.710        85
25.720       105
25.730       105
25.740        98
25.750       107
25.760       100
25.770        92
25.780       100
25.790        97
25.800       108
25.810       132
25.820       143
25.830       112
25.840       112
25.850       117
25.860       145
25.870       150
25.880       143
25.890       143
25.900       123
25.910       130
25.920       123
25.930       117
25.940       137
25.950       123
25.960       102
25.970       125
25.980       115
25.990       103
26.000        77
26.010        78
26.020        72
26.030        70
26.040        63
26.050        58
26.060        55
26.070        67
26.080        68
26.090        50
26.100        48
26.110        72
26.120        45
26.130        77
26.140        50
26.150        68
26.160        55
26.170        53
26.180        68
26.190        62
26.200        77
26.210        83
26.220        83
26.230        68
26.240        80
26.250        65
26.260        85
26.270        58
26.280        67
26.290        72
26.300        53
26.310        60
26.320        85
26.330        67
26.340        50
26.350        43
26.360        70
26.370        60
26.380        47
26.390        53
26.400        42
26.410        60
26.420        35
26.430        45
26.440        65
26.450        60
26.460        55
26.470        38
26.480        48
26.490        57
26.500        43
26.510        28
26.520        38
26.530        45
26.540        48
26.550        50
26.560        43
26.570        42
26.580        38
26.590        50
26.600        50
26.610        52
26.620        62
26.630        57
26.640        60
26.650        52
26.660        45
26.670        37
26.680        60
26.690        68
26.700        58
26.710        67
26.720        53
26.730        67
26.740        43
26.750        73
26.760       103
26.770        85
26.780        88
26.790        80
26.800        88
26.810        65
26.820        85
26.830        72
26.840       108
26.850        60
26.860        95
26.870        85
26.880        87
26.890        93
26.900       112
26.910       115
26.920        95
26.930        92
26.940        87
26.950        72
26.960        77
26.970        57
26.980        42
26.990        72
27.000        75
27.010        47
27.020        67
27.030        73
27.040        75
27.050        65
27.060        78
27.070        48
27.080        72
27.090        60
27.100        70
27.110        78
27.120        67
27.130        78
27.140        80
27.150       110
27.160        87
27.170       108
27.180       107
27.190        98
27.200       100
27.210       128
27.220       122
27.230       110
27.240       155
27.250       147
27.260       180
27.270       185
27.280       177
27.290       152
27.300       202
27.310       217
27.320       202
27.330       232
27.340       227
27.350       263
27.360       225
27.370       198
27.380       232
27.390       233
27.400       205
27.410       182
27.420       202
27.430       182
27.440       147
27.450       192
27.460       127
27.470       153
27.480       118
27.490       125
27.500       132
27.510       118
27.520       115
27.530       107
27.540        98
27.550        73
27.560        97
27.570        90
27.580        73
27.590        73
27.600        82
27.610        88
27.620        72
27.630        60
27.640        78
27.650        87
27.660        67
27.670        67
27.680        60
27.690        72
27.700        63
27.710        70
27.720        60
27.730        67
27.740        73
27.750        78
27.760        80
27.770        73
27.780        63
27.790        90
27.800        77
27.810       103
27.820       117
27.830       102
27.840       115
27.850       123
27.860       162
27.870       170
27.880       218
27.890       195
27.900       225
27.910       252
27.920       325
27.930       283
27.940       288
27.950       327
27.960       360
27.970       313
27.980       342
27.990       352
28.000       362
28.010       340
28.020       362
28.030       338
28.040       290
28.050       337
28.060       313
28.070       330
28.080       305
28.090       262
28.100       265
28.110       242
28.120       242
28.130       225
28.140       178
28.150       198
28.160       198
28.170       198
28.180       140
28.190       128
28.200       125
28.210       112
28.220       137
28.230       100
28.240        93
28.250        97
28.260        83
28.270        88
28.280        85
28.290        72
28.300        73
28.310        67
28.320        77
28.330        93
28.340        90
28.350        63
28.360        72
28.370        72
28.380        70
28.390        83
28.400       103
28.410        75
28.420        83
28.430        98
28.440        83
28.450        85
28.460       100
28.470       118
28.480        92
28.490       107
28.500       100
28.510        68
28.520        95
28.530        90
28.540        77
28.550        88
28.560        83
28.570        75
28.580        78
28.590        80
28.600        87
28.610        73
28.620        58
28.630        65
28.640        62
28.650        72
28.660        65
28.670        70
28.680        53
28.690        80
28.700        68
28.710        85
28.720        75
28.730        73
28.740       113
28.750        88
28.760        75
28.770        90
28.780        95
28.790       117
28.800        90
28.810        95
28.820        85
28.830       125
28.840       150
28.850       110
28.860       102
28.870       122
28.880       122
28.890       120
28.900       130
28.910       132
28.920       128
28.930       102
28.940       147
28.950       153
28.960       178
28.970       167
28.980       165
28.990       153
29.000       195
29.010       168
29.020       180
29.030       188
29.040       155
29.050       148
29.060       145
29.070       163
29.080       153
29.090       135
29.100        95
29.110       162
29.120       128
29.130       105
29.140        93
29.150        82
29.160        73
29.170        78
29.180        65
29.190        73
29.200        42
29.210        60
29.220        60
29.230        58
29.240        80
29.250        83
29.260        70
29.270        85
29.280        65
29.290        77
29.300       103
29.310        90
29.320        88
29.330        83
29.340        68
29.350        93
29.360        87
29.370        83
29.380        70
29.390        75
29.400        55
29.410        58
29.420        60
29.430        43
29.440        68
29.450        50
29.460        35
29.470        40
29.480        42
29.490        23
29.500        40
29.510        45
29.520        42
29.530        58
29.540        52
29.550        45
29.560        68
29.570        57
29.580        48
29.590        45
29.600        47
29.610        52
29.620        27
29.630        57
29.640        42
29.650        48
29.660        58
29.670        40
29.680        42
29.690        53
29.700        67
29.710        58
29.720        50
29.730        47
29.740        73
29.750        75
29.760        62
29.770        58
29.780        55
29.790        48
29.800        95
29.810        63
29.820        70
29.830        82
29.840        85
29.850        85
29.860        93
29.870        67
29.880        47
29.890        53
29.900        45
29.910        35
29.920        70
29.930        57
29.940        52
29.950        65
29.960        50
29.970        58
29.980        45
29.990        68
30.000        48
30.010        45
30.020        47
30.030        52
30.040        63
30.050        58
30.060        60
30.070        68
30.080        68
30.090        57
30.100        57
30.110        77
30.120        77
30.130        77
30.140        70
30.150        63
30.160        73
30.170        72
30.180        52
30.190        63
30.200        60
30.210        47
30.220        58
30.230        65
30.240        62
30.250        58
30.260        50
30.270        30
30.280        37
30.290        57
30.300        40
30.310        38
30.320        37
30.330        42
30.340        37
30.350        38
30.360        32
30.370        25
30.380        50
30.390        50
30.400        58
30.410        52
30.420        45
30.430        57
30.440        27
30.450        43
30.460        42
30.470        33
30.480        38
30.490        50
30.500        43
30.510        47
30.520        55
30.530        45
30.540        58
30.550        52
30.560        42
30.570        47
30.580        38
30.590        42
30.600        55
30.610        43
30.620        53
30.630        48
30.640        72
30.650        50
30.660        52
30.670        67
30.680        40
30.690        55
30.700        58
30.710        32
30.720        45
30.730        60
30.740        57
30.750        38
30.760        47
30.770        52
30.780        52
30.790        38
30.800        37
30.810        43
30.820        42
30.830        27
30.840        40
30.850        43
30.860        42
30.870        28
30.880        52
30.890        45
30.900        42
30.910        32
30.920        40
30.930        25
30.940        33
30.950        35
30.960        45
30.970        45
30.980        35
30.990        43
31.000        35
31.010        30
31.020        40
31.030        38
31.040        57
31.050        50
31.060        47
31.070        58
31.080        52
31.090        40
31.100        45
31.110        45
31.120        42
31.130        42
31.140        43
31.150        52
31.160        37
31.170        55
31.180        58
31.190        32
31.200        42
31.210        47
31.220        57
31.230        52
31.240        43
31.250        48
31.260        80
31.270        53
31.280        60
31.290        60
31.300        57
31.310        72
31.320        72
31.330        70
31.340        62
31.350        62
31.360        52
31.370        88
31.380        90
31.390        57
31.400        50
31.410        73
31.420        65
31.430        67
31.440        75
31.450        68
31.460        75
31.470        63
31.480        97
31.490        45
31.500        70
31.510        67
31.520        90
31.530        80
31.540        72
31.550        65
31.560        78
31.570        80
31.580        60
31.590        80
31.600        57
31.610        72
31.620        75
31.630        60
31.640        47
31.650        65
31.660        48
31.670        50
31.680        35
31.690        42
31.700        48
31.710        38
31.720        37
31.730        45
31.740        38
31.750        43
31.760        30
31.770        32
31.780        40
31.790        30
31.800        38
31.810        37
31.820        50
31.830        48
31.840        28
31.850        37
31.860        37
31.870        35
31.880        38
31.890        47
31.900        40
31.910        52
31.920        47
31.930        40
31.940        42
31.950        58
31.960        45
31.970        52
31.980        45
31.990        55
32.000        73
32.010        53
32.020        30
32.030        52
32.040        47
32.050        58
32.060        68
32.070        77
32.080        65
32.090        72
32.100        87
32.110        63
32.120        75
32.130       100
32.140        68
32.150        80
32.160        60
32.170        63
32.180        60
32.190        53
32.200        52
32.210        50
32.220        45
32.230        70
32.240        52
32.250        52
32.260        47
32.270        47
32.280        65
32.290        48
32.300        53
32.310        48
32.320        45
32.330        50
32.340        48
32.350        35
32.360        42
32.370        58
32.380        42
32.390        60
32.400        82
32.410        70
32.420        60
32.430        53
32.440        60
32.450        53
32.460        53
32.470        43
32.480        58
32.490        37
32.500        62
32.510        55
32.520        38
32.530        52
32.540        48
32.550        43
32.560        27
32.570        40
32.580        40
32.590        30
32.600        23
32.610        33
32.620        27
32.630        33
32.640        42
32.650        35
32.660        30
32.670        18
32.680        33
32.690        33
32.700        37
32.710        28
32.720        33
32.730        30
32.740        37
32.750        47
32.760        45
32.770        43
32.780        33
32.790        32
32.800        42
32.810        45
32.820        50
32.830        57
32.840        68
32.850        57
32.860        58
32.870        48
32.880        70
32.890        87
32.900        97
32.910        70
32.920        93
32.930        77
32.940        92
32.950        78
32.960       105
32.970        72
32.980        88
32.990        87
33.000        75
33.010       113
33.020        62
33.030        73
33.040        85
33.050        70
33.060        73
33.070        68
33.080        63
33.090        55
33.100        53
33.110        45
33.120        37
33.130        48
33.140        45
33.150        57
33.160        42
33.170        62
33.180        50
33.190        52
33.200        43
33.210        27
33.220        35
33.230        52
33.240        37
33.250        50
33.260        45
33.270        42
33.280        40
33.290        47
33.300        32
33.310        37
33.320        47
33.330        43
33.340        30
33.350        28
33.360        42
33.370        38
33.380        47
33.390        38
33.400        40
33.410        25
33.420        23
33.430        33
33.440        38
33.450        22
33.460        38
33.470        17
33.480        22
33.490        28
33.500        28
33.510        18
33.520        25
33.530        32
33.540        22
33.550        25
33.560        25
33.570        27
33.580        28
33.590        38
33.600        32
33.610        22
33.620        20
33.630        27
33.640        35
33.650        18
33.660        33
33.670        42
33.680        28
33.690        17
33.700        18
33.710        28
33.720        23
33.730        23
33.740        25
33.750        43
33.760        30
33.770        32
33.780        35
33.790        20
33.800        23
33.810        37
33.820        30
33.830        33
33.840        38
33.850        43
33.860        35
33.870        38
33.880        48
33.890        32
33.900        32
33.910        42
33.920        45
33.930        38
33.940        47
33.950        43
33.960        32
33.970        43
33.980        38
33.990        47
34.000        52
34.010        42
34.020        53
34.030        40
34.040        55
34.050        70
34.060        70
34.070        53
34.080        47
34.090        52
34.100        65
34.110        67
34.120        43
34.130        38
34.140        53
34.150        55
34.160        57
34.170        50
34.180        43
34.190        40
34.200        40
34.210        28
34.220        47
34.230        50
34.240        47
34.250        38
34.260        52
34.270        43
34.280        32
34.290        52
34.300        45
34.310        32
34.320        53
34.330        42
34.340        27
34.350        42
34.360        42
34.370        35
34.380        37
34.390        48
34.400        55
34.410        45
34.420        35
34.430        37
34.440        47
34.450        38
34.460        37
34.470        35
34.480        37
34.490        50
34.500        40
34.510        38
34.520        57
34.530        50
34.540        57
34.550        57
34.560        43
34.570        73
34.580        60
34.590        77
34.600        70
34.610        75
34.620        85
34.630        72
34.640        55
34.650        67
34.660        53
34.670        77
34.680        77
34.690        63
34.700        77
34.710        50
34.720        80
34.730        57
34.740        47
34.750        60
34.760        40
34.770        45
34.780        35
34.790        52
34.800        47
34.810        57
34.820        42
34.830        57
34.840        37
34.850        27
34.860        37
34.870        42
34.880        38
34.890        48
34.900        53
34.910        52
34.920        65
34.930        52
34.940        50
34.950        58
34.960        63
34.970        77
34.980        70
34.990        92
35.000        80
35.010        78
35.020        88
35.030        85
35.040       103
35.050       102
35.060       102
35.070        88
35.080        68
35.090        78
35.100        75
35.110        67
35.120        85
35.130        95
35.140        97
35.150        50
35.160        62
35.170        63
35.180        75
35.190        60
35.200        58
35.210        73
35.220        63
35.230        70
35.240        80
35.250        65
35.260        53
35.270        72
35.280        82
35.290        47
35.300        93
35.310        78
35.320        63
35.330        55
35.340        65
35.350        67
35.360        55
35.370        43
35.380        53
35.390        75
35.400        43
35.410        40
35.420        43
35.430        33
35.440        28
35.450        42
35.460        28
35.470        27
35.480        42
35.490        35
35.500        33
35.510        48
35.520        52
35.530        33
35.540        38
35.550        27
35.560        38
35.570        40
35.580        35
35.590        50
35.600        50
35.610        38
35.620        33
35.630        35
35.640        37
35.650        33
35.660        38
35.670        18
35.680        42
35.690        37
35.700        28
35.710        33
35.720        25
35.730        30
35.740        32
35.750        35
35.760        35
35.770        30
35.780        32
35.790        30
35.800        28
35.810        35
35.820        25
35.830        20
35.840        12
35.850        23
35.860        27
35.870        23
35.880        28
35.890        22
35.900        17
35.910        28
35.920        30
35.930        28
35.940        22
35.950        22
35.960        35
35.970        30
35.980        28
35.990        28
36.000        13
36.010        18
36.020        37
36.030        38
36.040        48
36.050        32
36.060        37
36.070        30
36.080        48
36.090        48
36.100        33
36.110        50
36.120        33
36.130        32
36.140        58
36.150        55
36.160        43
36.170        33
36.180        50
36.190        42
36.200        52
36.210        42
36.220        38
36.230        52
36.240        48
36.250        45
36.260        35
36.270        33
36.280        42
36.290        43
36.300        32
36.310        33
36.320        37
36.330        45
36.340        28
36.350        22
36.360        40
36.370        35
36.380        30
36.390        32
36.400        27
36.410        42
36.420        32
36.430        25
36.440        27
36.450        35
36.460        30
36.470        37
36.480        25
36.490        28
36.500        32
36.510        37
36.520        40
36.530        28
36.540        37
36.550        33
36.560        43
36.570        32
36.580        30
36.590        50
36.600        28
36.610        40
36.620        38
36.630        28
36.640        32
36.650        27
36.660        33
36.670        27
36.680        33
36.690        37
36.700        20
36.710        22
36.720        25
36.730        25
36.740        28
36.750        18
36.760        35
36.770        37
36.780        38
36.790        22
36.800        25
36.810        22
36.820        35
36.830        23
36.840        33
36.850        33
36.860        27
36.870        30
36.880        38
36.890        33
36.900        28
36.910        38
36.920        50
36.930        18
36.940        23
36.950        30
36.960        38
36.970        35
36.980        35
36.990        43
37.000        27
37.010        33
37.020        35
37.030        40
37.040        35
37.050        33
37.060        25
37.070        20
37.080        23
37.090        32
37.100        22
37.110        22
37.120        35
37.130        32
37.140        43
37.150        40
37.160        43
37.170        33
37.180        35
37.190        35
37.200        33
37.210        32
37.220        32
37.230        40
37.240        52
37.250        40
37.260        35
37.270        55
37.280        33
37.290        40
37.300        45
37.310        48
37.320        42
37.330        37
37.340        33
37.350        50
37.360        43
37.370        40
37.380        30
37.390        30
37.400        38
37.410        20
37.420        40
37.430        25
37.440        35
37.450        23
37.460        35
37.470        27
37.480        20
37.490        20
37.500        25
37.510        30
37.520        30
37.530        22
37.540        20
37.550        28
37.560        20
37.570        30
37.580        22
37.590        28
37.600        18
37.610        22
37.620        25
37.630        30
37.640        15
37.650        35
37.660        23
37.670        27
37.680        32
37.690        33
37.700        22
37.710        33
37.720        17
37.730        23
37.740        25
37.750        38
37.760        25
37.770        33
37.780        33
37.790        32
37.800        43
37.810        43
37.820        40
37.830        35
37.840        57
37.850        35
37.860        45
37.870        52
37.880        62
37.890        38
37.900        60
37.910        42
37.920        55
37.930        62
37.940        47
37.950        58
37.960        47
37.970        50
37.980        55
37.990        22
38.000        45
38.010        52
38.020        52
38.030        40
38.040        42
38.050        57
38.060        65
38.070        45
38.080        35
38.090        35
38.100        43
38.110        48
38.120        53
38.130        40
38.140        33
38.150        42
38.160        52
38.170        35
38.180        40
38.190        33
38.200        17
38.210        28
38.220        28
38.230        37
38.240        38
38.250        23
38.260        23
38.270        32
38.280        23
38.290        22
38.300        25
38.310        38
38.320        28
38.330        27
38.340        35
38.350        32
38.360        40
38.370        35
38.380        30
38.390        40
38.400        30
38.410        32
38.420        40
38.430        37
38.440        48
38.450        25
38.460        47
38.470        42
38.480        38
38.490        58
38.500        47
38.510        23
38.520        52
38.530        58
38.540        47
38.550        53
38.560        30
38.570        50
38.580        42
38.590        57
38.600        40
38.610        58
38.620        53
38.630        35
38.640        60
38.650        40
38.660        42
38.670        38
38.680        47
38.690        30
38.700        42
38.710        37
38.720        40
38.730        28
38.740        33
38.750        42
38.760        43
38.770        47
38.780        52
38.790        40
38.800        43
38.810        28
38.820        50
38.830        52
38.840        52
38.850        53
38.860        42
38.870        43
38.880        43
38.890        45
38.900        42
38.910        42
38.920        58
38.930        68
38.940        53
38.950        43
38.960        53
38.970        55
38.980        52
38.990        63
39.000        50
39.010        27
39.020        75
39.030        72
39.040        63
39.050        58
39.060        95
39.070        48
39.080        55
39.090        63
39.100        53
39.110        48
39.120        60
39.130        65
39.140        48
39.150        42
39.160        55
39.170        62
39.180        62
39.190        65
39.200        62
39.210        57
39.220        40
39.230        52
39.240        35
39.250        37
39.260        50
39.270        70
39.280        57
39.290        58
39.300        57
39.310        55
39.320        50
39.330        50
39.340        30
39.350        32
39.360        45
39.370        35
39.380        40
39.390        50
39.400        42
39.410        38
39.420        28
39.430        40
39.440        35
39.450        43
39.460        50
39.470        43
39.480        52
39.490        33
39.500        53
39.510        40
39.520        57
39.530        42
39.540        48
39.550        48
39.560        33
39.570        30
39.580        40
39.590        47
39.600        58
39.610        40
39.620        42
39.630        45
39.640        42
39.650        47
39.660        65
39.670        57
39.680        45
39.690        58
39.700        43
39.710        50
39.720        42
39.730        55
39.740        40
39.750        32
39.760        25
39.770        55
39.780        35
39.790        52
39.800        32
39.810        37
39.820        25
39.830        40
39.840        42
39.850        52
39.860        43
39.870        42
39.880        65
39.890        58
39.900        47
39.910        58
39.920        85
39.930        65
39.940        92
39.950        48
39.960        68
39.970        70
39.980        70
39.990        53
40.000        47
40.010        47
40.020        65
40.030        63
40.040        55
40.050        55
40.060        42
40.070        52
40.080        60
40.090        63
40.100        40
40.110        45
40.120        43
40.130        58
40.140        35
40.150        45
40.160        42
40.170        27
40.180        50
40.190        48
40.200        40
40.210        55
40.220        33
40.230        40
40.240        32
40.250        28
40.260        40
40.270        23
40.280        47
40.290        40
40.300        38
40.310        33
40.320        33
40.330        28
40.340        38
40.350        33
40.360        33
40.370        40
40.380        37
40.390        23
40.400        52
40.410        32
40.420        43
40.430        57
40.440        32
40.450        33
40.460        35
40.470        48
40.480        38
40.490        52
40.500        48
40.510        48
40.520        40
40.530        40
40.540        42
40.550        55
40.560        45
40.570        47
40.580        48
40.590        38
40.600        50
40.610        37
40.620        42
40.630        50
40.640        62
40.650        28
40.660        50
40.670        25
40.680        52
40.690        45
40.700        52
40.710        40
40.720        42
40.730        50
40.740        47
40.750        50
40.760        48
40.770        45
40.780        47
40.790        60
40.800        55
40.810        50
40.820        58
40.830        45
40.840        62
40.850        55
40.860        43
40.870        48
40.880        58
40.890        37
40.900        43
40.910        47
40.920        25
40.930        48
40.940        57
40.950        32
40.960        30
40.970        40
40.980        37
40.990        42
41.000        30
41.010        32
41.020        35
41.030        18
41.040        17
41.050        32
41.060        38
41.070        28
41.080        35
41.090        22
41.100        20
41.110        32
41.120        23
41.130        15
41.140        38
41.150        38
41.160        25
41.170        33
41.180        17
41.190        17
41.200        20
41.210        23
41.220        28
41.230        33
41.240        35
41.250        30
41.260        27
41.270        32
41.280        27
41.290        40
41.300        28
41.310        35
41.320        15
41.330        20
41.340        37
41.350        38
41.360        25
41.370        42
41.380        23
41.390        35
41.400        32
41.410        30
41.420        32
41.430        48
41.440        40
41.450        42
41.460        28
41.470        28
41.480        28
41.490        25
41.500        33
41.510        22
41.520        40
41.530        23
41.540        38
41.550        28
41.560        33
41.570        30
41.580        33
41.590        33
41.600        33
41.610        23
41.620        43
41.630        23
41.640        30
41.650        20
41.660        23
41.670        43
41.680        28
41.690        27
41.700        18
41.710        22
41.720        32
41.730        23
41.740        23
41.750        32
41.760        15
41.770        18
41.780        28
41.790        27
41.800        15
41.810        27
41.820        32
41.830        20
41.840        33
41.850        40
41.860        18
41.870        23
41.880        32
41.890        17
41.900        30
41.910        25
41.920        25
41.930        42
41.940        27
41.950        27
41.960        27
41.970        25
41.980        33
41.990        27
42.000        28
42.010        23
42.020        43
42.030        32
42.040        33
42.050        25
42.060        25
42.070        22
42.080        30
42.090        35
42.100        25
42.110        38
42.120        43
42.130        22
42.140        33
42.150        38
42.160        28
42.170        20
42.180        22
42.190        47
42.200        25
42.210        35
42.220        42
42.230        25
42.240        23
42.250        40
42.260        38
42.270        23
42.280        37
42.290        22
42.300        35
42.310        25
42.320        32
42.330        25
42.340        22
42.350        40
42.360        23
42.370        40
42.380        33
42.390        23
42.400        30
42.410        28
42.420        50
42.430        22
42.440        37
42.450        30
42.460        32
42.470        27
42.480        37
42.490        25
42.500        37
42.510        23
42.520        17
42.530        15
42.540        40
42.550        23
42.560        27
42.570        22
42.580        33
42.590        23
42.600        20
42.610        20
42.620        38
42.630        33
42.640        27
42.650        22
42.660        23
42.670        17
42.680        23
42.690        30
42.700        18
42.710        18
42.720        18
42.730        30
42.740        38
42.750        20
42.760        18
42.770        25
42.780        35
42.790        33
42.800        30
42.810        25
42.820        28
42.830        17
42.840        30
42.850        38
42.860        27
42.870        17
42.880        23
42.890        27
42.900        18
42.910        33
42.920        17
42.930        28
42.940        37
42.950        13
42.960        30
42.970        23
42.980        28
42.990        38
43.000        38
43.010        40
43.020        37
43.030        43
43.040        32
43.050        33
43.060        30
43.070        12
43.080        33
43.090        12
43.100        30
43.110        28
43.120        32
43.130        37
43.140        40
43.150        52
43.160        30
43.170        33
43.180        33
43.190        35
43.200        35
43.210        28
43.220        43
43.230        23
43.240        30
43.250        42
43.260        28
43.270        33
43.280        32
43.290        18
43.300        20
43.310        38
43.320        30
43.330        28
43.340        32
43.350        35
43.360        37
43.370        28
43.380        38
43.390        32
43.400        32
43.410        18
43.420        25
43.430        37
43.440        28
43.450        33
43.460        23
43.470        23
43.480        30
43.490        32
43.500        37
43.510        28
43.520        22
43.530        20
43.540        52
43.550        23
43.560        22
43.570        27
43.580        27
43.590        25
43.600        23
43.610        32
43.620        25
43.630        27
43.640        27
43.650        30
43.660        22
43.670        23
43.680        27
43.690        33
43.700        25
43.710        22
43.720        32
43.730        28
43.740        28
43.750        22
43.760        22
43.770        28
43.780        32
43.790        33
43.800        18
43.810        28
43.820        25
43.830        25
43.840        40
43.850        32
43.860        35
43.870        37
43.880        37
43.890        23
43.900        30
43.910        35
43.920        35
43.930        33
43.940        28
43.950        38
43.960        40
43.970        38
43.980        30
43.990        27
44.000        20
44.010        35
44.020        27
44.030        28
44.040        32
44.050        32
44.060        28
44.070        48
44.080        28
44.090        25
44.100        27
44.110        37
44.120        23
44.130        30
44.140        33
44.150        52
44.160        32
44.170        47
44.180        48
44.190        35
44.200        37
44.210        53
44.220        38
44.230        43
44.240        32
44.250        40
44.260        30
44.270        50
44.280        37
44.290        38
44.300        38
44.310        48
44.320        47
44.330        35
44.340        45
44.350        15
44.360        42
44.370        30
44.380        28
44.390        25
44.400        23
44.410        35
44.420        33
44.430        35
44.440        32
44.450        38
44.460        23
44.470        33
44.480        43
44.490        28
44.500        43
44.510        42
44.520        40
44.530        35
44.540        27
44.550        25
44.560        35
44.570        42
44.580        45
44.590        32
44.600        30
44.610        37
44.620        38
44.630        30
44.640        48
44.650        23
44.660        28
44.670        37
44.680        38
44.690        45
44.700        35
44.710        23
44.720        42
44.730        33
44.740        45
44.750        28
44.760        37
44.770        33
44.780        38
44.790        30
44.800        27
44.810        45
44.820        42
44.830        32
44.840        38
44.850        42
44.860        43
44.870        53
44.880        53
44.890        45
44.900        42
44.910        58
44.920        57
44.930        55
44.940        50
44.950        58
44.960        58
44.970        65
44.980        70
44.990        65
45.000        63
45.010        55
45.020        47
45.030        70
45.040        67
45.050        63
45.060        60
45.070        62
45.080        50
45.090        58
45.100        50
45.110        62
45.120        58
45.130        52
45.140        48
45.150        52
45.160        37
45.170        47
45.180        48
45.190        58
45.200        60
45.210        55
45.220        53
45.230        55
45.240        30
45.250        53
45.260        40
45.270        48
45.280        47
45.290        33
45.300        40
45.310        32
45.320        28
45.330        45
45.340        37
45.350        42
45.360        45
45.370        35
45.380        35
45.390        35
45.400        42
45.410        20
45.420        35
45.430        27
45.440        38
45.450        23
45.460        30
45.470        38
45.480        38
45.490        27
45.500        30
45.510        23
45.520        28
45.530        37
45.540        35
45.550        37
45.560        45
45.570        37
45.580        32
45.590        33
45.600        40
45.610        60
45.620        40
45.630        42
45.640        42
45.650        48
45.660        53
45.670        50
45.680        45
45.690        58
45.700        62
45.710        75
45.720        50
45.730        67
45.740        63
45.750        50
45.760        60
45.770        62
45.780        53
45.790        40
45.800        55
45.810        40
45.820        57
45.830        55
45.840        47
45.850        38
45.860        47
45.870        35
45.880        28
45.890        50
45.900        47
45.910        23
45.920        40
45.930        32
45.940        25
45.950        38
45.960        33
45.970        37
45.980        52
45.990        27
46.000        35
46.010        33
46.020        30
46.030        35
46.040        37
46.050        37
46.060        35
46.070        55
46.080        23
46.090        47
46.100        42
46.110        42
46.120        52
46.130        42
46.140        60
46.150        38
46.160        60
46.170        37
46.180        57
46.190        48
46.200        38
46.210        38
46.220        57
46.230        63
46.240        55
46.250        30
46.260        48
46.270        37
46.280        65
46.290        40
46.300        48
46.310        38
46.320        42
46.330        50
46.340        30
46.350        32
46.360        27
46.370        60
46.380        35
46.390        25
46.400        30
46.410        33
46.420        30
46.430        23
46.440        33
46.450        32
46.460        25
46.470        25
46.480        25
46.490        28
46.500        38
46.510        28
46.520        23
46.530        28
46.540        13
46.550        22
46.560        23
46.570        30
46.580        33
46.590        20
46.600        30
46.610        35
46.620        40
46.630        37
46.640        33
46.650        25
46.660        35
46.670        28
46.680        27
46.690        22
46.700        37
46.710        37
46.720        40
46.730        35
46.740        23
46.750        30
46.760        18
46.770        33
46.780        38
46.790        25
46.800        32
46.810        23
46.820        17
46.830        42
46.840        22
46.850        23
46.860        32
46.870        23
46.880        20
46.890        27
46.900        30
46.910        27
46.920        32
46.930        12
46.940        28
46.950        23
46.960        33
46.970        42
46.980        28
46.990        18
47.000        25
47.010        25
47.020        32
47.030        37
47.040        23
47.050        25
47.060        32
47.070        47
47.080        48
47.090        30
47.100        28
47.110        30
47.120        37
47.130        28
47.140        35
47.150        30
47.160        20
47.170        38
47.180        35
47.190        33
47.200        27
47.210        40
47.220        43
47.230        30
47.240        23
47.250        22
47.260        23
47.270        25
47.280        27
47.290        27
47.300        28
47.310        33
47.320        23
47.330        22
47.340        30
47.350        23
47.360        20
47.370        20
47.380        15
47.390        47
47.400        30
47.410        13
47.420        20
47.430        20
47.440        23
47.450        17
47.460        22
47.470        23
47.480        10
47.490        20
47.500        13
47.510        32
47.520        28
47.530        10
47.540        17
47.550        20
47.560        17
47.570        17
47.580        28
47.590        33
47.600        18
47.610        28
47.620        27
47.630        27
47.640        25
47.650        35
47.660        33
47.670        32
47.680        28
47.690        35
47.700        32
47.710        35
47.720        25
47.730        27
47.740        32
47.750        27
47.760        27
47.770        30
47.780        28
47.790        23
47.800        18
47.810        32
47.820        37
47.830        27
47.840        42
47.850        33
47.860        20
47.870        42
47.880        32
47.890        27
47.900        28
47.910        30
47.920        28
47.930        27
47.940        28
47.950        23
47.960        33
47.970        27
47.980        20
47.990        27
48.000        13
48.010        27
48.020        17
48.030        17
48.040        13
48.050        18
48.060        18
48.070        17
48.080        27
48.090        13
48.100        22
48.110        35
48.120        23
48.130        15
48.140        18
48.150        22
48.160        13
48.170        28
48.180        27
48.190        33
48.200        40
48.210        25
48.220        18
48.230        28
48.240        25
48.250        25
48.260        32
48.270        32
48.280         8
48.290        13
48.300        22
48.310        30
48.320        20
48.330        18
48.340        15
48.350        28
48.360        22
48.370        30
48.380        12
48.390        27
48.400        20
48.410        18
48.420        25
48.430        12
48.440        13
48.450        20
48.460        20
48.470        15
48.480        20
48.490        17
48.500        28
48.510        25
48.520        32
48.530        25
48.540        23
48.550        20
48.560        23
48.570        32
48.580        27
48.590        37
48.600        20
48.610        27
48.620        20
48.630        37
48.640        23
48.650        30
48.660        38
48.670        30
48.680        40
48.690        35
48.700        20
48.710        30
48.720        30
48.730        32
48.740        32
48.750        28
48.760        37
48.770        20
48.780        35
48.790        40
48.800        48
48.810        40
48.820        28
48.830        38
48.840        28
48.850        38
48.860        15
48.870        27
48.880        38
48.890        33
48.900        33
48.910        25
48.920        23
48.930        40
48.940        30
48.950        37
48.960        28
48.970        33
48.980        27
48.990        27
49.000        23
49.010        18
49.020        22
49.030        18
49.040        25
49.050        13
49.060        20
49.070        25
49.080        23
49.090        22
49.100        27
49.110        12
49.120        25
49.130        27
49.140        18
49.150        25
49.160         8
49.170        20
49.180        13
49.190        15
49.200        30
49.210        17
49.220        17
49.230        18
49.240        20
49.250        12
49.260        22
49.270        25
49.280        20
49.290        23
49.300        28
49.310        20
49.320        33
49.330        23
49.340        22
49.350        27
49.360        38
49.370        70
49.380        27
49.390        25
49.400        25
49.410        22
49.420        32
49.430        20
49.440        17
49.450        22
49.460        22
49.470        27
49.480        30
49.490        32
49.500        33
49.510        25
49.520        23
49.530        25
49.540        47
49.550        15
49.560        30
49.570        33
49.580        27
49.590        28
49.600        28
49.610        33
49.620        23
49.630        38
49.640        50
49.650        22
49.660        35
49.670        38
49.680        30
49.690        28
49.700        32
49.710        38
49.720        28
49.730        38
49.740        37
49.750        38
49.760        23
49.770        32
49.780        35
49.790        30
49.800        25
49.810        32
49.820        28
49.830        32
49.840        32
49.850        28
49.860        40
49.870        28
49.880        27
49.890        25
49.900        25
49.910        42
49.920        32
49.930        18
49.940        35
49.950        38
49.960        33
49.970        23
49.980        42
49.990        27
50.000        47
50.010        27
50.020        45
50.030        30
50.040        27
50.050        30
50.060        25
50.070        37
50.080        25
50.090        32
50.100        20
50.110        22
50.120        32
50.130        17
50.140        33
50.150        37
50.160        28
50.170        30
50.180        22
50.190        30
50.200        27
50.210        22
50.220        42
50.230        37
50.240        32
50.250        30
50.260        43
50.270        35
50.280        48
50.290        33
50.300        40
50.310        38
50.320        28
50.330        40
50.340        35
50.350        30
50.360        35
50.370        48
50.380        20
50.390        40
50.400        42
50.410        42
50.420        40
50.430        30
50.440        32
50.450        32
50.460        30
50.470        23
50.480        43
50.490        28
50.500        43
50.510        52
50.520        20
50.530        27
50.540        33
50.550        25
50.560        22
50.570        28
50.580        28
50.590        28
50.600        18
50.610        22
50.620        45
50.630        33
50.640        27
50.650        27
50.660        25
50.670        45
50.680        22
50.690        43
50.700        37
50.710        30
50.720        33
50.730        30
50.740        25
50.750        32
50.760        37
50.770        47
50.780        33
50.790        52
50.800        42
50.810        30
50.820        30
50.830        47
50.840        27
50.850        27
50.860        35
50.870        47
50.880        35
50.890        35
50.900        37
50.910        38
50.920        42
50.930        45
50.940        55
50.950        57
50.960        40
50.970        38
50.980        35
50.990        27
51.000        38
51.010        40
51.020        32
51.030        35
51.040        32
51.050        37
51.060        30
51.070        43
51.080        33
51.090        22
51.100        25
51.110        30
51.120        47
51.130        23
51.140        38
51.150        30
51.160        28
51.170        37
51.180        25
51.190        13
51.200        23
51.210        30
51.220        18
51.230        30
51.240        23
51.250        23
51.260        32
51.270        30
51.280        30
51.290        20
51.300        22
51.310        25
51.320        28
51.330        13
51.340        33
51.350        38
51.360        30
51.370        23
51.380        23
51.390        22
51.400        37
51.410        18
51.420        35
51.430        48
51.440        25
51.450        18
51.460        28
51.470        20
51.480        25
51.490        42
51.500        32
51.510        18
51.520        37
51.530        28
51.540        35
51.550        35
51.560        37
51.570        35
51.580        22
51.590        25
51.600        33
51.610        25
51.620        32
51.630        27
51.640        38
51.650        33
51.660        27
51.670        25
51.680        30
51.690        33
51.700        35
51.710        40
51.720        20
51.730        23
51.740        25
51.750        32
51.760        28
51.770        40
51.780        25
51.790        38
51.800        28
51.810        18
51.820        17
51.830        30
51.840        27
51.850        17
51.860        25
51.870        37
51.880        30
51.890        23
51.900        28
51.910        22
51.920        25
51.930        22
51.940        25
51.950        23
51.960        13
51.970        23
51.980        27
51.990        15
52.000        18
52.010        25
52.020        27
52.030        17
52.040        22
52.050        22
52.060        15
52.070        18
52.080        15
52.090        15
52.100        22
52.110        10
52.120        23
52.130        15
52.140        22
52.150        25
52.160        13
52.170        30
52.180        22
52.190        17
52.200        22
52.210        30
52.220        10
52.230        18
52.240        17
52.250        20
52.260        22
52.270        17
52.280        13
52.290        13
52.300         7
52.310        18
52.320        28
52.330        18
52.340        13
52.350        25
52.360        30
52.370        28
52.380        38
52.390        15
52.400        30
52.410        30
52.420        22
52.430        23
52.440        18
52.450        23
52.460        32
52.470        25
52.480        28
52.490        18
52.500         5
52.510        25
52.520        13
52.530        18
52.540        23
52.550        25
52.560        28
52.570        23
52.580        17
52.590        30
52.600        18
52.610        23
52.620        38
52.630        32
52.640        28
52.650        23
52.660        28
52.670        25
52.680        27
52.690        37
52.700        28
52.710        28
52.720        22
52.730        27
52.740        18
52.750        20
52.760        28
52.770        27
52.780        23
52.790        30
52.800        28
52.810        27
52.820        33
52.830        25
52.840        28
52.850        37
52.860        35
52.870        38
52.880        48
52.890        22
52.900        42
52.910        32
52.920        20
52.930        48
52.940        37
52.950        38
52.960        30
52.970        35
52.980        28
52.990        27
53.000        33
53.010        45
53.020        48
53.030        35
53.040        33
53.050        33
53.060        33
53.070        33
53.080        40
53.090        27
53.100        43
53.110        33
53.120        53
53.130        23
53.140        42
53.150        35
53.160        38
53.170        35
53.180        45
53.190        48
53.200        43
53.210        42
53.220        43
53.230        35
53.240        23
53.250        38
53.260        30
53.270        28
53.280        25
53.290        28
53.300        33
53.310        27
53.320        28
53.330        27
53.340        35
53.350        27
53.360        28
53.370        22
53.380        33
53.390        23
53.400        17
53.410        12
53.420        22
53.430        18
53.440        37
53.450        17
53.460        25
53.470        23
53.480        30
53.490        27
53.500        28
53.510        13
53.520        27
53.530        18
53.540        17
53.550        25
53.560        13
53.570        25
53.580        28
53.590        33
53.600        22
53.610        18
53.620        27
53.630        15
53.640        13
53.650        13
53.660        30
53.670        22
53.680        30
53.690        30
53.700        37
53.710        18
53.720        30
53.730        32
53.740        32
53.750        27
53.760        25
53.770        30
53.780        25
53.790        28
53.800        33
53.810        28
53.820        23
53.830        27
53.840        20
53.850        30
53.860        33
53.870        47
53.880        45
53.890        30
53.900        35
53.910        38
53.920        37
53.930        33
53.940        13
53.950        27
53.960        40
53.970        25
53.980        37
53.990        33
54.000        23
54.010        28
54.020        25
54.030        32
54.040        23
54.050        25
54.060        22
54.070        37
54.080        38
54.090        30
54.100        28
54.110        27
54.120        32
54.130        30
54.140        18
54.150        33
54.160        28
54.170        27
54.180        33
54.190        30
54.200        30
54.210        27
54.220        30
54.230        35
54.240        43
54.250        18
54.260        43
54.270        47
54.280        33
54.290        43
54.300        42
54.310        42
54.320        48
54.330        32
54.340        37
54.350        33
54.360        55
54.370        27
54.380        40
54.390        60
54.400        48
54.410        27
54.420        40
54.430        42
54.440        47
54.450        33
54.460        37
54.470        33
54.480        52
54.490        50
54.500        47
54.510        37
54.520        25
54.530        45
54.540        45
54.550        35
54.560        32
54.570        45
54.580        23
54.590        42
54.600        40
54.610        40
54.620        35
54.630        45
54.640        43
54.650        42
54.660        28
54.670        45
54.680        32
54.690        33
54.700        30
54.710        42
54.720        35
54.730        25
54.740        20
54.750        30
54.760        42
54.770        23
54.780        28
54.790        27
54.800        28
54.810        25
54.820        32
54.830        18
54.840        27
54.850        37
54.860        25
54.870        35
54.880        32
54.890        23
54.900        48
54.910        27
54.920        27
54.930        37
54.940        25
54.950        30
54.960        33
54.970        40
54.980        32
54.990        27
55.000        22
55.010        33
55.020        38
55.030        33
55.040        28
55.050        40
55.060        27
55.070        37
55.080        18
55.090        23
55.100        30
55.110        23
55.120        20
55.130        37
55.140        28
55.150        25
55.160        28
55.170        43
55.180        13
55.190        35
55.200        37
55.210        23
55.220        38
55.230        30
55.240        32
55.250        28
55.260        42
55.270        32
55.280        32
55.290        27
55.300        27
55.310        25
55.320        28
55.330        30
55.340        28
55.350        53
55.360        27
55.370        20
55.380        38
55.390        17
55.400        20
55.410        25
55.420        22
55.430        38
55.440        13
55.450        25
55.460        25
55.470        17
55.480        30
55.490        30
55.500        23
55.510        22
55.520        22
55.530        30
55.540        23
55.550        30
55.560        35
55.570        23
55.580        28
55.590        23
55.600        23
55.610        18
55.620        23
55.630        30
55.640        25
55.650        27
55.660        25
55.670        38
55.680        18
55.690        25
55.700        20
55.710        30
55.720        17
55.730        17
55.740        23
55.750        22
55.760        30
55.770        17
55.780        20
55.790        13
55.800        25
55.810        23
55.820        23
55.830        15
55.840        23
55.850        37
55.860        33
55.870        13
55.880        38
55.890        30
55.900        25
55.910        25
55.920        18
55.930        23
55.940        28
55.950        33
55.960        23
55.970        30
55.980        37
55.990        28
56.000        53
56.010        23
56.020        37
56.030        27
56.040        35
56.050        38
56.060        53
56.070        47
56.080        37
56.090        45
56.100        50
56.110        43
56.120        38
56.130        45
56.140        37
56.150        45
56.160        38
56.170        48
56.180        60
56.190        45
56.200        55
56.210        60
56.220        38
56.230        37
56.240        52
56.250        32
56.260        37
56.270        57
56.280        32
56.290        52
56.300        35
56.310        45
56.320        42
56.330        37
56.340        25
56.350        27
56.360        35
56.370        38
56.380        32
56.390        37
56.400        30
56.410        25
56.420        32
56.430        38
56.440        27
56.450        18
56.460        22
56.470        35
56.480        25
56.490        30
56.500        28
56.510        45
56.520        28
56.530        32
56.540        33
56.550        37
56.560        30
56.570        35
56.580        32
56.590        43
56.600        35
56.610        35
56.620        48
56.630        43
56.640        57
56.650        27
56.660        45
56.670        42
56.680        28
56.690        40
56.700        23
56.710        37
56.720        33
56.730        18
56.740        37
56.750        35
56.760        35
56.770        38
56.780        30
56.790        38
56.800        32
56.810        32
56.820        23
56.830        35
56.840        40
56.850        35
56.860        22
56.870        33
56.880        32
56.890        33
56.900        20
56.910        35
56.920        30
56.930        27
56.940        18
56.950        27
56.960        20
56.970        37
56.980        27
56.990        27
57.000        30
57.010        22
57.020        22
57.030        25
57.040        32
57.050        27
57.060        25
57.070        38
57.080        15
57.090        23
57.100        23
57.110        28
57.120        27
57.130        27
57.140        23
57.150        42
57.160        28
57.170        30
57.180        48
57.190        23
57.200        28
57.210        32
57.220        30
57.230        20
57.240        33
57.250        20
57.260        15
57.270        40
57.280        32
57.290        27
57.300        52
57.310        40
57.320        37
57.330        45
57.340        32
57.350        22
57.360        30
57.370        30
57.380        27
57.390        38
57.400        28
57.410        32
57.420        40
57.430        30
57.440        45
57.450        27
57.460        32
57.470        38
57.480        43
57.490        28
57.500        43
57.510        40
57.520        35
57.530        37
57.540        35
57.550        28
57.560        20
57.570        28
57.580        38
57.590        28
57.600        38
57.610        25
57.620        32
57.630        27
57.640        35
57.650        27
57.660        28
57.670        28
57.680        40
57.690        23
57.700        23
57.710        28
57.720        43
57.730        37
57.740        33
57.750        17
57.760        28
57.770        23
57.780        33
57.790        22
57.800        20
57.810        18
57.820        23
57.830        33
57.840        20
57.850        27
57.860        43
57.870        23
57.880        23
57.890        22
57.900        40
57.910        30
57.920        28
57.930        32
57.940        25
57.950        35
57.960        33
57.970        38
57.980        30
57.990        40
58.000        30
58.010        43
58.020        33
58.030        40
58.040        23
58.050        28
58.060        30
58.070        22
58.080        45
58.090        48
58.100        42
58.110        38
58.120        27
58.130        43
58.140        47
58.150        45
58.160        42
58.170        22
58.180        42
58.190        33
58.200        23
58.210        27
58.220        32
58.230        33
58.240        42
58.250        20
58.260        25
58.270        28
58.280        28
58.290        18
58.300        32
58.310        30
58.320        35
58.330        30
58.340        27
58.350        27
58.360        27
58.370        30
58.380        18
58.390        22
58.400        13
58.410        27
58.420        20
58.430        33
58.440        30
58.450        25
58.460        23
58.470        33
58.480        30
58.490        32
58.500        27
58.510        18
58.520        25
58.530        18
58.540        30
58.550        18
58.560        27
58.570        32
58.580        28
58.590        32
58.600        37
58.610        35
58.620        25
58.630        30
58.640        28
58.650        25
58.660        28
58.670        40
58.680        40
58.690        38
58.700        33
58.710        27
58.720        30
58.730        37
58.740        27
58.750        23
58.760        22
58.770        32
58.780        30
58.790        33
58.800        23
58.810        30
58.820        18
58.830        43
58.840        17
58.850        32
58.860        28
58.870        25
58.880        30
58.890        27
58.900        25
58.910        13
58.920        30
58.930        43
58.940        13
58.950        28
58.960        27
58.970        38
58.980        12
58.990        18
59.000        22
59.010        33
59.020        20
59.030        35
59.040        30
59.050        18
59.060        17
59.070        28
59.080        27
59.090        28
59.100        22
59.110        28
59.120        25
59.130        10
59.140        28
59.150        28
59.160        22
59.170        35
59.180        40
59.190        28
59.200        37
59.210        25
59.220        27
59.230        20
59.240        20
59.250        18
59.260        20
59.270        17
59.280        23
59.290        22
59.300        12
59.310        18
59.320        23
59.330        12
59.340        12
59.350        17
59.360        25
59.370        13
59.380        25
59.390        27
59.400        18
59.410        20
59.420        23
59.430        22
59.440        22
59.450        20
59.460        20
59.470        27
59.480        22
59.490        23
59.500        15
59.510        17
59.520        17
59.530        20
59.540        35
59.550        22
59.560        23
59.570        32
59.580        23
59.590        22
59.600        28
59.610        30
59.620        33
59.630        18
59.640        30
59.650        37
59.660        30
59.670        20
59.680        23
59.690        17
59.700        32
59.710        18
59.720        32
59.730        28
59.740        23
59.750        18
59.760         8
59.770        20
59.780        23
59.790        37
59.800        20
59.810        17
59.820        30
59.830        22
59.840        40
59.850        35
59.860        25
59.870        27
59.880        25
59.890        23
59.900        27
59.910        25
59.920        22
59.930        15
59.940        23
59.950        18
59.960        25
59.970        22
59.980        15
59.990        27
60.000        33
60.010        23
60.020        20
60.030        18
60.040        28
60.050        25
60.060        25
60.070        23
60.080        20
60.090        27
60.100        15
60.110        23
60.120        22
60.130        17
60.140        28
60.150        28
60.160        18
60.170        15
60.180        18
60.190        28
60.200        20
60.210        27
60.220        28
60.230        22
60.240        25
60.250        20
60.260        23
60.270        17
60.280        27
60.290        27
60.300        22
60.310        38
60.320        17
60.330        18
60.340        25
60.350        28
60.360        33
60.370        30
60.380        13
60.390        42
60.400        28
60.410        42
60.420        23
60.430        18
60.440        35
60.450        30
60.460        28
60.470        35
60.480        32
60.490        40
60.500        27
60.510        23
60.520        35
60.530        45
60.540        27
60.550        22
60.560        25
60.570        18
60.580        30
60.590        20
60.600        35
60.610        35
60.620        30
60.630        20
60.640        30
60.650        25
60.660        18
60.670        28
60.680        35
60.690        22
60.700        22
60.710        17
60.720        23
60.730        30
60.740        20
60.750        25
60.760        10
60.770        15
60.780        15
60.790        12
60.800        25
60.810        25
60.820        20
60.830        20
60.840        15
60.850        18
60.860        15
60.870        18
60.880        23
60.890        22
60.900        15
60.910        18
60.920        15
60.930        18
60.940        23
60.950        27
60.960        28
60.970        23
60.980        27
60.990        18
61.000        25
61.010        25
61.020        23
61.030        12
61.040        22
61.050        30
61.060        33
61.070        23
61.080         8
61.090        17
61.100        25
61.110        18
61.120        25
61.130        28
61.140        28
61.150        23
61.160        27
61.170        17
61.180        28
61.190        22
61.200        22
61.210        28
61.220        33
61.230        32
61.240        25
61.250        23
61.260        37
61.270        27
61.280        23
61.290        17
61.300        32
61.310        38
61.320        32
61.330        35
61.340        27
61.350        22
61.360        25
61.370        32
61.380        27
61.390        27
61.400        25
61.410        37
61.420        25
61.430        25
61.440        32
61.450        37
61.460        32
61.470        23
61.480        28
61.490        22
61.500        35
61.510        22
61.520        28
61.530        25
61.540        22
61.550        27
61.560        18
61.570        20
61.580        23
61.590        27
61.600        18
61.610        23
61.620        28
61.630        23
61.640        18
61.650        27
61.660        22
61.670        25
61.680        30
61.690        18
61.700        15
61.710        18
61.720        27
61.730        27
61.740        32
61.750        28
61.760        25
61.770        28
61.780        23
61.790        30
61.800        25
61.810        12
61.820        15
61.830        30
61.840        13
61.850        17
61.860        18
61.870        28
61.880        30
61.890        18
61.900        15
61.910         7
61.920        23
61.930        18
61.940        20
61.950        27
61.960        18
61.970        23
61.980        23
61.990        22
62.000        27
62.010        18
62.020        20
62.030        22
62.040        25
62.050        25
62.060        12
62.070        18
62.080        15
62.090        15
62.100        28
62.110        23
62.120        20
62.130        30
62.140        37
62.150        23
62.160        35
62.170        23
62.180        13
62.190        18
62.200        23
62.210        22
62.220        33
62.230        22
62.240        27
62.250        23
62.260        33
62.270        27
62.280        30
62.290        33
62.300        28
62.310        42
62.320        47
62.330        37
62.340        42
62.350        28
62.360        22
62.370        37
62.380        25
62.390        27
62.400        32
62.410        33
62.420        27
62.430        18
62.440        40
62.450        23
62.460        23
62.470        30
62.480        12
62.490        23
62.500        32
62.510        33
62.520        25
62.530        20
62.540        12
62.550         7
62.560        32
62.570        22
62.580        17
62.590        25
62.600        20
62.610        20
62.620        28
62.630        20
62.640        28
62.650        17
62.660        13
62.670        22
62.680        15
62.690        25
62.700        23
62.710        17
62.720        17
62.730        18
62.740        27
62.750        23
62.760        27
62.770        25
62.780        23
62.790        18
62.800        18
62.810        25
62.820        28
62.830        23
62.840        28
62.850        28
62.860        20
62.870        20
62.880        28
62.890        30
62.900        30
62.910        30
62.920        50
62.930        23
62.940        17
62.950        22
62.960        17
62.970        20
62.980        22
62.990        23
63.000        23
63.010        22
63.020        23
63.030        22
63.040        28
63.050        25
63.060        25
63.070        17
63.080        32
63.090        35
63.100        20
63.110        37
63.120        27
63.130        38
63.140        18
63.150        30
63.160        22
63.170        25
63.180        33
63.190        25
63.200        22
63.210        27
63.220        22
63.230        20
63.240        25
63.250        20
63.260        30
63.270        13
63.280        23
63.290        28
63.300        10
63.310        20
63.320        32
63.330        25
63.340        22
63.350        25
63.360        22
63.370        12
63.380        18
63.390        33
63.400        32
63.410        20
63.420        28
63.430        17
63.440        23
63.450        17
63.460        20
63.470        30
63.480        22
63.490        25
63.500        38
63.510        27
63.520        18
63.530        18
63.540        23
63.550        23
63.560        27
63.570        28
63.580        40
63.590        22
63.600        23
63.610        32
63.620        25
63.630        22
63.640        30
63.650        37
63.660        23
63.670        25
63.680        20
63.690        28
63.700        13
63.710        22
63.720        12
63.730        20
63.740        35
63.750        18
63.760        30
63.770        28
63.780        28
63.790        38
63.800        30
63.810        35
63.820        18
63.830        25
63.840        27
63.850        33
63.860        30
63.870        22
63.880        30
63.890        32
63.900        22
63.910        18
63.920        27
63.930        35
63.940        28
63.950        22
63.960        25
63.970        30
63.980        28
63.990        18
64.000        23
64.010        22
64.020        23
64.030        25
64.040        28
64.050        23
64.060        22
64.070        27
64.080        33
64.090        27
64.100        30
64.110        17
64.120        13
64.130        23
64.140        25
64.150        25
64.160        22
64.170        30
64.180        25
64.190        12
64.200        25
64.210        28
64.220        17
64.230        33
64.240        30
64.250        25
64.260        28
64.270        18
64.280        17
64.290        45
64.300        27
64.310        33
64.320        27
64.330        23
64.340        23
64.350        10
64.360        22
64.370        22
64.380        30
64.390         8
64.400        17
64.410        25
64.420        33
64.430        27
64.440        15
64.450        32
64.460        22
64.470        22
64.480        18
64.490        38
64.500        27
64.510        22
64.520        18
64.530        22
64.540        22
64.550        22
64.560        18
64.570        17
64.580        13
64.590        10
64.600        22
64.610        23
64.620        23
64.630        17
64.640        13
64.650        18
64.660        27
64.670        28
64.680        10
64.690        23
64.700        22
64.710        28
64.720        27
64.730        27
64.740        18
64.750        25
64.760        33
64.770        23
64.780        30
64.790        32
64.800        25
64.810        27
64.820        30
64.830        15
64.840        23
64.850        27
64.860        28
64.870        28
64.880        22
64.890        25
64.900        17
64.910        18
64.920        28
64.930        18
64.940        23
64.950        27
64.960        23
64.970        25
64.980        15
64.990        23
65.000        30
65.010        25
65.020        23
65.030        28
65.040        28
65.050        23
65.060        23
65.070        28
65.080        37
65.090        27
65.100        20
65.110        22
65.120        13
65.130        27
65.140        38
65.150        37
65.160        23
65.170        43
65.180        18
65.190        27
65.200        27
65.210        18
65.220        23
65.230        20
65.240        27
65.250        42
65.260        22
65.270        37
65.280        28
65.290        28
65.300        25
65.310        25
65.320        32
65.330        27
65.340        27
65.350        23
65.360        27
65.370        18
65.380        35
65.390        27
65.400        23
65.410        32
65.420        30
65.430        23
65.440        37
65.450        20
65.460        38
65.470        38
65.480        40
65.490        30
65.500        37
65.510        47
65.520        30
65.530        35
65.540        32
65.550        25
65.560        30
65.570        25
65.580        23
65.590        20
65.600        22
65.610        18
65.620        28
65.630        27
65.640        15
65.650        25
65.660        32
65.670        30
65.680        23
65.690        18
65.700        35
65.710        40
65.720        37
65.730        30
65.740        27
65.750        25
65.760        22
65.770        23
65.780        10
65.790        32
65.800        28
65.810        23
65.820        22
65.830        28
65.840        22
65.850        20
65.860        22
65.870        20
65.880        18
65.890        22
65.900        27
65.910        27
65.920        15
65.930        22
65.940        15
65.950        18
65.960        33
65.970        13
65.980        38
65.990        25
66.000        23
66.010        20
66.020        22
66.030        18
66.040        22
66.050        10
66.060        20
66.070        27
66.080        25
66.090        13
66.100        15
66.110        18
66.120        17
66.130        20
66.140        10
66.150        18
66.160        15
66.170        22
66.180        22
66.190        15
66.200        23
66.210        20
66.220        25
66.230        18
66.240        22
66.250        17
66.260        15
66.270        17
66.280        22
66.290        23
66.300        10
66.310        25
66.320        22
66.330        18
66.340        30
66.350        20
66.360        17
66.370        15
66.380        15
66.390        20
66.400        23
66.410        22
66.420        30
66.430        15
66.440        25
66.450        25
66.460        18
66.470        17
66.480        15
66.490        18
66.500        27
66.510        17
66.520        20
66.530        23
66.540        25
66.550        15
66.560        25
66.570        15
66.580         8
66.590        22
66.600        12
66.610        15
66.620        20
66.630        17
66.640        18
66.650        35
66.660        25
66.670        25
66.680        20
66.690        25
66.700        18
66.710        32
66.720        30
66.730        25
66.740        32
66.750        17
66.760        17
66.770        20
66.780        30
66.790        33
66.800        22
66.810        40
66.820        28
66.830        33
66.840        30
66.850        18
66.860        22
66.870        23
66.880        30
66.890        13
66.900        17
66.910        25
66.920        18
66.930        25
66.940        33
66.950        25
66.960        13
66.970        23
66.980        33
66.990        35
67.000        35
67.010        27
67.020        17
67.030        20
67.040        33
67.050        22
67.060        27
67.070        20
67.080        32
67.090        32
67.100        20
67.110        35
67.120        22
67.130        22
67.140        37
67.150        13
67.160        32
67.170        25
67.180        47
67.190        22
67.200        27
67.210        27
67.220        12
67.230        20
67.240        30
67.250        12
67.260        30
67.270        10
67.280        25
67.290        28
67.300        15
67.310        15
67.320        25
67.330        20
67.340        27
67.350        17
67.360        20
67.370        27
67.380        25
67.390        13
67.400        25
67.410        27
67.420        18
67.430        13
67.440        25
67.450        18
67.460        15
67.470         8
67.480        15
67.490        20
67.500        23
67.510        15
67.520        15
67.530        23
67.540        22
67.550        20
67.560        15
67.570        20
67.580        23
67.590        13
67.600        30
67.610        22
67.620        17
67.630        15
67.640        20
67.650        18
67.660        18
67.670        18
67.680        12
67.690        23
67.700        10
67.710        22
67.720        23
67.730        20
67.740        18
67.750        30
67.760        20
67.770        18
67.780        18
67.790        15
67.800        13
67.810        25
67.820        17
67.830         8
67.840        10
67.850        15
67.860        13
67.870        28
67.880        13
67.890        18
67.900        22
67.910        30
67.920        20
67.930        23
67.940        27
67.950        23
67.960        17
67.970        18
67.980        18
67.990        15
68.000        17
68.010        25
68.020        23
68.030        23
68.040        28
68.050        18
68.060        27
68.070        25
68.080        15
68.090        17
68.100        22
68.110        30
68.120        23
68.130        35
68.140        18
68.150        17
68.160        32
68.170        27
68.180        30
68.190        35
68.200        27
68.210        17
68.220        25
68.230        30
68.240        30
68.250        20
68.260        28
68.270        27
68.280        28
68.290        33
68.300        35
68.310        27
68.320        33
68.330        28
68.340        32
68.350        12
68.360        30
68.370        43
68.380        28
68.390        33
68.400        12
68.410        33
68.420        27
68.430        30
68.440        30
68.450        30
68.460        33
68.470        20
68.480        22
68.490        15
68.500        22
68.510        25
68.520        22
68.530        22
68.540        37
68.550        27
68.560        35
68.570        23
68.580        35
68.590        25
68.600        32
68.610        25
68.620        18
68.630        20
68.640        28
68.650        20
68.660        32
68.670        23
68.680        20
68.690        32
68.700        38
68.710        23
68.720        27
68.730        28
68.740        27
68.750        30
68.760        20
68.770        28
68.780        28
68.790        27
68.800        17
68.810        15
68.820        33
68.830        27
68.840        15
68.850        25
68.860        30
68.870        23
68.880        18
68.890        20
68.900        37
68.910        18
68.920        27
68.930        25
68.940        30
68.950        32
68.960        18
68.970        17
68.980        23
68.990        25
69.000        32
69.010        37
69.020        28
69.030        22
69.040        22
69.050        33
69.060        27
69.070        35
69.080        17
69.090        23
69.100        23
69.110        27
69.120        23
69.130        23
69.140        18
69.150        15
69.160        25
69.170        28
69.180        32
69.190        32
69.200        20
69.210        15
69.220        28
69.230        20
69.240        12
69.250        15
69.260        12
69.270        25
69.280        18
69.290        10
69.300        15
69.310        25
69.320        20
69.330        18
69.340        23
69.350        17
69.360        32
69.370        27
69.380        10
69.390        17
69.400        22
69.410        20
69.420        30
69.430        28
69.440        23
69.450        22
69.460        20
69.470        18
69.480        32
69.490        10
69.500        18
69.510        10
69.520        18
69.530        28
69.540        15
69.550        28
69.560        28
69.570        33
69.580        22
69.590        18
69.600        10
69.610        18
69.620        22
69.630        22
69.640        20
69.650        22
69.660        30
69.670        10
69.680        18
69.690        35
69.700        20
69.710        22
69.720        28
69.730        17
69.740        17
69.750        13
69.760        28
69.770        13
69.780        23
69.790        22
69.800        10
69.810        17
69.820        25
69.830        22
69.840        15
69.850        20
69.860        17
69.870        18
69.880        22
69.890        12
69.900        13
69.910        17
69.920        13
69.930        23
69.940        20
69.950        23
69.960        22
69.970        18
69.980        20
69.990        20
70.000        20
