10.000       133
10.010       133
10.020        93
10.030        73
10.040       167
10.050       140
10.060       133
10.070        47
10.080       147
10.090        80
10.100        73
10.110       127
10.120       173
10.130        80
10.140       193
10.150       107
10.160       127
10.170       153
10.180       187
10.190       113
10.200        93
10.210       127
10.220       167
10.230       153
10.240       107
10.250       113
10.260       133
10.270       100
10.280       100
10.290       100
10.300       100
10.310       153
10.320       147
10.330        93
10.340        93
10.350       127
10.360        87
10.370       127
10.380       107
10.390       107
10.400       127
10.410       147
10.420       133
10.430       207
10.440       120
10.450        93
10.460       140
10.470        87
10.480       133
10.490       133
10.500       173
10.510        80
10.520        87
10.530       113
10.540        80
10.550       113
10.560        87
10.570        80
10.580        93
10.590       113
10.600       127
10.610       107
10.620       113
10.630       113
10.640       100
10.650       113
10.660        93
10.670        80
10.680       113
10.690       113
10.700       140
10.710        80
10.720       140
10.730       107
10.740       120
10.750        73
10.760        80
10.770       140
10.780       147
10.790        53
10.800        93
10.810       140
10.820        80
10.830       113
10.840       107
10.850       153
10.860       127
10.870        53
10.880        73
10.890       113
10.900       100
10.910       133
10.920       100
10.930        60
10.940       100
10.950        53
10.960        80
10.970       107
10.980       133
10.990       100
11.000       107
11.010        87
11.020        60
11.030        67
11.040       140
11.050        87
11.060       100
11.070        80
11.080       100
11.090       113
11.100       120
11.110        93
11.120       107
11.130       147
11.140        93
11.150       160
11.160       100
11.170       153
11.180        73
11.190        60
11.200       107
11.210       127
11.220        87
11.230       173
11.240       147
11.250        87
11.260       153
11.270       100
11.280       120
11.290        73
11.300       100
11.310        73
11.320       127
11.330       120
11.340        67
11.350       127
11.360        33
11.370       107
11.380        73
11.390       153
11.400        73
11.410        53
11.420        87
11.430       127
11.440        93
11.450        93
11.460        93
11.470       133
11.480       120
11.490       127
11.500       120
11.510        67
11.520       120
11.530       107
11.540       127
11.550       107
11.560        87
11.570        80
11.580       107
11.590       127
11.600       127
11.610       113
11.620        80
11.630        73
11.640       133
11.650       107
11.660       100
11.670       100
11.680        80
11.690        87
11.700       140
11.710        80
11.720       107
11.730        47
11.740        87
11.750       100
11.760        80
11.770        87
11.780       127
11.790        60
11.800        93
11.810        87
11.820        80
11.830       167
11.840        53
11.850        80
11.860       133
11.870       100
11.880        87
11.890        93
11.900        87
11.910        80
11.920        60
11.930        87
11.940        80
11.950        87
11.960        93
11.970       153
11.980        73
11.990        20
12.000        87
12.010        93
12.020        53
12.030        87
12.040        73
12.050        73
12.060        80
12.070        67
12.080        93
12.090       160
12.100        87
12.110       133
12.120       133
12.130        67
12.140        93
12.150        87
12.160       140
12.170        60
12.180        73
12.190       100
12.200       107
12.210        73
12.220       133
12.230       180
12.240        87
12.250        93
12.260        73
12.270        87
12.280        73
12.290       107
12.300        73
12.310       140
12.320       100
12.330        60
12.340        87
12.350       100
12.360       100
12.370        93
12.380        80
12.390        87
12.400        67
12.410       113
12.420       147
12.430        93
12.440        87
12.450        87
12.460       100
12.470        73
12.480        53
12.490       120
12.500       100
12.510       120
12.520        93
12.530        80
12.540       133
12.550       120
12.560       140
12.570        93
12.580       113
12.590       113
12.600        67
12.610       107
12.620       100
12.630        53
12.640       100
12.650        53
12.660       153
12.670        67
12.680       113
12.690        60
12.700        80
12.710        60
12.720        67
12.730       100
12.740        53
12.750       100
12.760        93
12.770        80
12.780        60
12.790        93
12.800        73
12.810        87
12.820       100
12.830        53
12.840        67
12.850        73
12.860        87
12.870        87
12.880        53
12.890        93
12.900        67
12.910       100
12.920       100
12.930        67
12.940       120
12.950        67
12.960        67
12.970        53
12.980       100
12.990        73
13.000        47
13.010       120
13.020        47
13.030       147
13.040        93
13.050        73
13.060       113
13.070        87
13.080       113
13.090       120
13.100        47
13.110       100
13.120        93
13.130        73
13.140        93
13.150       113
13.160        80
13.170        80
13.180        73
13.190        93
13.200        80
13.210        67
13.220        80
13.230        73
13.240        87
13.250        60
13.260       127
13.270        87
13.280        93
13.290        67
13.300        73
13.310       120
13.320        87
13.330        93
13.340        53
13.350        67
13.360        73
13.370        73
13.380        53
13.390       107
13.400        67
13.410       120
13.420        80
13.430        93
13.440       107
13.450        73
13.460        87
13.470       100
13.480       107
13.490       127
13.500        53
13.510        67
13.520        53
13.530        53
13.540       100
13.550        53
13.560       113
13.570        60
13.580        87
13.590       127
13.600        87
13.610        60
13.620       147
13.630        73
13.640        60
13.650       113
13.660        87
13.670        73
13.680       100
13.690       113
13.700        87
13.710       113
13.720       107
13.730       113
13.740       100
13.750       127
13.760       107
13.770       127
13.780       100
13.790       120
13.800        93
13.810       113
13.820       140
13.830        93
13.840       127
13.850        73
13.860       100
13.870       107
13.880        87
13.890        80
13.900       120
13.910        47
13.920        87
13.930       113
13.940       107
13.950        87
13.960        47
13.970       100
13.980       100
13.990        47
14.000        93
14.010        93
14.020        73
14.030        53
14.040       100
14.050       120
14.060        60
14.070        47
14.080       100
14.090       107
14.100       127
14.110       120
14.120        33
14.130        53
14.140        67
14.150        67
14.160        80
14.170        93
14.180       113
14.190        87
14.200       107
14.210        60
14.220        87
14.230       107
14.240        93
14.250        67
14.260       100
14.270       107
14.280        27
14.290        53
14.300        93
14.310       100
14.320        80
14.330       160
14.340        87
14.350        67
14.360        73
14.370       100
14.380        67
14.390       140
14.400        93
14.410       133
14.420       100
14.430        93
14.440       100
14.450        73
14.460        73
14.470        73
14.480       120
14.490        33
14.500       113
14.510        93
14.520        93
14.530        80
14.540       140
14.550       113
14.560       133
14.570        93
14.580        73
14.590        73
14.600        93
14.610        40
14.620        87
14.630        53
14.640        67
14.650        73
14.660        40
14.670        40
14.680        67
14.690       100
14.700        73
14.710        53
14.720        73
14.730        47
14.740        67
14.750        73
14.760       100
14.770       107
14.780        87
14.790        53
14.800        67
14.810        67
14.820        47
14.830       100
14.840       100
14.850        53
14.860       107
14.870        80
14.880       100
14.890        73
14.900        80
14.910        60
14.920        40
14.930        60
14.940       147
14.950        67
14.960        80
14.970        47
14.980        80
14.990        53
15.000        87
15.010        73
15.020        67
15.030        80
15.040        40
15.050        47
15.060        80
15.070        53
15.080        60
15.090        87
15.100       100
15.110       127
15.120        53
15.130        60
15.140        93
15.150        67
15.160       113
15.170        80
15.180        60
15.190        80
15.200        60
15.210        73
15.220        40
15.230        53
15.240        60
15.250        40
15.260       113
15.270        67
15.280        67
15.290        47
15.300        60
15.310        33
15.320        20
15.330        80
15.340        87
15.350        73
15.360        80
15.370        67
15.380        73
15.390        93
15.400        80
15.410        27
15.420        60
15.430       107
15.440        53
15.450        53
15.460        53
15.470        60
15.480        60
15.490        33
15.500        33
15.510        40
15.520        60
15.530        73
15.540        60
15.550        47
15.560        67
15.570        60
15.580        47
15.590       100
15.600       107
15.610        47
15.620        87
15.630        60
15.640        53
15.650        73
15.660        67
15.670       100
15.680        80
15.690        53
15.700        47
15.710        33
15.720        40
15.730        60
15.740        60
15.750        40
15.760        73
15.770        80
15.780        73
15.790        87
15.800        47
15.810        47
15.820        33
15.830       100
15.840        80
15.850        73
15.860        33
15.870        93
15.880        87
15.890        67
15.900        67
15.910        67
15.920       113
15.930        67
15.940        60
15.950        67
15.960        60
15.970        73
15.980        60
15.990        87
16.000        67
16.010        87
16.020         7
16.030        67
16.040        53
16.050        87
16.060        40
16.070        60
16.080        67
16.090        60
16.100        60
16.110        47
16.120        73
16.130        47
16.140       113
16.150        67
16.160        40
16.170        60
16.180        60
16.190        60
16.200        40
16.210        53
16.220        13
16.230        33
16.240        20
16.250        73
16.260        53
16.270        60
16.280        67
16.290        40
16.300        80
16.310        93
16.320        67
16.330        67
16.340        67
16.350       100
16.360        47
16.370        40
16.380        60
16.390        80
16.400        60
16.410       100
16.420        53
16.430       100
16.440        67
16.450        53
16.460        73
16.470        27
16.480        80
16.490        80
16.500        60
16.510        67
16.520        53
16.530        60
16.540        27
16.550        73
16.560        87
16.570        80
16.580        40
16.590        47
16.600        67
16.610        73
16.620        67
16.630       100
16.640        13
16.650        53
16.660        40
16.670        33
16.680        80
16.690        73
16.700        40
16.710        60
16.720        67
16.730        27
16.740        33
16.750        67
16.760        80
16.770        73
16.780       107
16.790        33
16.800        27
16.810        53
16.820        60
16.830        47
16.840        53
16.850       100
16.860        47
16.870        47
16.880        53
16.890        33
16.900        93
16.910        93
16.920        47
16.930       120
16.940        40
16.950        60
16.960        87
16.970        53
16.980        67
16.990        40
17.000        67
17.010        27
17.020        47
17.030        80
17.040        40
17.050        40
17.060        47
17.070        73
17.080        53
17.090        40
17.100       120
17.110        40
17.120        67
17.130        93
17.140       107
17.150        73
17.160        67
17.170        67
17.180        87
17.190        20
17.200        87
17.210        53
17.220        87
17.230        27
17.240        47
17.250        73
17.260        73
17.270        93
17.280        40
17.290        67
17.300        80
17.310        93
17.320        80
17.330        60
17.340        93
17.350       107
17.360        87
17.370        20
17.380        73
17.390        47
17.400        33
17.410        67
17.420        53
17.430        60
17.440        87
17.450        73
17.460        80
17.470        40
17.480        73
17.490        87
17.500        93
17.510        80
17.520        80
17.530       100
17.540        40
17.550        53
17.560        67
17.570        53
17.580        47
17.590       107
17.600        80
17.610       107
17.620       100
17.630       100
17.640       107
17.650        73
17.660       120
17.670       107
17.680        80
17.690        67
17.700        60
17.710        93
17.720        67
17.730        93
17.740       107
17.750       113
17.760        80
17.770       127
17.780       107
17.790        47
17.800        60
17.810       113
17.820        60
17.830        47
17.840        47
17.850       107
17.860        60
17.870        87
17.880        80
17.890       113
17.900        40
17.910        60
17.920        53
17.930        53
17.940        53
17.950        67
17.960        67
17.970        80
17.980        53
17.990        60
18.000        60
18.010        60
18.020        20
18.030        60
18.040        47
18.050        73
18.060        53
18.070        20
18.080        73
18.090        87
18.100        67
18.110        87
18.120       120
18.130        80
18.140        60
18.150        67
18.160        53
18.170        67
18.180        73
18.190        47
18.200        73
18.210        27
18.220        67
18.230        40
18.240         7
18.250        33
18.260        53
18.270        27
18.280        40
18.290        40
18.300        33
18.310        73
18.320        33
18.330        80
18.340       107
18.350        87
18.360        53
18.370       100
18.380        73
18.390        87
18.400        53
18.410        53
18.420        67
18.430        67
18.440        60
18.450        80
18.460        73
18.470        47
18.480        80
18.490        47
18.500       140
18.510        73
18.520       100
18.530        60
18.540        87
18.550        40
18.560        67
18.570        47
18.580        67
18.590        80
18.600       120
18.610       107
18.620        80
18.630        60
18.640        47
18.650        53
18.660        60
18.670        60
18.680        33
18.690        73
18.700        40
18.710        53
18.720       113
18.730        53
18.740       100
18.750        27
18.760        73
18.770        93
18.780        67
18.790        53
18.800        73
18.810        40
18.820       100
18.830        60
18.840       113
18.850        87
18.860        87
18.870        53
18.880        73
18.890        93
18.900        93
18.910        20
18.920        47
18.930        67
18.940        27
18.950        60
18.960        80
18.970        73
18.980        20
18.990        40
19.000        73
19.010        73
19.020        27
19.030        87
19.040        80
19.050        67
19.060        53
19.070        33
19.080        60
19.090        67
19.100        73
19.110        60
19.120        47
19.130        47
19.140        53
19.150       100
19.160        60
19.170        27
19.180        60
19.190        53
19.200        60
19.210        80
19.220        80
19.230        60
19.240        33
19.250        20
19.260        93
19.270        47
19.280        87
19.290        67
19.300        27
19.310        40
19.320        87
19.330        40
19.340        67
19.350        40
19.360        53
19.370        53
19.380        40
19.390        60
19.400        33
19.410        73
19.420        73
19.430        73
19.440        40
19.450        47
19.460        47
19.470        60
19.480        40
19.490        33
19.500        40
19.510        47
19.520        53
19.530        47
19.540        60
19.550        27
19.560        67
19.570        27
19.580        67
19.590        53
19.600        60
19.610        40
19.620        67
19.630        73
19.640        80
19.650        67
19.660        53
19.670        47
19.680        53
19.690        60
19.700        40
19.710        40
19.720        47
19.730        53
19.740        47
19.750        53
19.760        13
19.770        80
19.780        40
19.790        67
19.800        73
19.810        47
19.820        40
19.830        67
19.840        87
19.850        73
19.860        67
19.870        53
19.880        40
19.890        67
19.900        47
19.910        47
19.920       100
19.930        80
19.940        27
19.950        47
19.960        60
19.970        67
19.980        93
19.990        53
20.000        33
20.010        40
20.020        87
20.030        53
20.040        73
20.050        80
20.060        47
20.070        53
20.080        33
20.090        47
20.100        60
20.110        53
20.120        67
20.130        20
20.140        80
20.150        53
20.160        47
20.170        40
20.180        93
20.190        53
20.200        67
20.210        40
20.220        47
20.230        47
20.240        20
20.250        53
20.260        20
20.270        53
20.280        13
20.290        73
20.300        40
20.310        20
20.320        27
20.330        33
20.340        40
20.350        33
20.360        40
20.370        40
20.380        33
20.390        67
20.400        40
20.410        60
20.420        40
20.430        53
20.440        47
20.450        67
20.460        67
20.470        47
20.480        53
20.490        60
20.500        47
20.510        33
20.520        53
20.530        53
20.540        47
20.550        40
20.560        47
20.570        33
20.580        40
20.590        73
20.600        60
20.610        40
20.620        20
20.630         7
20.640        27
20.650        33
20.660        20
20.670        60
20.680        60
20.690        33
20.700        47
20.710        47
20.720        80
20.730        40
20.740        73
20.750        60
20.760        53
20.770        40
20.780        40
20.790        33
20.800        60
20.810        67
20.820        60
20.830        27
20.840        33
20.850        27
20.860        53
20.870        47
20.880        87
20.890        33
20.900        47
20.910        53
20.920        93
20.930        53
20.940        13
20.950        73
20.960        33
20.970        40
20.980        27
20.990        73
21.000        47
21.010        33
21.020        67
21.030        47
21.040        80
21.050        73
21.060        67
21.070        47
21.080        33
21.090        73
21.100        53
21.110        60
21.120        67
21.130        40
21.140        33
21.150        53
21.160        60
21.170        67
21.180        47
21.190        73
21.200        47
21.210        13
21.220        33
21.230        53
21.240        60
21.250        40
21.260        47
21.270        40
21.280        33
21.290        87
21.300        47
21.310        33
21.320        20
21.330        27
21.340        47
21.350        80
21.360        53
21.370        67
21.380        60
21.390        33
21.400        27
21.410        20
21.420        33
21.430        60
21.440        13
21.450        60
21.460        53
21.470        67
21.480        67
21.490        20
21.500        33
21.510        27
21.520        40
21.530        40
21.540        27
21.550        67
21.560        47
21.570        60
21.580        40
21.590        27
21.600        73
21.610        60
21.620        53
21.630        27
21.640        73
21.650        53
21.660        27
21.670        47
21.680        27
21.690        20
21.700        80
21.710        27
21.720        53
21.730        47
21.740        40
21.750        47
21.760        53
21.770        47
21.780        27
21.790        47
21.800        40
21.810        87
21.820        73
21.830        53
21.840        53
21.850        60
21.860        87
21.870        60
21.880        47
21.890        60
21.900        40
21.910        87
21.920        53
21.930        47
21.940        20
21.950        47
21.960        53
21.970        67
21.980        47
21.990        40
22.000        73
22.010        53
22.020        87
22.030        53
22.040        40
22.050        67
22.060        73
22.070        67
22.080       113
22.090        93
22.100       120
22.110        80
22.120        87
22.130       113
22.140        47
22.150        93
22.160        53
22.170        53
22.180        60
22.190       100
22.200        67
22.210        67
22.220        80
22.230        73
22.240        93
22.250        53
22.260        80
22.270        73
22.280        53
22.290        47
22.300        47
22.310        67
22.320        47
22.330        80
22.340        87
22.350        53
22.360        53
22.370        47
22.380        53
22.390        53
22.400        53
22.410        67
22.420        53
22.430        47
22.440        60
22.450        47
22.460        47
22.470        47
22.480        47
22.490        73
22.500        47
22.510        60
22.520        33
22.530        80
22.540        47
22.550        20
22.560        73
22.570        47
22.580        40
22.590        47
22.600        73
22.610       107
22.620        60
22.630        67
22.640        53
22.650        53
22.660        60
22.670        40
22.680        47
22.690        67
22.700        20
22.710        67
22.720        47
22.730        40
22.740       100
22.750        73
22.760        40
22.770        60
22.780        27
22.790        47
22.800        80
22.810        47
22.820        87
22.830        80
22.840        40
22.850        53
22.860        67
22.870        40
22.880        67
22.890        53
22.900        47
22.910        53
22.920        67
22.930        47
22.940        53
22.950        40
22.960        40
22.970        53
22.980        47
22.990        20
23.000        33
23.010        27
23.020        40
23.030        47
23.040        47
23.050        40
23.060        67
23.070        80
23.080        67
23.090        40
23.100        33
23.110        67
23.120        47
23.130        60
23.140        67
23.150        60
23.160        47
23.170        47
23.180        53
23.190        33
23.200        33
23.210        47
23.220        20
23.230        53
23.240        87
23.250        53
23.260        67
23.270        47
23.280        53
23.290        67
23.300        60
23.310        53
23.320        60
23.330        33
23.340        67
23.350        87
23.360        47
23.370        53
23.380        93
23.390       133
23.400        67
23.410        80
23.420       100
23.430       100
23.440       100
23.450       107
23.460        87
23.470       113
23.480        93
23.490       113
23.500       100
23.510       113
23.520       133
23.530        80
23.540       100
23.550        87
23.560       113
23.570       167
23.580       133
23.590        87
23.600        80
23.610       113
23.620       107
23.630        80
23.640        73
23.650       100
23.660        93
23.670       107
23.680       107
23.690       120
23.700        87
23.710        87
23.720        93
23.730        93
23.740        80
23.750       127
23.760       153
23.770       133
23.780       107
23.790       140
23.800       147
23.810        93
23.820       120
23.830       167
23.840       127
23.850       213
23.860       160
23.870       153
23.880       180
23.890        93
23.900       107
23.910       187
23.920       113
23.930       173
23.940       247
23.950       220
23.960       187
23.970       213
23.980       200
23.990       247
24.000       247
24.010       220
24.020       293
24.030       173
24.040       287
24.050       200
24.060       187
24.070       140
24.080       213
24.090       153
24.100       153
24.110       153
24.120       127
24.130       187
24.140       133
24.150       100
24.160       100
24.170        93
24.180       100
24.190        93
24.200       133
24.210        60
24.220        93
24.230        93
24.240       140
24.250       120
24.260       120
24.270       133
24.280       113
24.290       100
24.300       147
24.310       107
24.320       153
24.330       113
24.340       173
24.350       133
24.360       180
24.370       127
24.380       160
24.390       100
24.400       147
24.410       140
24.420       127
24.430        93
24.440       140
24.450       120
24.460       127
24.470       127
24.480        80
24.490       120
24.500        87
24.510        80
24.520        60
24.530       107
24.540       100
24.550        73
24.560        87
24.570        80
24.580        80
24.590        67
24.600        60
24.610        47
24.620        20
24.630        73
24.640        60
24.650        33
24.660        53
24.670        33
24.680        40
24.690        27
24.700        53
24.710        53
24.720        60
24.730        60
24.740        67
24.750        40
24.760        33
24.770        33
24.780        73
24.790        67
24.800        73
24.810        40
24.820        40
24.830        20
24.840       107
24.850        47
24.860        47
24.870        60
24.880        53
24.890        13
24.900        47
24.910        40
24.920        47
24.930        27
24.940        67
24.950        67
24.960        87
24.970        87
24.980        87
24.990        87
25.000        40
25.010        67
25.020       113
25.030        53
25.040        60
25.050        27
25.060        60
25.070        93
25.080       107
25.090        53
25.100        53
25.110        33
25.120        33
25.130        87
25.140        47
25.150        27
25.160        40
25.170        60
25.180        67
25.190        40
25.200        27
25.210        53
25.220        60
25.230        53
25.240       107
25.250        73
25.260       107
25.270        40
25.280        67
25.290        53
25.300        73
25.310        47
25.320        80
25.330        93
25.340        53
25.350        53
25.360        53
25.370        40
25.380        40
25.390        47
25.400         7
25.410        60
25.420        20
25.430        47
25.440        53
25.450        40
25.460        47
25.470        53
25.480        60
25.490        33
25.500        60
25.510        53
25.520        60
25.530       100
25.540        60
25.550       100
25.560        60
25.570        80
25.580        60
25.590        53
25.600        87
25.610        73
25.620       133
25.630       107
25.640        87
25.650        87
25.660       107
25.670        67
25.680        53
25.690        53
25.700        53
25.710        53
25.720        80
25.730        87
25.740        60
25.750        80
25.760        80
25.770        67
25.780        73
25.790        80
25.800       147
25.810        93
25.820       153
25.830       160
25.840       133
25.850       113
25.860       160
25.870       153
25.880       153
25.890       193
25.900       160
25.910       200
25.920       187
25.930       147
25.940       133
25.950       147
25.960       120
25.970        93
25.980        60
25.990       153
26.000        87
26.010       113
26.020       113
26.030        87
26.040        93
26.050        73
26.060        53
26.070        80
26.080        87
26.090        60
26.100        67
26.110        47
26.120        60
26.130        73
26.140        67
26.150        73
26.160        87
26.170        80
26.180        53
26.190        33
26.200        73
26.210        73
26.220        67
26.230        47
26.240        93
26.250        73
26.260        80
26.270        80
26.280        73
26.290        47
26.300        60
26.310        47
26.320        73
26.330        67
26.340        33
26.350        53
26.360        60
26.370        67
26.380        60
26.390        47
26.400        60
26.410        27
26.420        33
26.430        67
26.440        93
26.450        53
26.460        47
26.470        33
26.480        60
26.490        33
26.500        47
26.510        40
26.520        33
26.530        27
26.540        47
26.550        47
26.560        67
26.570        53
26.580        67
26.590        53
26.600        33
26.610        53
26.620        40
26.630        53
26.640        40
26.650        53
26.660        73
26.670        33
26.680        40
26.690        40
26.700        53
26.710        73
26.720        33
26.730        80
26.740        33
26.750        47
26.760        80
26.770       140
26.780        87
26.790        87
26.800        73
26.810        87
26.820        67
26.830        87
26.840        93
26.850        67
26.860       107
26.870        60
26.880        73
26.890       140
26.900        80
26.910        93
26.920       120
26.930       107
26.940       107
26.950       100
26.960        67
26.970        80
26.980        53
26.990        40
27.000       100
27.010        87
27.020        73
27.030        47
27.040        67
27.050        60
27.060        47
27.070        60
27.080        53
27.090        67
27.100        87
27.110        60
27.120        67
27.130        67
27.140        53
27.150        60
27.160        53
27.170        87
27.180       127
27.190        87
27.200       127
27.210       100
27.220       107
27.230        60
27.240       133
27.250       140
27.260       127
27.270       187
27.280       167
27.290       220
27.300       220
27.310       233
27.320       267
27.330       287
27.340       247
27.350       287
27.360       347
27.370       293
27.380       187
27.390       353
27.400       340
27.410       353
27.420       300
27.430       293
27.440       247
27.450       267
27.460       220
27.470       260
27.480       173
27.490       160
27.500       173
27.510       187
27.520       120
27.530       113
27.540       127
27.550        73
27.560       113
27.570       127
27.580        73
27.590        80
27.600       120
27.610        73
27.620        93
27.630        93
27.640        73
27.650        67
27.660        67
27.670        73
27.680        73
27.690        67
27.700       100
27.710       100
27.720        80
27.730        87
27.740        73
27.750        93
27.760        47
27.770        93
27.780        80
27.790        93
27.800       100
27.810        80
27.820       133
27.830        60
27.840        87
27.850       160
27.860       160
27.870       180
27.880       140
27.890       213
27.900       167
27.910       247
27.920       233
27.930       207
27.940       273
27.950       320
27.960       267
27.970       320
27.980       400
27.990       293
28.000       353
28.010       353
28.020       520
28.030       333
28.040       367
28.050       340
28.060       400
28.070       380
28.080       287
28.090       333
28.100       267
28.110       340
28.120       287
28.130       280
28.140       213
28.150       213
28.160       233
28.170       207
28.180       287
28.190       193
28.200       133
28.210       140
28.220       113
28.230        87
28.240       167
28.250       133
28.260       113
28.270        93
28.280       113
28.290        87
28.300        73
28.310       120
28.320        73
28.330        60
28.340       100
28.350        80
28.360        73
28.370        67
28.380       113
28.390        87
28.400        60
28.410        93
28.420        60
28.430        47
28.440        87
28.450        67
28.460        80
28.470       147
28.480       133
28.490        87
28.500       113
28.510       133
28.520       107
28.530        67
28.540        80
28.550       100
28.560       113
28.570       100
28.580        73
28.590       107
28.600        60
28.610        73
28.620        53
28.630        67
28.640        53
28.650        60
28.660        40
28.670        73
28.680        73
28.690        73
28.700        67
28.710        87
28.720        93
28.730       120
28.740       107
28.750        87
28.760        87
28.770        93
28.780       107
28.790       107
28.800        80
28.810       140
28.820       107
28.830        87
28.840       113
28.850        93
28.860       100
28.870       107
28.880       127
28.890       100
28.900       120
28.910       167
28.920       160
28.930       147
28.940       147
28.950        87
28.960       173
28.970       173
28.980       200
28.990       127
29.000       187
29.010       153
29.020       200
29.030       160
29.040       187
29.050       220
29.060       120
29.070       267
29.080       220
29.090       180
29.100       220
29.110       193
29.120       120
29.130        93
29.140       120
29.150       140
29.160       100
29.170        67
29.180        53
29.190        27
29.200        67
29.210        93
29.220        87
29.230        53
29.240        87
29.250        73
29.260        87
29.270        40
29.280        73
29.290        73
29.300        53
29.310        53
29.320        73
29.330        67
29.340        87
29.350        87
29.360        80
29.370        80
29.380        87
29.390        80
29.400       100
29.410        67
29.420        93
29.430       107
29.440       120
29.450        67
29.460        67
29.470        40
29.480        60
29.490        60
29.500        67
29.510        60
29.520        40
29.530        40
29.540        60
29.550        47
29.560        53
29.570        40
29.580        33
29.590        53
29.600        40
29.610        20
29.620        13
29.630        33
29.640        20
29.650        40
29.660        40
29.670        40
29.680        13
29.690        60
29.700        27
29.710        60
29.720        60
29.730        27
29.740        60
29.750        53
29.760        20
29.770        60
29.780        73
29.790        53
29.800        73
29.810        40
29.820        53
29.830        53
29.840        67
29.850        80
29.860        73
29.870        87
29.880        53
29.890       113
29.900        60
29.910       107
29.920        53
29.930        53
29.940        67
29.950       107
29.960        53
29.970        40
29.980       107
29.990        33
30.000        73
30.010        40
30.020       100
30.030        33
30.040       107
30.050        60
30.060        93
30.070        40
30.080        73
30.090        27
30.100        40
30.110        60
30.120        40
30.130        67
30.140        73
30.150        93
30.160        53
30.170        47
30.180        33
30.190        60
30.200        80
30.210        87
30.220        80
30.230        67
30.240        60
30.250        27
30.260        60
30.270        47
30.280        47
30.290         7
30.300        47
30.310        40
30.320        47
30.330        20
30.340        20
30.350        47
30.360        47
30.370        40
30.380        47
30.390        27
30.400        73
30.410        47
30.420        67
30.430        33
30.440        47
30.450        40
30.460        40
30.470        47
30.480        47
30.490        60
30.500        20
30.510        93
30.520        53
30.530        80
30.540        67
30.550        60
30.560        67
30.570        47
30.580        67
30.590        47
30.600        80
30.610        47
30.620        53
30.630        67
30.640        27
30.650        73
30.660        73
30.670        60
30.680        53
30.690        73
30.700        40
30.710        47
30.720        60
30.730        40
30.740        47
30.750        47
30.760        20
30.770        40
30.780        80
30.790        73
30.800        87
30.810        20
30.820        53
30.830        33
30.840        60
30.850        27
30.860        40
30.870        27
30.880        27
30.890        27
30.900        47
30.910        20
30.920        73
30.930        20
30.940        20
30.950        20
30.960        47
30.970        33
30.980        33
30.990        27
31.000        27
31.010       100
31.020        33
31.030        67
31.040        47
31.050        53
31.060        60
31.070        67
31.080        47
31.090        47
31.100        47
31.110        80
31.120        33
31.130        40
31.140        20
31.150        33
31.160        60
31.170        60
31.180        33
31.190        53
31.200         7
31.210        53
31.220        60
31.230        20
31.240        33
31.250        33
31.260        87
31.270        73
31.280        53
31.290        53
31.300       140
31.310        27
31.320        60
31.330        93
31.340        87
31.350        87
31.360        67
31.370        47
31.380        60
31.390        60
31.400        73
31.410        67
31.420        80
31.430        80
31.440        53
31.450        33
31.460        47
31.470        67
31.480       140
31.490        80
31.500        13
31.510       113
31.520        67
31.530        60
31.540        53
31.550        73
31.560        33
31.570        27
31.580        73
31.590        93
31.600       100
31.610        40
31.620        60
31.630        80
31.640        67
31.650        73
31.660        53
31.670        80
31.680        47
31.690        33
31.700        47
31.710        67
31.720        47
31.730        47
31.740        33
31.750        60
31.760        47
31.770        20
31.780         7
31.790        53
31.800        33
31.810        27
31.820        27
31.830        33
31.840        40
31.850        40
31.860        67
31.870        67
31.880        27
31.890        27
31.900        27
31.910        87
31.920        13
31.930        53
31.940        40
31.950        80
31.960        33
31.970        53
31.980        27
31.990        47
32.000        93
32.010        53
32.020        53
32.030        40
32.040       113
32.050        60
32.060        67
32.070        60
32.080        93
32.090        40
32.100        33
32.110        20
32.120        67
32.130        40
32.140        60
32.150        47
32.160        47
32.170        87
32.180        87
32.190        80
32.200        73
32.210       113
32.220        53
32.230        47
32.240        67
32.250        33
32.260        73
32.270        27
32.280        40
32.290        40
32.300        67
32.310        27
32.320        40
32.330        53
32.340        33
32.350        47
32.360        53
32.370        53
32.380        33
32.390        47
32.400        60
32.410       107
32.420        53
32.430        20
32.440        53
32.450        13
32.460        60
32.470        87
32.480        67
32.490        53
32.500        27
32.510        27
32.520        40
32.530        80
32.540        33
32.550        47
32.560        60
32.570        40
32.580        27
32.590        27
32.600        27
32.610        20
32.620        20
32.630        33
32.640        13
32.650        47
32.660        47
32.670        33
32.680        47
32.690        40
32.700        47
32.710        20
32.720        13
32.730        20
32.740        20
32.750         7
32.760        33
32.770        47
32.780        27
32.790        33
32.800        33
32.810        27
32.820        47
32.830        47
32.840        53
32.850        20
32.860        40
32.870        40
32.880        47
32.890        60
32.900        53
32.910        73
32.920       107
32.930        40
32.940       113
32.950        80
32.960       107
32.970       120
32.980       107
32.990       120
33.000        80
33.010        73
33.020        87
33.030        93
33.040        87
33.050        60
33.060       100
33.070        60
33.080        60
33.090        60
33.100        40
33.110        40
33.120        13
33.130        60
33.140        53
33.150        53
33.160        33
33.170        33
33.180        73
33.190        47
33.200        47
33.210        33
33.220        40
33.230        60
33.240        27
33.250        40
33.260        33
33.270        33
33.280        27
33.290        53
33.300        47
33.310        27
33.320        33
33.330        27
33.340        53
33.350        40
33.360        33
33.370        47
33.380        47
33.390        20
33.400        27
33.410        40
33.420        20
33.430        47
33.440        13
33.450        27
33.460        27
33.470        33
33.480        40
33.490        27
33.500        27
33.510        53
33.520        27
33.530        27
33.540        27
33.550        27
33.560         0
33.570         7
33.580        20
33.590        13
33.600        13
33.610        27
33.620        47
33.630         7
33.640        40
33.650        20
33.660        33
33.670        13
33.680        33
33.690        20
33.700        13
33.710        47
33.720        53
33.730        20
33.740        13
33.750        33
33.760        27
33.770        33
33.780         7
33.790        40
33.800        40
33.810        27
33.820        27
33.830        60
33.840        60
33.850        13
33.860        20
33.870        20
33.880        47
33.890        33
33.900        33
33.910        53
33.920        27
33.930        33
33.940        20
33.950        20
33.960        47
33.970        27
33.980        67
33.990        33
34.000        73
34.010        47
34.020        13
34.030        73
34.040        33
34.050        27
34.060        53
34.070        27
34.080        53
34.090        60
34.100        47
34.110        47
34.120        47
34.130        60
34.140        93
34.150        60
34.160        73
34.170        40
34.180       100
34.190        20
34.200        33
34.210        47
34.220        73
34.230        80
34.240        27
34.250        73
34.260        47
34.270        47
34.280        80
34.290        33
34.300        40
34.310        33
34.320        33
34.330        40
34.340        47
34.350        47
34.360        20
34.370        33
34.380        73
34.390        20
34.400        33
34.410        47
34.420        73
34.430        47
34.440        67
34.450        20
34.460        67
34.470        47
34.480        13
34.490        47
34.500        73
34.510        33
34.520        33
34.530        33
34.540        53
34.550        53
34.560        47
34.570        27
34.580        53
34.590        73
34.600        93
34.610        40
34.620        53
34.630        53
34.640        53
34.650        53
34.660        33
34.670        87
34.680        80
34.690        27
34.700        33
34.710        67
34.720        60
34.730        53
34.740        93
34.750        47
34.760        67
34.770        80
34.780        33
34.790        33
34.800        80
34.810        40
34.820        47
34.830        33
34.840        27
34.850        33
34.860        33
34.870        40
34.880        40
34.890        73
34.900        53
34.910        87
34.920        40
34.930        67
34.940        47
34.950        53
34.960        73
34.970        80
34.980       113
34.990        60
35.000        67
35.010        80
35.020        87
35.030       100
35.040        80
35.050       133
35.060       113
35.070       107
35.080       127
35.090       107
35.100       113
35.110       133
35.120       107
35.130        73
35.140        87
35.150        40
35.160       133
35.170        53
35.180        47
35.190       127
35.200        80
35.210        20
35.220        87
35.230       100
35.240        73
35.250        80
35.260        33
35.270        67
35.280        80
35.290        47
35.300        87
35.310        53
35.320        67
35.330        93
35.340        80
35.350        67
35.360       100
35.370        47
35.380        47
35.390        87
35.400        40
35.410        33
35.420        73
35.430        33
35.440        47
35.450        40
35.460        33
35.470        60
35.480        20
35.490        60
35.500        60
35.510        53
35.520        13
35.530        33
35.540        60
35.550         7
35.560        47
35.570        27
35.580        13
35.590        53
35.600        40
35.610        53
35.620        40
35.630        40
35.640        33
35.650        20
35.660        33
35.670        73
35.680        33
35.690        13
35.700        27
35.710        20
35.720        33
35.730        40
35.740        40
35.750        13
35.760        13
35.770         7
35.780        40
35.790        53
35.800        27
35.810         7
35.820        53
35.830        33
35.840        27
35.850        47
35.860        47
35.870        13
35.880        33
35.890        13
35.900        13
35.910         0
35.920        27
35.930        27
35.940        27
35.950        60
35.960        13
35.970        20
35.980        53
35.990        40
36.000        47
36.010         7
36.020        13
36.030        13
36.040        27
36.050        27
36.060        20
36.070        20
36.080        40
36.090        20
36.100        53
36.110        40
36.120        73
36.130        53
36.140        60
36.150        53
36.160        53
36.170        33
36.180        27
36.190        40
36.200        47
36.210        27
36.220        67
36.230        40
36.240        73
36.250        73
36.260        47
36.270        33
36.280        53
36.290        53
36.300        53
36.310        33
36.320        47
36.330        47
36.340        67
36.350        67
36.360        47
36.370        27
36.380        53
36.390        53
36.400        20
36.410        33
36.420        33
36.430        20
36.440        27
36.450        40
36.460        67
36.470        33
36.480        33
36.490        40
36.500        27
36.510        73
36.520        67
36.530        27
36.540        53
36.550        40
36.560        27
36.570        47
36.580        33
36.590        47
36.600        47
36.610        33
36.620        40
36.630        53
36.640        47
36.650        47
36.660        40
36.670        33
36.680        27
36.690        40
36.700        27
36.710        33
36.720        27
36.730        60
36.740        47
36.750        27
36.760        60
36.770         0
36.780        20
36.790        20
36.800        47
36.810        20
36.820        20
36.830        20
36.840        20
36.850        33
36.860        27
36.870        27
36.880        47
36.890        27
36.900        40
36.910        53
36.920        53
36.930        13
36.940        27
36.950        33
36.960        27
36.970        13
36.980        27
36.990        20
37.000        47
37.010        33
37.020        27
37.030        40
37.040        20
37.050        20
37.060        27
37.070        20
37.080        33
37.090        13
37.100        33
37.110        40
37.120        33
37.130        40
37.140        13
37.150        33
37.160        27
37.170        40
37.180        33
37.190        53
37.200        27
37.210        47
37.220        67
37.230        60
37.240        27
37.250        47
37.260        33
37.270        53
37.280        53
37.290        53
37.300        40
37.310        47
37.320        47
37.330        33
37.340        47
37.350        60
37.360        47
37.370        40
37.380        67
37.390        27
37.400        33
37.410        20
37.420        40
37.430        40
37.440        60
37.450        27
37.460         7
37.470        27
37.480        53
37.490        27
37.500        33
37.510        27
37.520         7
37.530         7
37.540        27
37.550        33
37.560        13
37.570        40
37.580        20
37.590        27
37.600        53
37.610        40
37.620        27
37.630         7
37.640        20
37.650        40
37.660        33
37.670        27
37.680        40
37.690        20
37.700        33
37.710        27
37.720        27
37.730        47
37.740        33
37.750        20
37.760        27
37.770        47
37.780        27
37.790        67
37.800        27
37.810        20
37.820        27
37.830        73
37.840        40
37.850        60
37.860        33
37.870        67
37.880        53
37.890        93
37.900        53
37.910        40
37.920        27
37.930        20
37.940        40
37.950        33
37.960        27
37.970        40
37.980        47
37.990        33
38.000        80
38.010        33
38.020        47
38.030        60
38.040        47
38.050        40
38.060        40
38.070         7
38.080        67
38.090        13
38.100        60
38.110        47
38.120        33
38.130        87
38.140        67
38.150        33
38.160        53
38.170        33
38.180        67
38.190        40
38.200        27
38.210        20
38.220         0
38.230         7
38.240        20
38.250        33
38.260        33
38.270         7
38.280        47
38.290        27
38.300        33
38.310        47
38.320        20
38.330        40
38.340        20
38.350        47
38.360        47
38.370        33
38.380        47
38.390        53
38.400        33
38.410        60
38.420        80
38.430        33
38.440        60
38.450        73
38.460        40
38.470        20
38.480        60
38.490        20
38.500        20
38.510        27
38.520        40
38.530        67
38.540        27
38.550        67
38.560        67
38.570        27
38.580        27
38.590        60
38.600        60
38.610        47
38.620        73
38.630        40
38.640        20
38.650        87
38.660        73
38.670        93
38.680        27
38.690        47
38.700        60
38.710        33
38.720        13
38.730        60
38.740        53
38.750        33
38.760        27
38.770        53
38.780        53
38.790        53
38.800        40
38.810        73
38.820        13
38.830        27
38.840        60
38.850        40
38.860        33
38.870        20
38.880        47
38.890        60
38.900        60
38.910        53
38.920        67
38.930        53
38.940        33
38.950        47
38.960        47
38.970        47
38.980        60
38.990        53
39.000        67
39.010        27
39.020        67
39.030        60
39.040        73
39.050        73
39.060        80
39.070        47
39.080        33
39.090        80
39.100        47
39.110        33
39.120        40
39.130        87
39.140        47
39.150        47
39.160        73
39.170        60
39.180       100
39.190        53
39.200        53
39.210        40
39.220        67
39.230        80
39.240        60
39.250        33
39.260        73
39.270        33
39.280        47
39.290        47
39.300        40
39.310        47
39.320        13
39.330        20
39.340        40
39.350        47
39.360        40
39.370        47
39.380        40
39.390        40
39.400        20
39.410        33
39.420        27
39.430        20
39.440        27
39.450        33
39.460        40
39.470        27
39.480        33
39.490        40
39.500         7
39.510        27
39.520        27
39.530        40
39.540        40
39.550        40
39.560        27
39.570        27
39.580        47
39.590        13
39.600        40
39.610        53
39.620        40
39.630        40
39.640        47
39.650        27
39.660        33
39.670        53
39.680        13
39.690        67
39.700        87
39.710        60
39.720        27
39.730        27
39.740        27
39.750        47
39.760        53
39.770        20
39.780        20
39.790        47
39.800        47
39.810        33
39.820        40
39.830        60
39.840        20
39.850        20
39.860        27
39.870        27
39.880        13
39.890        53
39.900        47
39.910        60
39.920        93
39.930        67
39.940        67
39.950        53
39.960        47
39.970       113
39.980        73
39.990        53
40.000        93
40.010        73
40.020        67
40.030        67
40.040        20
40.050        93
40.060        47
40.070        67
40.080        47
40.090        67
40.100        60
40.110        73
40.120        73
40.130        60
40.140        33
40.150        27
40.160        53
40.170        27
40.180        60
40.190         7
40.200        27
40.210        40
40.220        27
40.230        40
40.240        33
40.250        73
40.260        40
40.270        27
40.280        33
40.290        33
40.300        20
40.310        33
40.320        27
40.330        40
40.340        20
40.350        47
40.360        27
40.370        53
40.380        33
40.390        27
40.400         0
40.410        33
40.420        40
40.430        13
40.440        20
40.450        40
40.460        40
40.470        33
40.480        73
40.490        40
40.500        33
40.510        40
40.520        40
40.530        80
40.540        60
40.550        27
40.560        47
40.570        13
40.580        47
40.590        80
40.600        67
40.610        40
40.620        40
40.630        47
40.640        40
40.650        47
40.660        33
40.670        33
40.680        73
40.690        40
40.700        40
40.710        33
40.720        33
40.730        27
40.740        33
40.750        33
40.760        40
40.770        53
40.780        33
40.790        47
40.800        40
40.810        47
40.820        40
40.830        67
40.840        47
40.850        40
40.860        60
40.870        53
40.880        40
40.890        47
40.900        40
40.910        33
40.920        33
40.930         7
40.940       107
40.950        27
40.960        27
40.970        33
40.980        20
40.990        27
41.000        33
41.010        33
41.020        20
41.030        33
41.040        27
41.050        33
41.060        27
41.070         0
41.080        13
41.090         7
41.100        47
41.110        27
41.120        40
41.130        27
41.140        40
41.150        13
41.160        27
41.170         7
41.180        13
41.190        27
41.200        47
41.210        20
41.220        53
41.230        33
41.240        33
41.250        27
41.260        47
41.270        53
41.280        27
41.290        20
41.300        27
41.310        73
41.320        40
41.330        53
41.340        60
41.350        33
41.360        27
41.370        27
41.380        33
41.390        53
41.400        47
41.410        60
41.420        20
41.430        73
41.440        60
41.450        53
41.460        20
41.470        27
41.480        40
41.490        53
41.500        47
41.510        53
41.520        60
41.530        20
41.540        13
41.550        13
41.560        20
41.570        33
41.580         7
41.590        20
41.600        13
41.610        60
41.620        53
41.630        13
41.640        33
41.650        40
41.660        20
41.670        20
41.680        40
41.690        33
41.700        33
41.710        27
41.720        27
41.730        40
41.740        27
41.750         7
41.760        40
41.770        13
41.780        33
41.790        47
41.800        20
41.810        27
41.820        40
41.830        20
41.840        27
41.850        27
41.860        27
41.870         7
41.880        20
41.890        20
41.900         7
41.910        73
41.920        27
41.930        40
41.940        27
41.950        13
41.960        13
41.970        20
41.980        33
41.990        20
42.000        20
42.010        13
42.020        47
42.030        20
42.040        20
42.050        20
42.060        27
42.070        53
42.080        80
42.090        13
42.100        20
42.110        27
42.120        40
42.130        60
42.140        33
42.150        40
42.160        13
42.170        27
42.180        33
42.190        67
42.200        27
42.210        40
42.220        20
42.230        47
42.240        27
42.250        47
42.260        40
42.270        20
42.280        33
42.290        40
42.300        33
42.310        33
42.320        27
42.330        13
42.340        53
42.350        20
42.360        40
42.370        27
42.380        33
42.390        13
42.400        20
42.410        53
42.420        33
42.430        33
42.440        27
42.450        13
42.460        40
42.470        33
42.480        13
42.490        13
42.500        47
42.510        20
42.520        40
42.530        27
42.540        47
42.550        33
42.560        20
42.570        40
42.580        47
42.590        27
42.600        20
42.610        27
42.620        33
42.630        33
42.640        20
42.650        20
42.660        13
42.670        20
42.680        27
42.690        20
42.700        27
42.710        13
42.720        27
42.730        33
42.740        47
42.750        53
42.760        33
42.770        27
42.780        40
42.790        33
42.800        20
42.810        20
42.820        27
42.830        53
42.840        33
42.850        13
42.860        53
42.870        13
42.880        27
42.890        40
42.900        27
42.910        27
42.920        27
42.930         7
42.940        20
42.950        27
42.960         7
42.970        13
42.980        60
42.990        47
43.000        13
43.010        27
43.020        27
43.030        40
43.040        40
43.050        53
43.060        20
43.070        27
43.080         7
43.090        80
43.100        20
43.110        40
43.120        33
43.130         7
43.140        20
43.150        20
43.160        60
43.170        27
43.180        40
43.190        27
43.200        27
43.210        47
43.220        40
43.230        40
43.240        27
43.250        20
43.260         7
43.270        53
43.280        20
43.290        47
43.300        60
43.310        33
43.320         7
43.330        47
43.340        40
43.350        40
43.360        33
43.370        67
43.380        20
43.390        20
43.400        47
43.410        40
43.420        33
43.430        27
43.440        40
43.450        40
43.460        60
43.470        40
43.480        33
43.490        47
43.500        47
43.510        53
43.520        13
43.530        33
43.540         0
43.550        40
43.560        33
43.570        40
43.580        40
43.590        20
43.600        20
43.610         7
43.620        27
43.630        27
43.640        27
43.650        27
43.660        13
43.670        13
43.680        40
43.690        47
43.700        13
43.710        33
43.720        27
43.730        67
43.740        40
43.750        20
43.760        27
43.770        33
43.780        40
43.790        20
43.800        13
43.810        20
43.820        27
43.830        27
43.840        27
43.850         0
43.860        20
43.870        33
43.880        33
43.890        33
43.900        33
43.910        20
43.920        40
43.930        20
43.940        27
43.950        27
43.960        33
43.970        33
43.980        40
43.990        27
44.000        20
44.010        27
44.020        27
44.030        40
44.040        33
44.050        27
44.060        40
44.070        20
44.080        33
44.090        40
44.100        33
44.110         7
44.120        40
44.130        53
44.140        53
44.150        20
44.160        47
44.170        47
44.180        33
44.190        33
44.200        33
44.210        47
44.220        27
44.230        40
44.240        40
44.250        47
44.260        40
44.270        47
44.280        47
44.290        33
44.300        33
44.310        27
44.320        33
44.330        47
44.340        27
44.350        27
44.360        13
44.370        47
44.380        27
44.390        20
44.400        33
44.410        67
44.420        27
44.430        47
44.440        33
44.450        27
44.460        27
44.470        47
44.480        53
44.490        20
44.500        60
44.510        20
44.520        33
44.530        40
44.540        53
44.550        40
44.560        47
44.570        33
44.580        33
44.590        20
44.600        53
44.610        13
44.620        27
44.630        27
44.640        60
44.650        53
44.660        13
44.670        53
44.680        40
44.690        53
44.700        47
44.710        40
44.720        33
44.730         7
44.740        27
44.750        47
44.760        20
44.770        40
44.780        60
44.790        47
44.800        53
44.810        33
44.820        60
44.830        53
44.840        40
44.850        67
44.860        20
44.870        67
44.880        60
44.890        47
44.900        33
44.910        53
44.920        53
44.930        33
44.940       113
44.950        40
44.960        93
44.970       113
44.980        87
44.990        67
45.000        60
45.010        47
45.020        73
45.030        80
45.040        47
45.050        73
45.060         7
45.070        60
45.080        47
45.090        47
45.100        47
45.110        40
45.120        47
45.130        67
45.140        20
45.150        47
45.160        47
45.170        47
45.180        13
45.190        40
45.200        27
45.210        40
45.220        47
45.230        73
45.240        40
45.250        60
45.260        40
45.270        40
45.280        33
45.290        40
45.300        47
45.310        53
45.320        47
45.330        60
45.340        60
45.350        40
45.360        40
45.370        40
45.380        53
45.390        47
45.400         7
45.410        47
45.420        33
45.430        20
45.440        20
45.450        13
45.460        20
45.470        13
45.480        53
45.490        13
45.500        40
45.510        27
45.520        40
45.530        20
45.540        13
45.550        53
45.560        27
45.570        87
45.580        40
45.590        80
45.600        20
45.610        67
45.620        47
45.630        47
45.640        53
45.650        33
45.660        47
45.670        27
45.680        60
45.690        20
45.700        40
45.710        27
45.720        53
45.730        80
45.740        27
45.750        53
45.760        33
45.770        80
45.780        27
45.790        67
45.800        27
45.810        33
45.820        60
45.830        73
45.840        27
45.850        33
45.860        27
45.870        53
45.880        33
45.890        27
45.900        27
45.910        67
45.920        53
45.930        40
45.940        27
45.950        27
45.960        53
45.970        47
45.980        20
45.990        20
46.000        27
46.010        27
46.020        73
46.030        33
46.040        33
46.050        47
46.060        33
46.070        40
46.080        47
46.090        27
46.100        27
46.110        33
46.120        33
46.130        40
46.140        20
46.150        20
46.160        33
46.170        53
46.180        53
46.190        53
46.200        47
46.210        40
46.220        40
46.230        27
46.240        20
46.250        60
46.260        60
46.270        47
46.280        60
46.290        80
46.300        47
46.310        13
46.320        13
46.330        60
46.340        33
46.350        67
46.360        60
46.370        27
46.380        13
46.390        53
46.400        27
46.410        13
46.420        33
46.430         7
46.440        33
46.450        27
46.460        27
46.470        73
46.480        33
46.490        20
46.500        27
46.510        53
46.520        20
46.530        33
46.540        40
46.550        20
46.560         7
46.570        33
46.580        33
46.590        67
46.600        13
46.610        27
46.620        33
46.630        47
46.640        20
46.650         7
46.660        13
46.670        13
46.680        20
46.690        53
46.700        53
46.710        33
46.720        27
46.730        40
46.740        60
46.750        20
46.760        13
46.770        40
46.780         7
46.790        20
46.800        27
46.810         7
46.820        27
46.830        27
46.840        13
46.850        13
46.860         7
46.870        27
46.880        13
46.890        27
46.900        33
46.910        27
46.920        40
46.930        27
46.940        20
46.950        33
46.960        20
46.970        33
46.980        53
46.990        40
47.000        13
47.010        20
47.020        33
47.030        27
47.040        13
47.050        27
47.060        20
47.070        20
47.080        27
47.090        40
47.100        20
47.110        33
47.120        47
47.130        47
47.140        27
47.150        13
47.160        33
47.170         7
47.180        33
47.190        40
47.200        13
47.210        40
47.220        20
47.230        20
47.240        67
47.250        20
47.260        33
47.270         7
47.280        33
47.290        13
47.300        20
47.310        20
47.320        27
47.330        13
47.340        40
47.350        13
47.360        20
47.370        27
47.380        40
47.390        13
47.400        20
47.410         7
47.420        20
47.430        27
47.440        20
47.450        13
47.460        40
47.470        33
47.480        20
47.490        20
47.500        33
47.510        33
47.520        20
47.530        33
47.540        33
47.550        20
47.560        47
47.570         7
47.580        33
47.590        40
47.600        33
47.610        33
47.620        33
47.630         7
47.640        13
47.650        13
47.660        13
47.670        47
47.680        27
47.690        13
47.700        27
47.710        20
47.720         7
47.730        27
47.740        20
47.750        47
47.760        40
47.770        33
47.780        40
47.790        33
47.800        13
47.810        27
47.820        27
47.830        33
47.840        20
47.850        20
47.860        27
47.870         7
47.880        40
47.890        33
47.900        33
47.910        40
47.920        27
47.930        13
47.940        27
47.950        13
47.960        13
47.970        33
47.980        27
47.990        20
48.000        20
48.010         0
48.020        40
48.030        20
48.040        33
48.050         7
48.060        27
48.070        13
48.080         7
48.090        20
48.100         7
48.110        20
48.120        27
48.130         7
48.140         7
48.150         7
48.160         7
48.170        33
48.180        20
48.190        27
48.200        20
48.210        13
48.220        20
48.230        13
48.240        27
48.250        27
48.260        13
48.270        33
48.280        27
48.290        27
48.300        27
48.310        13
48.320        20
48.330        20
48.340        20
48.350        20
48.360         7
48.370        33
48.380         7
48.390        13
48.400        20
48.410        20
48.420        13
48.430        20
48.440        33
48.450        20
48.460        13
48.470         7
48.480        20
48.490        33
48.500        20
48.510        20
48.520        33
48.530        20
48.540        13
48.550        20
48.560        20
48.570        40
48.580        27
48.590        27
48.600         7
48.610        20
48.620        27
48.630        40
48.640        13
48.650        33
48.660        20
48.670        27
48.680        13
48.690        27
48.700         7
48.710        40
48.720        40
48.730         7
48.740        33
48.750        27
48.760        53
48.770        60
48.780        40
48.790         7
48.800        60
48.810        33
48.820         7
48.830        40
48.840        20
48.850        33
48.860        27
48.870        20
48.880        40
48.890        13
48.900        47
48.910        13
48.920        27
48.930        20
48.940        47
48.950        53
48.960        20
48.970        20
48.980        33
48.990        33
49.000        27
49.010        20
49.020        47
49.030         7
49.040        27
49.050         0
49.060        27
49.070        33
49.080        40
49.090        20
49.100        47
49.110         7
49.120        20
49.130        13
49.140        13
49.150        20
49.160        47
49.170         7
49.180        53
49.190        20
49.200        13
49.210        13
49.220        13
49.230        13
49.240         7
49.250        33
49.260        20
49.270        27
49.280        53
49.290        53
49.300         0
49.310        13
49.320        27
49.330        20
49.340        33
49.350        40
49.360        53
49.370        33
49.380        20
49.390         7
49.400        27
49.410        47
49.420        27
49.430        20
49.440        13
49.450        13
49.460        40
49.470        47
49.480        13
49.490        47
49.500        33
49.510        13
49.520        20
49.530        33
49.540        27
49.550        27
49.560        20
49.570        60
49.580        20
49.590        27
49.600        53
49.610        20
49.620        27
49.630        53
49.640        27
49.650        27
49.660         7
49.670        13
49.680        40
49.690        20
49.700        53
49.710        13
49.720        13
49.730        20
49.740        33
49.750        20
49.760        20
49.770        60
49.780        47
49.790         7
49.800        20
49.810        47
49.820        13
49.830        27
49.840        33
49.850        33
49.860        33
49.870        33
49.880        20
49.890        27
49.900        20
49.910        33
49.920        13
49.930        20
49.940        33
49.950         7
49.960         7
49.970        27
49.980        33
49.990        40
50.000        20
50.010        20
50.020        33
50.030        20
50.040        20
50.050        13
50.060        33
50.070        13
50.080        27
50.090        13
50.100        27
50.110        20
50.120        13
50.130        47
50.140        27
50.150        40
50.160        47
50.170         7
50.180        13
50.190        60
50.200        33
50.210        27
50.220        47
50.230        33
50.240        47
50.250        40
50.260        27
50.270        33
50.280        27
50.290        67
50.300        33
50.310        33
50.320        20
50.330        20
50.340        20
50.350        13
50.360        13
50.370        20
50.380        73
50.390        47
50.400        27
50.410        27
50.420        27
50.430        13
50.440        13
50.450        47
50.460        40
50.470        40
50.480        27
50.490        20
50.500        53
50.510        20
50.520        47
50.530        33
50.540         7
50.550        53
50.560        33
50.570        33
50.580        40
50.590         7
50.600        13
50.610        13
50.620        33
50.630        40
50.640        60
50.650        20
50.660        47
50.670        27
50.680        47
50.690        27
50.700        40
50.710        40
50.720        13
50.730        40
50.740        33
50.750        20
50.760        40
50.770        40
50.780        27
50.790        47
50.800        40
50.810         7
50.820        60
50.830        53
50.840        53
50.850        33
50.860        40
50.870        47
50.880        73
50.890        33
50.900        40
50.910        33
50.920        53
50.930        40
50.940        60
50.950        67
50.960        47
50.970        20
50.980        47
50.990        27
51.000        27
51.010        93
51.020        47
51.030        47
51.040        47
51.050        33
51.060        33
51.070        67
51.080         7
51.090        20
51.100        60
51.110        40
51.120        33
51.130        40
51.140        27
51.150        20
51.160        53
51.170        27
51.180        27
51.190        13
51.200        27
51.210        47
51.220        40
51.230        13
51.240        13
51.250        40
51.260        40
51.270        13
51.280        47
51.290        40
51.300        20
51.310        20
51.320        20
51.330        20
51.340        40
51.350        40
51.360        33
51.370        40
51.380        40
51.390        27
51.400        40
51.410        40
51.420        27
51.430        27
51.440        33
51.450        20
51.460        13
51.470        27
51.480        20
51.490        73
51.500        33
51.510        40
51.520        33
51.530        33
51.540        67
51.550        40
51.560        33
51.570        27
51.580        47
51.590        53
51.600        47
51.610        33
51.620        33
51.630        33
51.640        40
51.650        27
51.660        27
51.670        27
51.680        60
51.690        53
51.700        33
51.710        53
51.720        13
51.730        53
51.740        27
51.750        20
51.760        47
51.770        40
51.780        47
51.790        20
51.800         7
51.810        33
51.820        27
51.830        47
51.840        40
51.850         7
51.860        33
51.870        47
51.880        20
51.890        27
51.900        47
51.910        13
51.920        40
51.930         7
51.940        20
51.950        40
51.960        13
51.970        13
51.980        33
51.990        13
52.000        33
52.010        13
52.020        20
52.030        20
52.040         0
52.050         7
52.060        13
52.070        20
52.080        20
52.090        53
52.100        47
52.110        13
52.120        20
52.130        13
52.140         7
52.150         7
52.160        20
52.170        13
52.180         7
52.190        27
52.200        33
52.210        20
52.220         7
52.230        13
52.240        20
52.250        27
52.260        20
52.270        20
52.280        13
52.290        33
52.300        20
52.310        33
52.320        20
52.330        27
52.340        33
52.350        47
52.360        20
52.370         0
52.380        27
52.390         0
52.400        20
52.410        33
52.420        20
52.430        13
52.440        33
52.450        40
52.460        40
52.470        60
52.480        33
52.490        27
52.500        27
52.510         7
52.520         7
52.530        20
52.540         7
52.550        33
52.560        20
52.570        33
52.580        20
52.590        20
52.600        27
52.610        27
52.620        33
52.630        33
52.640        47
52.650        13
52.660         7
52.670        13
52.680        40
52.690        27
52.700        13
52.710        20
52.720        13
52.730         0
52.740        13
52.750        20
52.760        33
52.770        47
52.780        33
52.790        13
52.800        33
52.810        13
52.820        13
52.830        13
52.840        20
52.850        27
52.860        53
52.870        60
52.880        40
52.890        27
52.900        47
52.910        53
52.920        20
52.930         7
52.940        67
52.950        47
52.960        40
52.970        27
52.980         7
52.990        20
53.000         7
53.010        13
53.020        87
53.030        20
53.040        13
53.050        20
53.060        47
53.070        27
53.080        40
53.090        33
53.100        27
53.110        20
53.120        27
53.130        27
53.140        13
53.150        33
53.160        27
53.170        33
53.180        47
53.190        13
53.200        53
53.210        40
53.220        33
53.230        13
53.240        27
53.250        40
53.260        33
53.270        27
53.280        47
53.290        33
53.300        40
53.310        20
53.320        13
53.330        33
53.340        27
53.350        20
53.360        20
53.370        33
53.380        13
53.390        13
53.400        13
53.410        20
53.420        13
53.430        33
53.440        20
53.450        13
53.460        47
53.470         7
53.480         7
53.490        13
53.500        20
53.510        47
53.520        13
53.530         7
53.540        20
53.550        47
53.560        27
53.570         0
53.580        20
53.590         7
53.600        13
53.610         7
53.620        13
53.630        33
53.640        27
53.650        27
53.660        40
53.670        27
53.680        20
53.690        53
53.700        27
53.710        40
53.720        13
53.730        33
53.740        40
53.750        47
53.760        27
53.770        20
53.780        47
53.790        20
53.800        33
53.810        33
53.820        60
53.830        27
53.840        67
53.850        47
53.860        40
53.870        60
53.880        27
53.890        33
53.900        33
53.910        13
53.920        27
53.930        47
53.940         7
53.950        13
53.960        27
53.970        13
53.980         7
53.990        33
54.000        33
54.010        33
54.020        27
54.030        20
54.040        13
54.050        20
54.060        27
54.070        33
54.080         7
54.090        27
54.100        47
54.110        33
54.120        53
54.130        13
54.140        33
54.150        13
54.160         7
54.170        20
54.180        53
54.190        20
54.200        47
54.210        27
54.220        27
54.230        20
54.240        33
54.250        60
54.260        13
54.270        27
54.280        20
54.290        60
54.300        53
54.310        40
54.320        33
54.330        20
54.340        53
54.350        67
54.360        40
54.370        80
54.380         7
54.390        47
54.400        53
54.410        13
54.420        60
54.430        53
54.440        53
54.450        27
54.460        27
54.470        53
54.480        33
54.490        47
54.500        67
54.510        53
54.520        73
54.530        27
54.540        13
54.550        20
54.560        33
54.570        33
54.580        53
54.590        47
54.600        80
54.610        40
54.620        33
54.630        40
54.640        53
54.650        40
54.660        67
54.670        27
54.680        53
54.690        27
54.700        53
54.710        13
54.720        40
54.730        40
54.740        13
54.750        27
54.760        33
54.770        47
54.780        13
54.790        33
54.800         7
54.810        33
54.820         7
54.830        13
54.840        53
54.850        33
54.860        27
54.870        20
54.880        33
54.890        13
54.900        67
54.910        33
54.920        20
54.930        13
54.940        47
54.950        33
54.960        53
54.970        20
54.980        27
54.990         7
55.000        27
55.010        27
55.020        53
55.030        40
55.040         7
55.050        20
55.060        20
55.070        27
55.080        33
55.090        40
55.100        33
55.110        20
55.120        40
55.130        20
55.140        40
55.150        20
55.160        13
55.170        20
55.180        20
55.190        67
55.200        27
55.210        20
55.220        60
55.230        40
55.240        40
55.250        33
55.260        40
55.270        33
55.280        20
55.290        13
55.300        47
55.310        13
55.320        27
55.330        27
55.340        33
55.350        20
55.360        20
55.370        73
55.380        27
55.390        53
55.400        20
55.410        13
55.420         7
55.430        20
55.440        47
55.450        47
55.460        47
55.470        13
55.480        13
55.490        40
55.500        27
55.510        20
55.520        13
55.530        20
55.540        33
55.550        27
55.560        13
55.570        27
55.580        13
55.590        20
55.600        40
55.610        27
55.620        47
55.630        27
55.640        13
55.650        13
55.660        27
55.670        47
55.680        20
55.690        27
55.700        33
55.710        20
55.720        27
55.730         0
55.740        13
55.750         7
55.760        13
55.770         0
55.780        20
55.790        33
55.800        47
55.810         7
55.820        20
55.830        20
55.840        27
55.850        13
55.860        20
55.870        33
55.880        27
55.890        20
55.900        20
55.910        27
55.920        13
55.930        20
55.940        27
55.950        47
55.960         7
55.970        27
55.980        40
55.990        27
56.000        27
56.010        47
56.020        27
56.030        47
56.040        40
56.050        33
56.060        27
56.070        13
56.080        53
56.090        47
56.100        27
56.110        33
56.120        60
56.130        40
56.140        67
56.150        33
56.160        40
56.170        40
56.180        60
56.190        53
56.200        60
56.210        60
56.220        47
56.230        53
56.240        33
56.250        33
56.260        27
56.270        53
56.280        33
56.290        60
56.300        67
56.310        20
56.320        67
56.330        20
56.340        60
56.350        27
56.360        47
56.370        40
56.380        33
56.390        40
56.400        53
56.410        27
56.420        20
56.430        33
56.440         7
56.450        20
56.460        20
56.470        73
56.480        73
56.490        20
56.500        40
56.510        13
56.520        13
56.530        40
56.540        73
56.550        47
56.560        60
56.570        27
56.580        20
56.590        33
56.600        33
56.610        40
56.620        27
56.630        20
56.640        40
56.650        47
56.660        47
56.670        47
56.680        47
56.690        53
56.700        40
56.710        27
56.720        47
56.730        53
56.740        60
56.750        53
56.760        40
56.770        60
56.780        33
56.790        20
56.800        60
56.810        27
56.820        27
56.830        20
56.840        53
56.850        20
56.860        73
56.870        20
56.880        40
56.890        20
56.900        27
56.910        27
56.920        13
56.930        20
56.940         7
56.950        13
56.960        33
56.970        47
56.980        53
56.990        33
57.000        33
57.010        20
57.020        27
57.030        27
57.040        53
57.050        27
57.060        27
57.070        27
57.080        27
57.090        27
57.100        33
57.110        53
57.120        27
57.130        27
57.140        20
57.150        53
57.160        27
57.170        40
57.180        40
57.190         0
57.200        13
57.210        40
57.220        53
57.230        13
57.240        27
57.250        40
57.260        33
57.270        40
57.280        53
57.290        13
57.300        20
57.310        60
57.320        40
57.330        33
57.340        53
57.350        27
57.360        40
57.370        20
57.380        27
57.390        53
57.400        40
57.410        20
57.420        73
57.430         7
57.440        20
57.450        20
57.460        33
57.470         7
57.480        20
57.490        13
57.500        47
57.510        40
57.520        67
57.530        47
57.540        27
57.550        40
57.560        20
57.570        33
57.580        13
57.590        27
57.600        20
57.610         7
57.620        27
57.630        27
57.640         7
57.650        40
57.660        13
57.670        20
57.680        33
57.690        27
57.700        20
57.710        33
57.720         7
57.730         0
57.740        40
57.750        13
57.760        33
57.770         7
57.780        33
57.790        13
57.800        20
57.810        27
57.820        13
57.830        47
57.840        20
57.850        13
57.860        27
57.870        20
57.880        53
57.890        27
57.900        13
57.910        33
57.920        20
57.930        20
57.940        33
57.950        13
57.960        40
57.970        13
57.980        27
57.990        47
58.000        20
58.010        33
58.020        27
58.030        33
58.040        13
58.050        67
58.060        20
58.070        27
58.080        40
58.090        67
58.100        47
58.110         7
58.120        33
58.130        47
58.140        13
58.150        27
58.160        13
58.170        20
58.180        27
58.190        67
58.200        67
58.210        53
58.220        40
58.230        47
58.240        27
58.250        13
58.260        33
58.270        13
58.280        27
58.290        20
58.300        27
58.310         7
58.320        67
58.330        20
58.340        53
58.350        47
58.360        47
58.370        33
58.380        33
58.390         7
58.400         0
58.410        27
58.420        13
58.430        33
58.440        33
58.450         0
58.460        20
58.470        20
58.480        13
58.490        27
58.500        27
58.510        13
58.520        40
58.530        40
58.540        40
58.550        40
58.560        40
58.570        13
58.580        13
58.590        27
58.600        20
58.610        20
58.620        40
58.630        20
58.640        33
58.650        40
58.660         7
58.670         7
58.680        20
58.690        13
58.700         7
58.710        20
58.720        27
58.730         0
58.740        27
58.750        60
58.760        33
58.770        20
58.780        13
58.790        20
58.800        27
58.810        20
58.820        67
58.830        20
58.840        60
58.850        13
58.860        27
58.870        33
58.880        27
58.890        33
58.900        53
58.910        40
58.920        20
58.930        33
58.940        13
58.950        20
58.960        47
58.970        20
58.980        27
58.990        27
59.000        40
59.010        27
59.020        20
59.030        27
59.040        33
59.050         7
59.060        20
59.070        27
59.080        53
59.090        33
59.100        53
59.110         7
59.120        47
59.130        27
59.140        27
59.150        40
59.160        20
59.170        27
59.180         7
59.190        33
59.200         7
59.210        13
59.220        47
59.230         0
59.240        40
59.250        27
59.260        20
59.270        20
59.280        13
59.290        20
59.300        33
59.310        33
59.320        13
59.330        20
59.340         0
59.350        20
59.360         7
59.370        20
59.380        40
59.390        27
59.400        27
59.410         0
59.420         7
59.430        20
59.440        13
59.450         0
59.460        33
59.470         0
59.480         7
59.490        40
59.500        40
59.510        20
59.520        40
59.530        27
59.540        27
59.550         7
59.560        13
59.570        53
59.580        47
59.590        40
59.600        13
59.610        47
59.620        13
59.630        53
59.640        33
59.650        33
59.660        53
59.670        73
59.680        27
59.690        27
59.700        20
59.710         7
59.720        27
59.730        20
59.740        27
59.750        47
59.760        33
59.770        13
59.780        27
59.790        33
59.800        33
59.810        27
59.820        27
59.830         7
59.840        53
59.850        20
59.860        27
59.870        20
59.880        33
59.890        40
59.900        20
59.910        27
59.920        20
59.930        27
59.940        27
59.950        33
59.960        13
59.970        20
59.980        20
59.990         0
60.000        53
60.010        27
60.020        27
60.030        13
60.040        13
60.050         0
60.060        20
60.070        13
60.080        40
60.090        27
60.100         7
60.110        27
60.120        27
60.130        27
60.140        20
60.150        13
60.160        13
60.170        13
60.180        33
60.190        33
60.200        27
60.210        40
60.220         7
60.230        13
60.240        40
60.250         7
60.260        20
60.270        20
60.280        20
60.290        27
60.300        33
60.310        27
60.320        27
60.330        33
60.340        47
60.350        47
60.360        20
60.370        20
60.380        27
60.390        20
60.400        53
60.410        33
60.420        33
60.430        53
60.440        53
60.450        53
60.460        33
60.470        47
60.480        27
60.490        13
60.500        53
60.510        20
60.520        20
60.530        20
60.540        20
60.550        20
60.560        33
60.570        27
60.580        53
60.590        40
60.600         7
60.610        27
60.620         7
60.630        33
60.640        40
60.650        27
60.660        33
60.670        47
60.680        13
60.690        13
60.700        20
60.710         7
60.720        20
60.730        20
60.740        13
60.750        40
60.760         0
60.770        13
60.780        20
60.790        20
60.800        33
60.810        20
60.820         0
60.830         7
60.840        20
60.850        27
60.860        13
60.870        20
60.880        20
60.890        20
60.900         0
60.910        13
60.920        13
60.930        40
60.940        40
60.950         7
60.960         7
60.970        27
60.980        27
60.990        13
61.000        20
61.010        40
61.020        27
61.030         7
61.040        27
61.050        40
61.060        27
61.070        27
61.080        27
61.090        40
61.100        20
61.110        20
61.120        27
61.130        20
61.140        13
61.150        40
61.160        13
61.170        13
61.180        53
61.190        20
61.200        33
61.210        53
61.220        27
61.230        13
61.240         7
61.250        40
61.260        33
61.270        40
61.280         7
61.290        27
61.300        40
61.310        13
61.320        13
61.330         7
61.340        60
61.350        27
61.360        40
61.370        20
61.380        40
61.390        20
61.400        27
61.410        47
61.420         7
61.430        20
61.440        47
61.450        47
61.460        20
61.470        27
61.480         7
61.490        33
61.500        40
61.510        27
61.520         7
61.530        13
61.540        20
61.550        13
61.560        27
61.570        33
61.580        27
61.590        27
61.600        27
61.610        13
61.620         0
61.630        20
61.640        13
61.650        20
61.660        53
61.670         7
61.680         7
61.690        20
61.700        27
61.710        13
61.720        20
61.730        27
61.740         0
61.750        13
61.760         7
61.770         0
61.780        20
61.790        27
61.800        27
61.810         7
61.820        33
61.830        20
61.840        27
61.850        47
61.860        27
61.870        20
61.880        13
61.890        40
61.900        13
61.910        13
61.920        13
61.930        27
61.940         0
61.950        13
61.960        13
61.970        20
61.980        33
61.990        47
62.000        27
62.010        53
62.020        13
62.030        20
62.040        13
62.050        20
62.060        40
62.070         0
62.080        13
62.090        53
62.100        33
62.110        20
62.120         0
62.130        13
62.140        20
62.150        33
62.160        33
62.170        27
62.180        47
62.190        13
62.200        27
62.210        33
62.220        27
62.230        33
62.240        13
62.250        40
62.260        27
62.270        33
62.280         0
62.290        67
62.300         7
62.310        13
62.320        53
62.330        67
62.340        33
62.350        33
62.360        27
62.370        20
62.380        20
62.390        13
62.400        13
62.410        33
62.420        20
62.430        27
62.440        33
62.450        27
62.460        27
62.470        20
62.480        33
62.490        27
62.500        20
62.510        13
62.520        13
62.530        13
62.540        20
62.550        40
62.560        20
62.570        27
62.580        33
62.590        27
62.600        20
62.610        27
62.620        13
62.630         7
62.640        27
62.650        33
62.660        13
62.670        13
62.680        20
62.690        20
62.700        33
62.710        20
62.720        20
62.730        20
62.740        13
62.750        20
62.760        27
62.770        13
62.780        13
62.790        40
62.800         7
62.810        13
62.820        20
62.830        33
62.840        33
62.850        33
62.860        13
62.870        53
62.880        27
62.890        27
62.900        20
62.910        27
62.920        40
62.930         7
62.940        60
62.950         7
62.960        40
62.970        20
62.980        13
62.990        13
63.000         7
63.010        27
63.020         7
63.030        47
63.040        27
63.050         7
63.060        13
63.070        33
63.080        20
63.090        27
63.100        13
63.110        20
63.120        27
63.130        27
63.140         0
63.150         7
63.160        20
63.170        27
63.180        27
63.190        33
63.200        60
63.210        13
63.220        27
63.230        13
63.240         7
63.250         0
63.260        13
63.270        47
63.280         7
63.290        20
63.300        20
63.310        53
63.320        33
63.330        13
63.340        13
63.350        20
63.360         7
63.370        47
63.380        33
63.390        20
63.400        20
63.410         0
63.420        20
63.430         0
63.440        33
63.450        13
63.460        27
63.470        27
63.480         7
63.490         7
63.500        13
63.510        20
63.520        27
63.530        40
63.540        13
63.550        53
63.560        20
63.570        47
63.580        33
63.590        47
63.600        27
63.610        13
63.620        27
63.630        20
63.640        27
63.650        33
63.660         7
63.670        33
63.680        33
63.690         7
63.700        27
63.710        33
63.720        13
63.730        27
63.740        40
63.750        13
63.760        33
63.770        40
63.780        33
63.790        27
63.800         0
63.810        27
63.820        27
63.830        13
63.840        20
63.850        13
63.860        20
63.870         7
63.880        20
63.890        40
63.900        13
63.910        47
63.920        53
63.930        47
63.940        60
63.950        33
63.960        27
63.970        27
63.980        27
63.990        13
64.000        27
64.010        40
64.020         0
64.030         7
64.040        40
64.050        47
64.060        27
64.070        27
64.080        33
64.090        13
64.100        13
64.110        27
64.120        27
64.130        27
64.140        13
64.150        20
64.160        13
64.170        40
64.180         7
64.190        33
64.200         7
64.210        33
64.220         7
64.230        13
64.240        27
64.250        13
64.260         0
64.270        20
64.280        13
64.290        53
64.300         7
64.310        33
64.320        13
64.330        13
64.340        27
64.350        33
64.360         0
64.370        13
64.380        33
64.390        13
64.400        33
64.410        13
64.420        27
64.430        20
64.440        13
64.450        47
64.460        13
64.470        13
64.480        20
64.490        33
64.500        13
64.510         7
64.520        20
64.530        20
64.540        20
64.550        20
64.560        47
64.570        13
64.580        20
64.590        13
64.600        47
64.610        27
64.620        13
64.630         7
64.640        27
64.650         7
64.660        33
64.670        40
64.680         7
64.690        20
64.700         7
64.710        20
64.720         7
64.730         7
64.740        33
64.750         7
64.760         7
64.770         7
64.780        27
64.790        20
64.800        33
64.810         0
64.820        27
64.830        27
64.840        53
64.850        20
64.860        40
64.870        47
64.880        13
64.890        20
64.900        20
64.910        27
64.920        20
64.930        40
64.940        27
64.950        27
64.960        20
64.970        20
64.980        13
64.990        20
65.000        27
65.010        33
65.020        33
65.030        27
65.040        33
65.050        33
65.060        27
65.070        13
65.080        20
65.090        20
65.100        27
65.110        13
65.120         0
65.130        33
65.140        13
65.150        27
65.160        53
65.170        13
65.180        27
65.190        20
65.200        33
65.210        53
65.220         0
65.230        53
65.240        13
65.250        13
65.260        20
65.270        20
65.280        13
65.290        47
65.300        33
65.310        47
65.320        33
65.330        33
65.340        47
65.350        53
65.360        33
65.370        20
65.380        40
65.390        13
65.400        13
65.410        33
65.420        33
65.430        33
65.440        47
65.450        47
65.460        27
65.470        53
65.480        60
65.490        47
65.500        33
65.510        53
65.520        20
65.530        47
65.540        33
65.550        33
65.560        40
65.570        40
65.580        33
65.590         7
65.600        27
65.610        20
65.620         7
65.630        33
65.640        27
65.650        47
65.660        40
65.670         7
65.680        27
65.690        60
65.700        20
65.710        33
65.720        20
65.730        20
65.740        40
65.750        13
65.760        20
65.770        40
65.780         7
65.790        53
65.800        27
65.810        60
65.820        27
65.830        33
65.840        33
65.850        40
65.860        33
65.870        47
65.880        20
65.890        53
65.900        27
65.910        53
65.920        27
65.930        13
65.940        27
65.950        13
65.960        27
65.970         7
65.980        13
65.990        40
66.000        47
66.010        33
66.020        33
66.030        33
66.040        40
66.050        47
66.060        27
66.070         7
66.080        33
66.090        27
66.100        33
66.110        20
66.120        20
66.130        13
66.140        13
66.150        40
66.160         7
66.170         7
66.180        20
66.190         0
66.200         7
66.210        13
66.220        13
66.230        13
66.240        20
66.250        20
66.260        40
66.270         7
66.280         0
66.290        40
66.300        27
66.310        13
66.320        13
66.330        13
66.340        13
66.350        13
66.360         7
66.370        20
66.380        13
66.390        13
66.400        20
66.410        27
66.420         7
66.430        27
66.440        20
66.450        20
66.460        47
66.470         0
66.480        33
66.490        13
66.500        13
66.510        27
66.520        20
66.530        13
66.540        13
66.550         7
66.560         7
66.570        27
66.580        27
66.590        20
66.600        27
66.610         0
66.620        27
66.630        20
66.640         7
66.650        33
66.660        27
66.670        20
66.680        13
66.690        27
66.700        13
66.710        53
66.720        20
66.730        27
66.740         7
66.750         7
66.760        60
66.770        13
66.780        47
66.790        40
66.800        13
66.810        13
66.820        20
66.830        33
66.840         7
66.850        27
66.860        20
66.870        40
66.880        13
66.890        27
66.900        33
66.910        33
66.920        27
66.930        20
66.940        33
66.950        33
66.960        40
66.970        20
66.980        20
66.990        13
67.000        20
67.010        40
67.020        27
67.030        47
67.040        13
67.050        27
67.060         7
67.070        13
67.080        73
67.090        33
67.100        33
67.110        13
67.120        27
67.130        20
67.140        27
67.150        33
67.160         0
67.170        27
67.180         7
67.190        20
67.200        33
67.210        40
67.220        47
67.230        13
67.240        53
67.250        13
67.260        40
67.270        27
67.280        47
67.290        13
67.300        20
67.310         7
67.320         7
67.330         7
67.340        27
67.350        20
67.360        13
67.370        40
67.380        13
67.390         7
67.400        33
67.410        40
67.420        27
67.430         7
67.440        40
67.450        13
67.460        53
67.470        33
67.480        20
67.490         7
67.500        13
67.510        20
67.520        13
67.530        33
67.540        27
67.550        33
67.560        13
67.570        33
67.580         7
67.590        13
67.600        13
67.610        20
67.620        20
67.630         7
67.640        33
67.650        33
67.660         0
67.670        20
67.680         7
67.690         7
67.700        27
67.710        27
67.720        13
67.730        27
67.740        13
67.750        27
67.760         7
67.770        20
67.780        40
67.790        13
67.800         0
67.810        33
67.820        13
67.830         7
67.840         7
67.850         7
67.860        13
67.870        33
67.880        20
67.890         7
67.900         7
67.910        13
67.920         7
67.930         7
67.940        13
67.950        33
67.960        27
67.970        13
67.980        13
67.990        20
68.000        33
68.010         7
68.020        20
68.030        47
68.040        33
68.050        33
68.060         0
68.070        40
68.080        20
68.090        27
68.100        13
68.110        20
68.120        13
68.130        20
68.140        53
68.150         7
68.160         7
68.170         7
68.180        47
68.190        20
68.200         7
68.210        53
68.220        40
68.230        60
68.240        27
68.250        27
68.260        13
68.270        33
68.280        20
68.290        47
68.300        47
68.310        27
68.320         7
68.330        33
68.340        20
68.350        20
68.360         7
68.370        13
68.380        20
68.390        33
68.400        33
68.410        20
68.420        33
68.430        20
68.440        40
68.450        20
68.460        20
68.470        13
68.480        13
68.490        27
68.500        27
68.510        13
68.520        40
68.530        40
68.540        27
68.550        27
68.560        13
68.570        27
68.580        27
68.590        27
68.600        13
68.610        27
68.620        27
68.630        13
68.640        27
68.650        13
68.660        20
68.670        40
68.680        20
68.690        40
68.700        47
68.710        20
68.720         7
68.730         7
68.740         0
68.750        20
68.760        40
68.770         0
68.780         7
68.790        40
68.800        40
68.810        20
68.820        20
68.830        13
68.840        27
68.850        13
68.860        13
68.870        60
68.880        13
68.890        27
68.900        40
68.910        13
68.920        40
68.930        27
68.940        40
68.950        27
68.960        27
68.970        27
68.980        20
68.990        40
69.000        27
69.010        27
69.020        20
69.030        20
69.040        20
69.050        20
69.060        20
69.070        33
69.080        13
69.090        47
69.100        47
69.110        33
69.120        33
69.130        20
69.140        20
69.150        40
69.160        33
69.170        27
69.180        33
69.190        13
69.200        13
69.210         7
69.220        20
69.230        27
69.240        13
69.250        20
69.260        27
69.270        20
69.280        13
69.290        33
69.300        33
69.310        20
69.320        13
69.330        33
69.340         0
69.350        53
69.360        13
69.370        33
69.380        27
69.390        20
69.400        20
69.410        27
69.420        13
69.430        13
69.440        20
69.450        20
69.460        13
69.470        13
69.480         7
69.490        27
69.500        20
69.510         7
69.520        20
69.530        27
69.540        27
69.550        20
69.560         0
69.570        33
69.580        33
69.590         0
69.600        20
69.610        27
69.620        47
69.630         0
69.640        13
69.650        20
69.660        27
69.670        20
69.680        20
69.690        27
69.700        27
69.710        20
69.720         7
69.730        40
69.740         7
69.750        13
69.760        13
69.770         7
69.780         7
69.790         7
69.800        33
69.810        20
69.820         7
69.830        20
69.840        40
69.850        20
69.860        20
69.870        53
69.880         7
69.890        13
69.900        27
69.910         7
69.920         0
69.930        40
69.940        40
69.950        20
69.960        13
69.970        40
69.980        20
69.990         7
70.000        20
