20.000         0
20.010         0
20.020         0
20.030      3656
20.040      5912
20.050      5198
20.060      5055
20.070      5798
20.080      6140
20.090      5626
20.100      5769
20.110      5769
20.120      4684
20.130      5112
20.140      5655
20.150      5769
20.160      5341
20.170      5284
20.180      4998
20.190      5226
20.200      4969
20.210      5027
20.220      4855
20.230      5883
20.240      4884
20.250      5141
20.260      5484
20.270      5112
20.280      5484
20.290      4512
20.300      5055
20.310      5398
20.320      4627
20.330      4941
20.340      5055
20.350      5312
20.360      5312
20.370      5141
20.380      4855
20.390      5312
20.400      5455
20.410      5683
20.420      4712
20.430      4855
20.440      5255
20.450      4655
20.460      6083
20.470      5369
20.480      4884
20.490      4941
20.500      5741
20.510      5198
20.520      5312
20.530      5598
20.540      5084
20.550      5426
20.560      4741
20.570      5284
20.580      4798
20.590      5226
20.600      5255
20.610      4570
20.620      4941
20.630      5169
20.640      5084
20.650      4341
20.660      4712
20.670      5169
20.680      3798
20.690      5426
20.700      5055
20.710      4255
20.720      5226
20.730      4427
20.740      4770
20.750      5284
20.760      5055
20.770      4912
20.780      4741
20.790      5284
20.800      4712
20.810      3856
20.820      5084
20.830      5426
20.840      4941
20.850      4484
20.860      4512
20.870      4912
20.880      4998
20.890      4284
20.900      5084
20.910      4998
20.920      4027
20.930      4770
20.940      4884
20.950      5084
20.960      4398
20.970      5255
20.980      4198
20.990      4084
21.000      4370
21.010      4141
21.020      4484
21.030      4512
21.040      5027
21.050      4398
21.060      5027
21.070      4598
21.080      4855
21.090      4313
21.100      3827
21.110      4370
21.120      4770
21.130      4141
21.140      4255
21.150      4427
21.160      4141
21.170      4570
21.180      3913
21.190      4056
21.200      4912
21.210      4198
21.220      3342
21.230      4484
21.240      4141
21.250      4141
21.260      3770
21.270      4398
21.280      3856
21.290      4141
21.300      4056
21.310      3856
21.320      4627
21.330      4427
21.340      4313
21.350      4370
21.360      3913
21.370      3256
21.380      4427
21.390      3827
21.400      4570
21.410      4198
21.420      4027
21.430      3913
21.440      4227
21.450      3798
21.460      3284
21.470      4056
21.480      4084
21.490      3998
21.500      4884
21.510      3684
21.520      3884
21.530      4255
21.540      4370
21.550      3998
21.560      4170
21.570      4455
21.580      4627
21.590      4056
21.600      5255
21.610      3970
21.620      4227
21.630      4113
21.640      3884
21.650      4027
21.660      3684
21.670      4284
21.680      3627
21.690      4141
21.700      3284
21.710      4255
21.720      3284
21.730      3941
21.740      4027
21.750      3427
21.760      4541
21.770      3741
21.780      4712
21.790      4484
21.800      4113
21.810      3541
21.820      4170
21.830      4227
21.840      4198
21.850      4313
21.860      4056
21.870      4084
21.880      3856
21.890      3941
21.900      3998
21.910      4284
21.920      3798
21.930      3484
21.940      3998
21.950      4113
21.960      3541
21.970      4084
21.980      4227
21.990      4284
22.000      3684
22.010      3941
22.020      4170
22.030      4255
22.040      4027
22.050      4170
22.060      4198
22.070      4084
22.080      4141
22.090      3741
22.100      4370
22.110      3827
22.120      4398
22.130      4113
22.140      3599
22.150      3456
22.160      4141
22.170      3827
22.180      3970
22.190      4512
22.200      3541
22.210      3913
22.220      3599
22.230      4141
22.240      4141
22.250      3970
22.260      3313
22.270      3798
22.280      3827
22.290      3856
22.300      4056
22.310      3456
22.320      4198
22.330      4084
22.340      4027
22.350      3913
22.360      4313
22.370      4056
22.380      3256
22.390      3513
22.400      4255
22.410      3713
22.420      4027
22.430      3399
22.440      4198
22.450      4084
22.460      4027
22.470      4056
22.480      3627
22.490      3713
22.500      3941
22.510      3627
22.520      4398
22.530      4170
22.540      3856
22.550      4113
22.560      3856
22.570      4170
22.580      3913
22.590      4198
22.600      4227
22.610      4056
22.620      4084
22.630      4341
22.640      4370
22.650      3713
22.660      4427
22.670      3913
22.680      3798
22.690      4198
22.700      4598
22.710      4198
22.720      4684
22.730      3798
22.740      4084
22.750      4541
22.760      4284
22.770      3884
22.780      4541
22.790      4113
22.800      4398
22.810      4141
22.820      3713
22.830      4512
22.840      4227
22.850      3684
22.860      4227
22.870      4455
22.880      5284
22.890      3884
22.900      5198
22.910      3856
22.920      4170
22.930      3627
22.940      4455
22.950      3970
22.960      4827
22.970      4684
22.980      4398
22.990      4313
23.000      4056
23.010      4427
23.020      4598
23.030      4113
23.040      4655
23.050      4655
23.060      4284
23.070      4398
23.080      4227
23.090      4313
23.100      4141
23.110      4398
23.120      4627
23.130      4455
23.140      4027
23.150      5141
23.160      4141
23.170      4284
23.180      4255
23.190      4341
23.200      4798
23.210      4827
23.220      4198
23.230      4455
23.240      5169
23.250      4570
23.260      4284
23.270      4855
23.280      4655
23.290      4284
23.300      5426
23.310      5341
23.320      4684
23.330      5655
23.340      5055
23.350      5312
23.360      5798
23.370      4798
23.380      5912
23.390      5541
23.400      5598
23.410      5969
23.420      6312
23.430      5912
23.440      5512
23.450      6083
23.460      5541
23.470      6626
23.480      6512
23.490      6683
23.500      6340
23.510      6198
23.520      7911
23.530      6883
23.540      6883
23.550      6569
23.560      7854
23.570      7825
23.580      6483
23.590      8568
23.600      8482
23.610      8054
23.620      9025
23.630      8082
23.640      9939
23.650      9253
23.660     10053
23.670     10539
23.680     10396
23.690     12052
23.700     12195
23.710     13766
23.720     13766
23.730     15794
23.740     17136
23.750     17165
23.760     17679
23.770     19564
23.780     21648
23.790     21192
23.800     23248
23.810     25076
23.820     26904
23.830     28503
23.840     32673
23.850     36100
23.860     41041
23.870     44496
23.880     49066
23.890     55349
23.900     62604
23.910     73685
23.920     80653
23.930     91392
23.940    100560
23.950    101931
23.960     99703
23.970     95762
23.980     86622
23.990     75770
24.000     59976
24.010     47867
24.020     34929
24.030     25533
24.040     19735
24.050     19535
24.060     15565
24.070     13623
24.080     12766
24.090     12938
24.100     12224
24.110     11795
24.120     10853
24.130     10624
24.140     10881
24.150      9282
24.160      8425
24.170     10167
24.180     10167
24.190      8454
24.200      8654
24.210      8739
24.220      9054
24.230      9082
24.240      8482
24.250      8996
24.260      8854
24.270      8654
24.280      7768
24.290      8054
24.300      9882
24.310      8711
24.320      7654
24.330      8397
24.340      7968
24.350      8482
24.360      8111
24.370      8054
24.380      7568
24.390      7940
24.400      8254
24.410      8768
24.420      8739
24.430      8025
24.440      7397
24.450      7825
24.460      7654
24.470      7197
24.480      7797
24.490      8111
24.500      8197
24.510      8168
24.520      7426
24.530      7197
24.540      7797
24.550      7768
24.560      7340
24.570      7797
24.580      6683
24.590      6940
24.600      7740
24.610      7768
24.620      7626
24.630      7540
24.640      7368
24.650      7454
24.660      6854
24.670      6512
24.680      7197
24.690      6597
24.700      7597
24.710      7654
24.720      6683
24.730      7254
24.740      7911
24.750      7197
24.760      8311
24.770      7483
24.780      7283
24.790      6512
24.800      6769
24.810      6683
24.820      6769
24.830      6083
24.840      6226
24.850      6340
24.860      7711
24.870      6683
24.880      7169
24.890      7626
24.900      6654
24.910      6312
24.920      6455
24.930      7854
24.940      6912
24.950      6083
24.960      7483
24.970      6255
24.980      6712
24.990      7311
25.000      6712
25.010      7226
25.020      6626
25.030      6683
25.040      7340
25.050      6740
25.060      7568
25.070      7226
25.080      7368
25.090      7283
25.100      6940
25.110      6654
25.120      6283
25.130      6797
25.140      6797
25.150      6540
25.160      7169
25.170      7197
25.180      6940
25.190      6997
25.200      7169
25.210      6997
25.220      7540
25.230      7683
25.240      6883
25.250      7311
25.260      7825
25.270      7111
25.280      7711
25.290      7683
25.300      7940
25.310      8539
25.320      8168
25.330      8197
25.340      8597
25.350      8711
25.360      8368
25.370      8282
25.380      8225
25.390      8311
25.400      9510
25.410      8854
25.420      9453
25.430     10025
25.440      9967
25.450     11510
25.460     11196
25.470     11652
25.480     13309
25.490     13223
25.500     14537
25.510     15251
25.520     15936
25.530     16279
25.540     18278
25.550     20478
25.560     22905
25.570     25504
25.580     27360
25.590     29931
25.600     35300
25.610     39898
25.620     43126
25.630     47524
25.640     51865
25.650     55920
25.660     60776
25.670     61575
25.680     64574
25.690     68258
25.700     68658
25.710     67516
25.720     69544
25.730     70115
25.740     73628
25.750     70715
25.760     71657
25.770     72400
25.780     71029
25.790     71371
25.800     72342
25.810     72685
25.820     72914
25.830     71857
25.840     73828
25.850     74599
25.860     74285
25.870     73628
25.880     75427
25.890     74713
25.900     76427
25.910     77826
25.920     76255
25.930     80225
25.940     80425
25.950     80454
25.960     82110
25.970     84480
25.980     85309
25.990     83909
26.000     87736
26.010     84595
26.020     91735
26.030     92991
26.040     96561
26.050     96247
26.060     98104
26.070    100274
26.080    106243
26.090    106215
26.100    112955
26.110    114897
26.120    119466
26.130    126178
26.140    127863
26.150    136174
26.160    142200
26.170    148426
26.180    157794
26.190    164848
26.200    172274
26.210    181356
26.220    191809
26.230    206575
26.240    214971
26.250    227623
26.260    237676
26.270    245073
26.280    261895
26.290    270520
26.300    278203
26.310    282030
26.320    289256
26.330    283658
26.340    281687
26.350    276004
26.360    271434
26.370    257554
26.380    252870
26.390    240390
26.400    236791
26.410    228280
26.420    215057
26.430    205489
26.440    194179
26.450    178015
26.460    170332
26.470    156395
26.480    145542
26.490    132804
26.500    118324
26.510    107471
26.520     99160
26.530     95819
26.540     91849
26.550     86765
26.560     83824
26.570     86994
26.580     89107
26.590     88450
26.600     98275
26.610    104844
26.620    117296
26.630    123922
26.640    139116
26.650    144599
26.660    162763
26.670    193294
26.680    226852
26.690    260096
26.700    274062
26.710    281744
26.720    284743
26.730    278717
26.740    267322
26.750    256983
26.760    239047
26.770    227795
26.780    206432
26.790    191923
26.800    170332
26.810    157708
26.820    148712
26.830    134318
26.840    130005
26.850    122322
26.860    117182
26.870    110499
26.880    108385
26.890    107757
26.900    104301
26.910     99674
26.920     99246
26.930     95505
26.940     92963
26.950     91992
26.960     91620
26.970     88793
26.980     85309
26.990     84423
27.000     83281
27.010     83310
27.020     79740
27.030     79682
27.040     79311
27.050     78283
27.060     75655
27.070     75113
27.080     71571
27.090     72542
27.100     71914
27.110     71114
27.120     68744
27.130     69429
27.140     68601
27.150     66516
27.160     63432
27.170     68430
27.180     66316
27.190     65859
27.200     64003
27.210     63032
27.220     63232
27.230     63346
27.240     62346
27.250     62004
27.260     60604
27.270     58805
27.280     57891
27.290     61918
27.300     58434
27.310     58605
27.320     56435
27.330     59376
27.340     57177
27.350     55178
27.360     56949
27.370     57463
27.380     57091
27.390     56349
27.400     54949
27.410     55892
27.420     55663
27.430     52036
27.440     54064
27.450     56606
27.460     53921
27.470     53978
27.480     53978
27.490     53836
27.500     53379
27.510     52579
27.520     52807
27.530     53150
27.540     53093
27.550     51437
27.560     51322
27.570     51408
27.580     51265
27.590     51437
27.600     53150
27.610     50980
27.620     51979
27.630     49180
27.640     50980
27.650     50523
27.660     51151
27.670     50266
27.680     47867
27.690     51037
27.700     51351
27.710     47809
27.720     47495
27.730     47095
27.740     48666
27.750     50380
27.760     47067
27.770     47295
27.780     46896
27.790     45953
27.800     47381
27.810     46381
27.820     44525
27.830     44439
27.840     46039
27.850     46953
27.860     44097
27.870     44868
27.880     44839
27.890     43268
27.900     45639
27.910     44982
27.920     44382
27.930     45382
27.940     44011
27.950     43240
27.960     42840
27.970     43154
27.980     42840
27.990     43068
28.000     42526
28.010     44611
28.020     43782
28.030     40527
28.040     43897
28.050     43468
28.060     41698
28.070     42726
28.080     41412
28.090     41583
28.100     43154
28.110     40384
28.120     42697
28.130     42069
28.140     41269
28.150     40641
28.160     39527
28.170     40641
28.180     39584
28.190     40384
28.200     40070
28.210     41184
28.220     39898
28.230     40641
28.240     40384
28.250     39270
28.260     39784
28.270     38442
28.280     39527
28.290     39099
28.300     39356
28.310     38613
28.320     40212
28.330     38470
28.340     38784
28.350     36900
28.360     37842
28.370     38242
28.380     38642
28.390     39070
28.400     35472
28.410     38613
28.420     37242
28.430     37471
28.440     36700
28.450     36814
28.460     35015
28.470     38042
28.480     35814
28.490     38042
28.500     37785
28.510     35043
28.520     36100
28.530     35015
28.540     36414
28.550     35643
28.560     36300
28.570     38128
28.580     35786
28.590     36214
28.600     36014
28.610     34443
28.620     35900
28.630     36585
28.640     35786
28.650     33015
28.660     35072
28.670     37071
28.680     35329
28.690     34758
28.700     35186
28.710     35671
28.720     35529
28.730     36071
28.740     33301
28.750     35100
28.760     35643
28.770     34529
28.780     34529
28.790     34472
28.800     33444
28.810     34243
28.820     32958
28.830     33130
28.840     34615
28.850     32815
28.860     33644
28.870     33701
28.880     32930
28.890     31245
28.900     32844
28.910     33758
28.920     33729
28.930     31816
28.940     31587
28.950     32416
28.960     30959
28.970     32758
28.980     30388
28.990     31873
29.000     32244
29.010     31787
29.020     31816
29.030     31502
29.040     32558
29.050     31644
29.060     32101
29.070     31844
29.080     34072
29.090     30645
29.100     31987
29.110     33015
29.120     30959
29.130     30045
29.140     32130
29.150     30616
29.160     30331
29.170     32044
29.180     30445
29.190     31188
29.200     31359
29.210     30331
29.220     30159
29.230     30588
29.240     30902
29.250     30188
29.260     29417
29.270     29303
29.280     31930
29.290     31045
29.300     28874
29.310     29588
29.320     30188
29.330     27846
29.340     29474
29.350     28474
29.360     28274
29.370     27732
29.380     28960
29.390     29845
29.400     28103
29.410     27789
29.420     28560
29.430     27675
29.440     28474
29.450     28017
29.460     28332
29.470     28160
29.480     29160
29.490     28531
29.500     27332
29.510     27303
29.520     27960
29.530     28703
29.540     27560
29.550     28017
29.560     26704
29.570     25476
29.580     27189
29.590     27532
29.600     28446
29.610     26818
29.620     26304
29.630     27960
29.640     28931
29.650     26646
29.660     26389
29.670     26989
29.680     27903
29.690     26504
29.700     27132
29.710     27103
29.720     24990
29.730     24447
29.740     27532
29.750     27018
29.760     26447
29.770     25790
29.780     26675
29.790     26618
29.800     27675
29.810     25961
29.820     25390
29.830     26247
29.840     25590
29.850     25875
29.860     24647
29.870     25447
29.880     25990
29.890     25818
29.900     23391
29.910     25247
29.920     26218
29.930     24647
29.940     25104
29.950     25476
29.960     24590
29.970     25590
29.980     26075
29.990     25247
30.000     24904
30.010     24762
30.020     25133
30.030     23790
30.040     23819
30.050     23905
30.060     24819
30.070     24790
30.080     24476
30.090     23505
30.100     24390
30.110     25476
30.120     26132
30.130     24105
30.140     25476
30.150     23848
30.160     23019
30.170     22991
30.180     24162
30.190     24790
30.200     25418
30.210     23905
30.220     24847
30.230     24219
30.240     23962
30.250     24162
30.260     22591
30.270     23676
30.280     22534
30.290     23933
30.300     22934
30.310     23076
30.320     22962
30.330     22534
30.340     24305
30.350     23705
30.360     22934
30.370     23019
30.380     23219
30.390     23876
30.400     21648
30.410     22705
30.420     22534
30.430     23219
30.440     21820
30.450     22877
30.460     22248
30.470     22248
30.480     22105
30.490     22191
30.500     22448
30.510     21677
30.520     22277
30.530     20849
30.540     23248
30.550     22677
30.560     23276
30.570     20677
30.580     22591
30.590     22791
30.600     22220
30.610     21391
30.620     21991
30.630     22305
30.640     22991
30.650     23076
30.660     21877
30.670     21620
30.680     21877
30.690     21220
30.700     21077
30.710     22505
30.720     20963
30.730     20963
30.740     22420
30.750     21506
30.760     21563
30.770     19935
30.780     20335
30.790     21220
30.800     20792
30.810     20563
30.820     21020
30.830     21220
30.840     20249
30.850     21106
30.860     20792
30.870     21077
30.880     20592
30.890     20877
30.900     19592
30.910     19078
30.920     19935
30.930     20135
30.940     19649
30.950     19278
30.960     19278
30.970     19792
30.980     21648
30.990     19107
31.000     19706
31.010     19706
31.020     20506
31.030     20563
31.040     20535
31.050     22020
31.060     20135
31.070     18393
31.080     19192
31.090     21049
31.100     19821
31.110     18907
31.120     19792
31.130     19878
31.140     18336
31.150     19506
31.160     19564
31.170     20249
31.180     19107
31.190     18136
31.200     17364
31.210     19164
31.220     19078
31.230     18507
31.240     18450
31.250     20021
31.260     19164
31.270     19192
31.280     16908
31.290     17593
31.300     17821
31.310     20135
31.320     18478
31.330     17793
31.340     19078
31.350     18792
31.360     17279
31.370     18507
31.380     17993
31.390     17107
31.400     17707
31.410     18964
31.420     17879
31.430     18421
31.440     17879
31.450     18336
31.460     18336
31.470     17993
31.480     17879
31.490     18164
31.500     16622
31.510     16850
31.520     17165
31.530     17022
31.540     17993
31.550     17107
31.560     17850
31.570     17079
31.580     17193
31.590     17222
31.600     17622
31.610     16936
31.620     18078
31.630     18307
31.640     17165
31.650     17650
31.660     17022
31.670     16993
31.680     17250
31.690     16108
31.700     16365
31.710     16993
31.720     16136
31.730     15737
31.740     16308
31.750     17336
31.760     15651
31.770     16051
31.780     15308
31.790     17022
31.800     17450
31.810     15394
31.820     16736
31.830     15565
31.840     16194
31.850     16051
31.860     16251
31.870     16022
31.880     15251
31.890     15508
31.900     14823
31.910     14823
31.920     16308
31.930     16108
31.940     16650
31.950     16679
31.960     15108
31.970     16336
31.980     15023
31.990     16393
32.000     15280
32.010     15651
32.020     14994
32.030     14223
32.040     14537
32.050     14880
32.060     14851
32.070     15280
32.080     14623
32.090     14480
32.100     15594
32.110     14965
32.120     14937
32.130     16251
32.140     14937
32.150     16022
32.160     14794
32.170     14394
32.180     14480
32.190     14080
32.200     13994
32.210     14594
32.220     14566
32.230     14965
32.240     13966
32.250     15137
32.260     14052
32.270     13709
32.280     14994
32.290     14309
32.300     13994
32.310     13109
32.320     14937
32.330     13994
32.340     13823
32.350     14052
32.360     14223
32.370     14823
32.380     14280
32.390     14366
32.400     15222
32.410     13937
32.420     13709
32.430     13994
32.440     13252
32.450     14080
32.460     13823
32.470     12995
32.480     13823
32.490     13080
32.500     13166
32.510     13680
32.520     13623
32.530     13166
32.540     14194
32.550     14566
32.560     13109
32.570     13138
32.580     13338
32.590     12852
32.600     11910
32.610     13023
32.620     12195
32.630     13737
32.640     13737
32.650     12595
32.660     12823
32.670     13052
32.680     13280
32.690     11910
32.700     13252
32.710     13595
32.720     12995
32.730     12652
32.740     11652
32.750     12823
32.760     12167
32.770     11795
32.780     11652
32.790     12509
32.800     12366
32.810     13195
32.820     13994
32.830     13709
32.840     13395
32.850     13338
32.860     12852
32.870     12252
32.880     12309
32.890     11595
32.900     12224
32.910     12681
32.920     12595
32.930     11852
32.940     12366
32.950     12281
32.960     11538
32.970     11310
32.980     11510
32.990     11024
33.000     12395
33.010     11567
33.020     10196
33.030     12909
33.040     10510
33.050     11967
33.060     12795
33.070     11110
33.080     11767
33.090     11481
33.100     11024
33.110     11424
33.120     11395
33.130     11538
33.140     11081
33.150     10624
33.160     12167
33.170     10796
33.180     11310
33.190     11338
33.200     11367
33.210     11938
33.220     10539
33.230     11310
33.240     10624
33.250     10424
33.260     10681
33.270     11652
33.280     12281
33.290     10996
33.300     10938
33.310      9539
33.320     10424
33.330     11053
33.340     11367
33.350     10881
33.360     11567
33.370     11681
33.380     11110
33.390     11767
33.400     10224
33.410     11081
33.420     10396
33.430     10824
33.440     10082
33.450     11110
33.460     10453
33.470      9596
33.480     11395
33.490     11281
33.500     12109
33.510      9596
33.520     10739
33.530     11053
33.540     10253
33.550     11110
33.560     10624
33.570     11281
33.580     10596
33.590     10539
33.600     10739
33.610      9568
33.620      8968
33.630      9568
33.640     10396
33.650      9510
33.660      9825
33.670     10082
33.680      9768
33.690     10339
33.700     10282
33.710      9282
33.720     10824
33.730      9339
33.740      9939
33.750     10082
33.760      9396
33.770     10224
33.780     10739
33.790      9425
33.800     10482
33.810      9425
33.820      8825
33.830      9625
33.840      9967
33.850      9282
33.860      9253
33.870      8968
33.880      9225
33.890      9596
33.900      9396
33.910      9482
33.920      8197
33.930      9653
33.940      9225
33.950      8368
33.960     10224
33.970      9910
33.980      9082
33.990      8796
34.000      9368
34.010     10510
34.020      8796
34.030      9425
34.040      9510
34.050      8397
34.060      8882
34.070      9768
34.080      8968
34.090      9282
34.100      9625
34.110      8882
34.120      9368
34.130      9253
34.140      8511
34.150      8025
34.160      8625
34.170      7911
34.180      9054
34.190      8597
34.200      8568
34.210      8254
34.220      8482
34.230      9768
34.240      8254
34.250      8111
34.260      9139
34.270      8225
34.280      8197
34.290      8911
34.300      8054
34.310      8225
34.320      8625
34.330      9111
34.340      8454
34.350      8654
34.360      8711
34.370      7568
34.380      8025
34.390      8682
34.400      8511
34.410      8968
34.420      8311
34.430      8682
34.440      7226
34.450      9196
34.460      8597
34.470      7226
34.480      8996
34.490      8197
34.500      7083
34.510      8282
34.520      8168
34.530      7283
34.540      7340
34.550      8282
34.560      7026
34.570      8511
34.580      8140
34.590      7026
34.600      7283
34.610      7054
34.620      7768
34.630      7511
34.640      7311
34.650      8197
34.660      7997
34.670      8539
34.680      6969
34.690      6769
34.700      6854
34.710      7968
34.720      6997
34.730      7111
34.740      8682
34.750      6455
34.760      6483
34.770      7626
34.780      7740
34.790      7997
34.800      6912
34.810      7169
34.820      6569
34.830      7283
34.840      7426
34.850      6455
34.860      7169
34.870      6883
34.880      7226
34.890      7254
34.900      7911
34.910      8140
34.920      7083
34.930      6940
34.940      7226
34.950      6483
34.960      7511
34.970      6826
34.980      7711
34.990      7340
35.000      7111
35.010      7169
35.020      6940
35.030      6740
35.040      6483
35.050      6512
35.060      7454
35.070      7340
35.080      7597
35.090      6769
35.100      7169
35.110      6340
35.120      6854
35.130      7026
35.140      6512
35.150      6483
35.160      7683
35.170      6169
35.180      6797
35.190      6540
35.200      5284
35.210      7026
35.220      6597
35.230      6883
35.240      6569
35.250      7540
35.260      6312
35.270      7111
35.280      6397
35.290      6940
35.300      6226
35.310      7140
35.320      6540
35.330      6426
35.340      5912
35.350      6740
35.360      5741
35.370      6683
35.380      5598
35.390      6455
35.400      6997
35.410      5569
35.420      6426
35.430      6140
35.440      6312
35.450      6654
35.460      6397
35.470      6483
35.480      6340
35.490      6397
35.500      5598
35.510      5741
35.520      5512
35.530      6512
35.540      5541
35.550      5455
35.560      6969
35.570      5712
35.580      5798
35.590      5855
35.600      5598
35.610      5855
35.620      6597
35.630      5969
35.640      6026
35.650      5512
35.660      6140
35.670      5769
35.680      5883
35.690      6226
35.700      5312
35.710      6083
35.720      5341
35.730      6683
35.740      5883
35.750      6026
35.760      5769
35.770      5255
35.780      5940
35.790      5769
35.800      5883
35.810      5398
35.820      5883
35.830      5312
35.840      5940
35.850      5940
35.860      5426
35.870      5626
35.880      5683
35.890      5626
35.900      5169
35.910      6340
35.920      5398
35.930      5369
35.940      4884
35.950      5883
35.960      5398
35.970      5626
35.980      5598
35.990      5741
36.000      6112
36.010      5883
36.020      5084
36.030      5826
36.040      5883
36.050      5712
36.060      5226
36.070      5226
36.080      4627
36.090      5826
36.100      5198
36.110      5055
36.120      5798
36.130      4941
36.140      4855
36.150      5484
36.160      4998
36.170      4969
36.180      4570
36.190      4912
36.200      5484
36.210      5141
36.220      4998
36.230      5512
36.240      4741
36.250      5141
36.260      5598
36.270      5541
36.280      4998
36.290      4741
36.300      4770
36.310      5569
36.320      4941
36.330      5541
36.340      5141
36.350      4770
36.360      5255
36.370      4998
36.380      4998
36.390      4912
36.400      4827
36.410      4798
36.420      4455
36.430      5741
36.440      4627
36.450      4798
36.460      4684
36.470      4370
36.480      3884
36.490      4227
36.500      5169
36.510      4398
36.520      4684
36.530      4598
36.540      5169
36.550      5141
36.560      5398
36.570      4427
36.580      4884
36.590      4969
36.600      4455
36.610      4541
36.620      4570
36.630      4912
36.640      5341
36.650      4969
36.660      4884
36.670      4770
36.680      4541
36.690      4798
36.700      5683
36.710      5169
36.720      4884
36.730      4855
36.740      4627
36.750      4941
36.760      4827
36.770      4512
36.780      4198
36.790      5284
36.800      4113
36.810      4255
36.820      4655
36.830      4912
36.840      4712
36.850      3627
36.860      5226
36.870      4084
36.880      4884
36.890      3798
36.900      4598
36.910      5055
36.920      4198
36.930      4770
36.940      3970
36.950      4684
36.960      3941
36.970      3998
36.980      4141
36.990      4170
37.000      3998
37.010      4512
37.020      4198
37.030      4255
37.040      3827
37.050      4313
37.060      4712
37.070      4084
37.080      3913
37.090      3827
37.100      4113
37.110      4227
37.120      4255
37.130      4113
37.140      3998
37.150      4198
37.160      3970
37.170      3484
37.180      3656
37.190      3798
37.200      4113
37.210      4227
37.220      4284
37.230      4113
37.240      3798
37.250      3599
37.260      3656
37.270      4284
37.280      3827
37.290      3941
37.300      4027
37.310      4255
37.320      3684
37.330      4712
37.340      3913
37.350      4056
37.360      3684
37.370      4627
37.380      3456
37.390      4284
37.400      3827
37.410      3599
37.420      4141
37.430      3970
37.440      4056
37.450      3227
37.460      3970
37.470      3456
37.480      3370
37.490      3856
37.500      3827
37.510      3570
37.520      3998
37.530      3656
37.540      3541
37.550      3798
37.560      3713
37.570      3399
37.580      2913
37.590      3741
37.600      3970
37.610      3827
37.620      3770
37.630      3284
37.640      3599
37.650      3684
37.660      3827
37.670      3970
37.680      3656
37.690      2913
37.700      4284
37.710      3827
37.720      3284
37.730      3798
37.740      3599
37.750      3513
37.760      3599
37.770      3884
37.780      3541
37.790      3856
37.800      3284
37.810      3427
37.820      3798
37.830      3342
37.840      3684
37.850      3627
37.860      3456
37.870      3456
37.880      3284
37.890      3142
37.900      3399
37.910      3113
37.920      3370
37.930      3142
37.940      2885
37.950      3170
37.960      3484
37.970      3656
37.980      3313
37.990      3284
38.000      3399
38.010      3684
38.020      3056
38.030      3113
38.040      3827
38.050      2999
38.060      3399
38.070      3599
38.080      3370
38.090      3656
38.100      3342
38.110      3142
38.120      3313
38.130      3199
38.140      3170
38.150      3456
38.160      3684
38.170      3541
38.180      3142
38.190      3456
38.200      3199
38.210      3056
38.220      3227
38.230      2885
38.240      3113
38.250      3427
38.260      3684
38.270      3199
38.280      2970
38.290      2599
38.300      2656
38.310      3570
38.320      2656
38.330      3113
38.340      2799
38.350      2799
38.360      2570
38.370      3142
38.380      3256
38.390      3284
38.400      3599
38.410      3342
38.420      2599
38.430      3256
38.440      2599
38.450      2856
38.460      2827
38.470      3199
38.480      2970
38.490      2942
38.500      3427
38.510      2742
38.520      2942
38.530      3256
38.540      2799
38.550      2685
38.560      2827
38.570      2628
38.580      2542
38.590      2428
38.600      2942
38.610      2970
38.620      2742
38.630      2770
38.640      3399
38.650      3513
38.660      2256
38.670      2942
38.680      3142
38.690      3227
38.700      2999
38.710      2542
38.720      2999
38.730      3256
38.740      2570
38.750      2942
38.760      3027
38.770      3027
38.780      2456
38.790      2970
38.800      3056
38.810      3056
38.820      2827
38.830      2713
38.840      2799
38.850      2428
38.860      2628
38.870      2742
38.880      2913
38.890      2770
38.900      2342
38.910      2799
38.920      2770
38.930      2370
38.940      2713
38.950      2399
38.960      2913
38.970      2942
38.980      3256
38.990      2542
39.000      2285
39.010      2456
39.020      2428
39.030      2856
39.040      3142
39.050      3027
39.060      2827
39.070      3142
39.080      2713
39.090      2399
39.100      2770
39.110      3084
39.120      2599
39.130      2342
39.140      2770
39.150      2770
39.160      2570
39.170      2599
39.180      2685
39.190      2370
39.200      2285
39.210      2770
39.220      2856
39.230      2485
39.240      2256
39.250      2142
39.260      3284
39.270      2599
39.280      2827
39.290      2428
39.300      3056
39.310      2199
39.320      2513
39.330      2599
39.340      2399
39.350      2570
39.360      2856
39.370      2542
39.380      3370
39.390      2770
39.400      2856
39.410      2628
39.420      2171
39.430      2827
39.440      2685
39.450      2913
39.460      2542
39.470      2285
39.480      2856
39.490      1914
39.500      2171
39.510      2456
39.520      2713
39.530      2428
39.540      2513
39.550      2456
39.560      2142
39.570      2485
39.580      2599
39.590      2342
39.600      2199
39.610      2742
39.620      2542
39.630      2513
39.640      2656
39.650      2856
39.660      2370
39.670      1885
39.680      2799
39.690      2399
39.700      2628
39.710      2199
39.720      2656
39.730      2228
39.740      2542
39.750      2770
39.760      1971
39.770      2513
39.780      2370
39.790      2399
39.800      1971
39.810      2085
39.820      2570
39.830      2228
39.840      2113
39.850      2113
39.860      2256
39.870      2028
39.880      1999
39.890      2485
39.900      2228
39.910      2228
39.920      1999
39.930      2142
39.940      1999
39.950      2342
39.960      2171
39.970      2428
39.980      1914
39.990      2599
40.000      1999
40.010      2342
40.020      1942
40.030      1914
40.040      2199
40.050      2028
40.060      2342
40.070      2428
40.080      2428
40.090      1856
40.100      2256
40.110      1999
40.120      2113
40.130      1914
40.140      2342
40.150      1971
40.160      1971
40.170      2285
40.180      2056
40.190      1971
40.200      2142
40.210      2399
40.220      1856
40.230      1771
40.240      1856
40.250      2028
40.260      1885
40.270      2456
40.280      2142
40.290      2485
40.300      2313
40.310      2113
40.320      2428
40.330      1885
40.340      1542
40.350      1828
40.360      2142
40.370      2028
40.380      1999
40.390      2228
40.400      1885
40.410      2113
40.420      2056
40.430      2456
40.440      1656
40.450      1571
40.460      1942
40.470      1828
40.480      2171
40.490      1799
40.500      2256
40.510      1971
40.520      1999
40.530      1714
40.540      2685
40.550      2085
40.560      1971
40.570      2113
40.580      1971
40.590      2056
40.600      1885
40.610      2228
40.620      2085
40.630      2028
40.640      2028
40.650      1828
40.660      1999
40.670      1885
40.680      2456
40.690      2399
40.700      1828
40.710      2056
40.720      1685
40.730      1542
40.740      1571
40.750      1942
40.760      2313
40.770      1942
40.780      2313
40.790      2056
40.800      1771
40.810      1828
40.820      2085
40.830      1828
40.840      1771
40.850      1885
40.860      2056
40.870      1971
40.880      2228
40.890      1914
40.900      2085
40.910      2256
40.920      2370
40.930      1599
40.940      1856
40.950      2285
40.960      1571
40.970      2142
40.980      1685
40.990      2085
41.000      1999
41.010      1999
41.020      2085
41.030      1628
41.040      1771
41.050      1971
41.060      1656
41.070      1685
41.080      1685
41.090      2085
41.100      1799
41.110      1914
41.120      1942
41.130      1856
41.140      2028
41.150      1856
41.160      1914
41.170      1542
41.180      1628
41.190      1828
41.200      1999
41.210      1856
41.220      1828
41.230      2113
41.240      1371
41.250      1457
41.260      1714
41.270      1742
41.280      1771
41.290      1542
41.300      1599
41.310      1542
41.320      1856
41.330      1999
41.340      1485
41.350      1656
41.360      1828
41.370      1514
41.380      2313
41.390      1685
41.400      2456
41.410      2028
41.420      1428
41.430      1628
41.440      1828
41.450      1799
41.460      1771
41.470      1485
41.480      1542
41.490      1771
41.500      1428
41.510      1485
41.520      1428
41.530      1599
41.540      1514
41.550      1828
41.560      2113
41.570      1856
41.580      1685
41.590      1514
41.600      1799
41.610      1628
41.620      1714
41.630      1599
41.640      1314
41.650      2028
41.660      1685
41.670      1742
41.680      1457
41.690      1656
41.700      1828
41.710      1885
41.720      1771
41.730      2256
41.740      1656
41.750      1799
41.760      1457
41.770      1599
41.780      1742
41.790      1628
41.800      2142
41.810      1742
41.820      1771
41.830      1399
41.840      1799
41.850      1971
41.860      1742
41.870      1428
41.880      1514
41.890      1285
41.900      1571
41.910      1514
41.920      1914
41.930      1542
41.940      1285
41.950      1085
41.960      1485
41.970      1514
41.980      1571
41.990      1799
42.000      1457
42.010      1399
42.020      1942
42.030      1914
42.040      2171
42.050      1942
42.060      1599
42.070      1542
42.080      1285
42.090      2113
42.100      1885
42.110      1457
42.120      1171
42.130      1485
42.140      1742
42.150      1428
42.160      1314
42.170      1228
42.180      1742
42.190      1685
42.200      1714
42.210      1714
42.220      1485
42.230      1371
42.240      1856
42.250      1999
42.260      1885
42.270      1399
42.280      1457
42.290      1514
42.300      1514
42.310      1742
42.320      1599
42.330      1514
42.340      2085
42.350      1514
42.360      1885
42.370      1514
42.380      1599
42.390      1285
42.400      1457
42.410      1685
42.420      1428
42.430      1828
42.440      1685
42.450      1828
42.460      1314
42.470      1399
42.480      1428
42.490      1828
42.500      1685
42.510      1514
42.520      1285
42.530      1485
42.540      1571
42.550      1771
42.560      1742
42.570      1228
42.580      1171
42.590      1399
42.600      1714
42.610      1314
42.620      1200
42.630      1371
42.640      1342
42.650      1628
42.660      1628
42.670      1457
42.680      1085
42.690      1485
42.700      1628
42.710      1257
42.720      1914
42.730      1371
42.740      1428
42.750      1685
42.760      1457
42.770      1628
42.780      1485
42.790      1542
42.800      1457
42.810      1571
42.820      1714
42.830      1342
42.840      1799
42.850      1314
42.860      1457
42.870      1342
42.880      1485
42.890      1428
42.900       971
42.910      1428
42.920      1771
42.930      1371
42.940      1457
42.950      1514
42.960      1571
42.970      1257
42.980      1371
42.990      1200
43.000      1342
43.010      1485
43.020      1314
43.030      1656
43.040      1342
43.050      1514
43.060      1028
43.070      1285
43.080      1142
43.090      1314
43.100      1714
43.110      1685
43.120      1799
43.130      1399
43.140      1485
43.150      1171
43.160      1628
43.170      1571
43.180      1571
43.190      1428
43.200      1057
43.210      1285
43.220      1485
43.230      1285
43.240      1485
43.250      1514
43.260      1142
43.270      1485
43.280      1228
43.290      1314
43.300      1457
43.310      1514
43.320      1714
43.330      1371
43.340      1514
43.350      1571
43.360      1314
43.370      1399
43.380      1514
43.390      1285
43.400      1257
43.410      1342
43.420      1399
43.430      1285
43.440      1371
43.450      1542
43.460      1114
43.470      1285
43.480      1571
43.490      1342
43.500      1200
43.510      1342
43.520      1085
43.530      1200
43.540      1542
43.550      1457
43.560      1285
43.570      1371
43.580      1371
43.590      1114
43.600      1457
43.610      1399
43.620      1628
43.630      1742
43.640      1114
43.650      1000
43.660      1142
43.670      1428
43.680      1571
43.690      1057
43.700      1200
43.710      1314
43.720      1142
43.730      1514
43.740      1314
43.750      1171
43.760      1285
43.770      1200
43.780      1000
43.790      1371
43.800      1571
43.810      1085
43.820      1142
43.830      1200
43.840      1142
43.850      1314
43.860      1628
43.870      1028
43.880      1200
43.890      1257
43.900      1057
43.910      1628
43.920      1228
43.930      1428
43.940      1171
43.950      1457
43.960      1342
43.970      1171
43.980      1085
43.990      1228
44.000      1171
44.010      1257
44.020      1114
44.030      1228
44.040      1371
44.050      1200
44.060      1114
44.070       942
44.080      1342
44.090      1628
44.100      1228
44.110      1314
44.120      1571
44.130      1485
44.140      1228
44.150      1628
44.160      1257
44.170      1142
44.180      1599
44.190      1200
44.200      1171
44.210      1428
44.220      1171
44.230      1314
44.240      1399
44.250      1428
44.260      1142
44.270      1057
44.280      1342
44.290      1000
44.300      1114
44.310      1685
44.320      1285
44.330      1314
44.340      1285
44.350      1114
44.360      1114
44.370      1285
44.380      1200
44.390      1571
44.400      1457
44.410      1457
44.420      1457
44.430       828
44.440      1371
44.450      1114
44.460       971
44.470      1114
44.480      1171
44.490      1028
44.500      1114
44.510      1114
44.520      1142
44.530      1457
44.540      1257
44.550      1171
44.560      1656
44.570      1114
44.580      1542
44.590      1228
44.600      1314
44.610      1342
44.620      1057
44.630      1314
44.640      1314
44.650      1171
44.660      1314
44.670      1542
44.680      1342
44.690      1571
44.700      1257
44.710      1171
44.720      1114
44.730      1057
44.740      1399
44.750       971
44.760      1285
44.770      1057
44.780      1057
44.790      1742
44.800       914
44.810       971
44.820      1171
44.830      1028
44.840      1028
44.850      1257
44.860      1285
44.870      1399
44.880      1228
44.890      1171
44.900      1314
44.910       942
44.920      1399
44.930      1000
44.940      1171
44.950      1342
44.960      1171
44.970      1057
44.980      1342
44.990      1257
45.000      1599
45.010      1085
45.020      1228
45.030       942
45.040      1371
45.050      1257
45.060      1142
45.070      1485
45.080      1228
45.090      1171
45.100      1399
45.110      1428
45.120      1057
45.130       885
45.140      1085
45.150      1457
45.160      1028
45.170      1171
45.180      1085
45.190      1342
45.200       971
45.210      1085
45.220      1171
45.230      1142
45.240      1114
45.250      1514
45.260      1228
45.270      1228
45.280      1028
45.290      1114
45.300      1142
45.310      1257
45.320      1000
45.330      1057
45.340      1399
45.350       942
45.360      1200
45.370      1057
45.380      1399
45.390      1285
45.400      1257
45.410      1228
45.420       714
45.430      1314
45.440      1257
45.450      1171
45.460      1285
45.470      1285
45.480       885
45.490      1257
45.500      1142
45.510      1142
45.520      1142
45.530       971
45.540      1000
45.550      1342
45.560      1171
45.570       971
45.580      1114
45.590      1000
45.600      1057
45.610      1257
45.620      1000
45.630      1200
45.640      1171
45.650      1228
45.660      1085
45.670       914
45.680      1200
45.690      1114
45.700      1171
45.710      1314
45.720      1200
45.730       828
45.740      1000
45.750      1171
45.760      1314
45.770      1000
45.780      1142
45.790       800
45.800      1228
45.810      1257
45.820      1171
45.830      1257
45.840       885
45.850      1428
45.860      1000
45.870      1257
45.880      1200
45.890       942
45.900       885
45.910      1314
45.920      1114
45.930      1028
45.940      1285
45.950       800
45.960      1142
45.970      1085
45.980      1314
45.990      1085
46.000      1342
46.010      1200
46.020      1200
46.030      1142
46.040      1171
46.050       914
46.060      1142
46.070      1000
46.080       885
46.090      1171
46.100      1000
46.110      1114
46.120      1371
46.130       857
46.140      1057
46.150       942
46.160       885
46.170       971
46.180      1171
46.190      1142
46.200      1000
46.210       828
46.220       771
46.230      1028
46.240      1028
46.250      1057
46.260      1114
46.270       857
46.280      1257
46.290      1542
46.300       942
46.310       828
46.320      1000
46.330      1200
46.340      1142
46.350      1228
46.360      1085
46.370      1085
46.380      1114
46.390      1028
46.400      1085
46.410       971
46.420      1257
46.430       885
46.440      1228
46.450      1085
46.460      1142
46.470      1114
46.480      1257
46.490      1200
46.500      1285
46.510      1114
46.520       828
46.530       971
46.540      1285
46.550      1200
46.560      1142
46.570      1114
46.580       914
46.590       971
46.600      1057
46.610       885
46.620      1171
46.630      1342
46.640      1371
46.650      1028
46.660       971
46.670       914
46.680      1314
46.690      1228
46.700      1142
46.710       914
46.720       828
46.730       828
46.740      1028
46.750      1285
46.760      1085
46.770       914
46.780      1000
46.790      1399
46.800       543
46.810      1228
46.820      1171
46.830      1200
46.840      1000
46.850       743
46.860       828
46.870      1142
46.880      1342
46.890       828
46.900       942
46.910      1200
46.920      1457
46.930      1085
46.940       942
46.950       743
46.960       971
46.970      1085
46.980       885
46.990       885
47.000       914
47.010      1000
47.020       714
47.030      1114
47.040       800
47.050      1000
47.060       885
47.070       885
47.080      1114
47.090       914
47.100      1257
47.110      1114
47.120       743
47.130       771
47.140      1200
47.150       657
47.160      1257
47.170      1257
47.180       857
47.190       600
47.200      1028
47.210       743
47.220       743
47.230      1085
47.240      1200
47.250       857
47.260      1000
47.270      1085
47.280      1085
47.290      1028
47.300       885
47.310       971
47.320       914
47.330      1228
47.340       800
47.350       971
47.360      1085
47.370       914
47.380      1114
47.390      1114
47.400      1171
47.410      1000
47.420      1000
47.430       942
47.440       828
47.450       885
47.460       914
47.470      1057
47.480      1200
47.490      1200
47.500      1142
47.510      1257
47.520      1000
47.530       771
47.540      1000
47.550       914
47.560      1257
47.570       914
47.580      1000
47.590      1428
47.600       885
47.610      1228
47.620      1342
47.630       914
47.640       971
47.650       771
47.660      1171
47.670      1228
47.680      1000
47.690       828
47.700      1085
47.710      1028
47.720       885
47.730      1085
47.740       857
47.750      1085
47.760       942
47.770       971
47.780       914
47.790       942
47.800       800
47.810       857
47.820      1028
47.830      1142
47.840       714
47.850      1314
47.860      1228
47.870      1085
47.880       914
47.890      1028
47.900       971
47.910       857
47.920       885
47.930      1028
47.940      1285
47.950      1114
47.960      1085
47.970      1057
47.980      1171
47.990      1085
48.000      1457
48.010      1171
48.020       857
48.030       828
48.040      1342
48.050       885
48.060       628
48.070       743
48.080       857
48.090       971
48.100      1371
48.110      1085
48.120      1171
48.130      1057
48.140      1371
48.150      1028
48.160      1028
48.170      1457
48.180      1142
48.190       971
48.200      1342
48.210      1428
48.220       857
48.230      1257
48.240      1114
48.250       771
48.260       914
48.270      1114
48.280      1228
48.290      1228
48.300      1399
48.310       857
48.320      1457
48.330      1114
48.340       885
48.350      1228
48.360      1000
48.370      1114
48.380      1228
48.390      1114
48.400      1085
48.410      1228
48.420      1399
48.430      1771
48.440      1571
48.450      1656
48.460      1599
48.470      1885
48.480      1971
48.490      1999
48.500      1656
48.510      2028
48.520      2513
48.530      2085
48.540      2428
48.550      2171
48.560      2313
48.570      2713
48.580      2999
48.590      3113
48.600      2742
48.610      3342
48.620      3599
48.630      3599
48.640      3313
48.650      3513
48.660      3256
48.670      3798
48.680      3798
48.690      3941
48.700      3656
48.710      4227
48.720      3970
48.730      5055
48.740      4598
48.750      4941
48.760      5512
48.770      5312
48.780      5341
48.790      5912
48.800      6112
48.810      6712
48.820      6626
48.830      6969
48.840      7597
48.850      7883
48.860      8225
48.870      8197
48.880      8996
48.890      9368
48.900      9139
48.910     10253
48.920     11481
48.930     11710
48.940     11967
48.950     12852
48.960     12652
48.970     14766
48.980     14766
48.990     15422
49.000     14937
49.010     16365
49.020     15137
49.030     15879
49.040     15708
49.050     14994
49.060     14708
49.070     12081
49.080     10938
49.090      9482
49.100      7169
49.110      6340
49.120      5683
49.130      4084
49.140      3399
49.150      3713
49.160      3084
49.170      2742
49.180      3056
49.190      2685
49.200      2570
49.210      1799
49.220      1971
49.230      2142
49.240      2399
49.250      1571
49.260      1999
49.270      1914
49.280      1656
49.290      1771
49.300      1599
49.310      2056
49.320      2056
49.330      1771
49.340      1542
49.350      1656
49.360      1656
49.370      1428
49.380      1771
49.390      1428
49.400      1599
49.410      1399
49.420      1399
49.430      1599
49.440      1742
49.450       971
49.460      1399
49.470      1571
49.480      2056
49.490      1314
49.500      1514
49.510      1514
49.520      1514
49.530      1485
49.540       942
49.550      1542
49.560      1571
49.570      1571
49.580      1257
49.590      1285
49.600      1371
49.610      1514
49.620      1314
49.630      1314
49.640      1542
49.650      1200
49.660      1171
49.670      1371
49.680      1057
49.690      1228
49.700      1571
49.710      1599
49.720      1399
49.730      1457
49.740      1399
49.750      1142
49.760      1114
49.770      1485
49.780      1142
49.790      1285
49.800      1142
49.810      1371
49.820      1257
49.830      1200
49.840      1399
49.850      1142
49.860      1342
49.870      1057
49.880      1057
49.890       942
49.900      1057
49.910      1114
49.920      1342
49.930      1628
49.940       857
49.950       828
49.960      1171
49.970      1371
49.980      1171
49.990      1428
50.000      1142
50.010      1085
50.020      1257
50.030      1000
50.040      1085
50.050      1485
50.060      1399
50.070      1228
50.080      1171
50.090      1314
50.100      1371
50.110      1171
50.120      1314
50.130      1028
50.140      1142
50.150      1200
50.160      1000
50.170      1057
50.180      1085
50.190       828
50.200      1028
50.210      1200
50.220      1142
50.230      1171
50.240      1285
50.250      1257
50.260       771
50.270      1028
50.280       914
50.290      1428
50.300      1028
50.310      1085
50.320       885
50.330      1114
50.340      1257
50.350      1142
50.360      1314
50.370      1114
50.380      1342
50.390      1342
50.400      1257
50.410      1314
50.420      1228
50.430      1171
50.440      1200
50.450      1000
50.460       857
50.470       685
50.480      1028
50.490      1000
50.500      1342
50.510      1200
50.520       828
50.530       942
50.540      1228
50.550      1142
50.560      1228
50.570      1228
50.580      1085
50.590      1057
50.600       942
50.610      1228
50.620      1114
50.630       914
50.640       800
50.650      1000
50.660       914
50.670       971
50.680      1028
50.690      1085
50.700      1114
50.710       857
50.720       942
50.730       971
50.740       942
50.750      1285
50.760      1285
50.770      1257
50.780      1142
50.790       971
50.800       942
50.810       942
50.820      1142
50.830      1000
50.840      1285
50.850      1371
50.860      1314
50.870      1000
50.880       714
50.890      1171
50.900      1057
50.910       828
50.920       685
50.930       885
50.940      1200
50.950      1228
50.960       971
50.970       828
50.980      1000
50.990      1057
51.000       971
51.010      1028
51.020       885
51.030      1142
51.040      1114
51.050       828
51.060      1028
51.070      1028
51.080       828
51.090      1000
51.100       828
51.110      1571
51.120      1114
51.130       857
51.140       771
51.150      1000
51.160      1000
51.170       942
51.180      1228
51.190      1114
51.200      1057
51.210      1257
51.220       885
51.230      1314
51.240      1228
51.250      1028
51.260      1057
51.270       942
51.280       942
51.290      1142
51.300      1171
51.310      1085
51.320      1114
51.330       857
51.340      1142
51.350      1200
51.360       971
51.370       771
51.380      1085
51.390      1085
51.400      1399
51.410      1142
51.420      1000
51.430      1371
51.440      1114
51.450       885
51.460      1057
51.470      1257
51.480      1000
51.490      1028
51.500      1342
51.510      1057
51.520       714
51.530      1228
51.540       828
51.550       800
51.560       942
51.570       971
51.580      1114
51.590      1057
51.600       885
51.610      1171
51.620      1000
51.630       885
51.640       971
51.650      1114
51.660      1571
51.670      1257
51.680       942
51.690      1342
51.700      1142
51.710      1000
51.720       828
51.730      1228
51.740      1257
51.750      1085
51.760      1171
51.770      1257
51.780       885
51.790       828
51.800      1171
51.810      1171
51.820      1200
51.830       942
51.840      1057
51.850      1142
51.860      1114
51.870       857
51.880      1142
51.890       942
51.900      1171
51.910      1028
51.920      1057
51.930      1142
51.940       885
51.950      1171
51.960      1314
51.970      1142
51.980      1114
51.990       971
52.000       885
52.010      1200
52.020      1200
52.030      1085
52.040       828
52.050      1000
52.060      1085
52.070      1171
52.080       857
52.090      1142
52.100      1371
52.110      1200
52.120      1399
52.130      1057
52.140      1314
52.150      1399
52.160      1314
52.170      1314
52.180      1399
52.190       885
52.200      1057
52.210      1571
52.220      1714
52.230      1314
52.240      1656
52.250      1571
52.260      1571
52.270      1628
52.280      1200
52.290      1714
52.300      1714
52.310      1571
52.320      1599
52.330      1799
52.340      1742
52.350      1542
52.360      2028
52.370      1371
52.380      1799
52.390      1856
52.400      2256
52.410      1999
52.420      2685
52.430      2056
52.440      2542
52.450      1828
52.460      2913
52.470      2827
52.480      2456
52.490      2970
52.500      3199
52.510      3313
52.520      3913
52.530      4427
52.540      3513
52.550      3970
52.560      4313
52.570      4313
52.580      4712
52.590      4598
52.600      4741
52.610      5198
52.620      5741
52.630      5027
52.640      6169
52.650      6740
52.660      6997
52.670      6283
52.680      7968
52.690      7226
52.700      7197
52.710      8111
52.720      8482
52.730      8311
52.740      8282
52.750      8482
52.760      9425
52.770      8739
52.780      9225
52.790      8368
52.800      9425
52.810      9311
52.820      8854
52.830      8454
52.840      8996
52.850      8482
52.860      8768
52.870      8682
52.880      9168
52.890      8168
52.900      9311
52.910      8597
52.920      9168
52.930      7911
52.940      8454
52.950      8682
52.960      8911
52.970      8425
52.980      8539
52.990      9339
53.000      9139
53.010      8711
53.020     10082
53.030      8711
53.040      8168
53.050      9825
53.060      9311
53.070      9168
53.080      9282
53.090      9054
53.100      9111
53.110      9739
53.120      8511
53.130      9282
53.140      9396
53.150      9168
53.160      8911
53.170      9311
53.180      9339
53.190      9339
53.200      9967
53.210      8168
53.220      9568
53.230      9939
53.240      8968
53.250      9625
53.260      9168
53.270      8854
53.280      8911
53.290      8939
53.300      8682
53.310      8739
53.320     10424
53.330      9482
53.340      8939
53.350      9996
53.360      9825
53.370      9653
53.380      8654
53.390      9996
53.400      9682
53.410     10025
53.420     10253
53.430     10453
53.440      9825
53.450      9682
53.460      9739
53.470      9739
53.480      9653
53.490     10053
53.500      9825
53.510      9396
53.520     10453
53.530     10510
53.540     10253
53.550     10396
53.560      9196
53.570     10310
53.580      9510
53.590     10167
53.600     10110
53.610     10167
53.620     10482
53.630      9910
53.640     10624
53.650     11196
53.660     11167
53.670     10253
53.680     11081
53.690     11624
53.700     10910
53.710     10853
53.720     11881
53.730     11110
53.740     11938
53.750     11624
53.760     12195
53.770     11681
53.780     11567
53.790     11995
53.800     13309
53.810     12995
53.820     12738
53.830     11910
53.840     12309
53.850     14166
53.860     13452
53.870     12481
53.880     15108
53.890     14194
53.900     14366
53.910     14309
53.920     15679
53.930     16650
53.940     14680
53.950     17193
53.960     17993
53.970     18107
53.980     18050
53.990     18507
54.000     18307
54.010     21163
54.020     21391
54.030     22048
54.040     22305
54.050     23019
54.060     25875
54.070     27732
54.080     30502
54.090     34700
54.100     38784
54.110     39584
54.120     46924
54.130     52151
54.140     54692
54.150     61090
54.160     66973
54.170     71800
54.180     76569
54.190     80596
54.200     83195
54.210     89421
54.220     92734
54.230     97904
54.240    105415
54.250    109585
54.260    118038
54.270    126578
54.280    134489
54.290    144485
54.300    152311
54.310    157794
54.320    169104
54.330    179814
54.340    188725
54.350    192780
54.360    205861
54.370    210916
54.380    225110
54.390    234563
54.400    242646
54.410    250585
54.420    260410
54.430    266750
54.440    274719
54.450    281116
54.460    285686
54.470    290113
54.480    296539
54.490    292911
54.500    293625
54.510    291112
54.520    298138
54.530    289741
54.540    292226
54.550    289256
54.560    282915
54.570    278689
54.580    280602
54.590    273005
54.600    265465
54.610    260125
54.620    257040
54.630    251128
54.640    247987
54.650    243788
54.660    244131
54.670    244102
54.680    241618
54.690    249586
54.700    254355
54.710    259896
54.720    267065
54.730    266893
54.740    276861
54.750    281744
54.760    292626
54.770    285714
54.780    286999
54.790    286600
54.800    286885
54.810    290484
54.820    289484
54.830    291940
54.840    288856
54.850    293054
54.860    295282
54.870    285686
54.880    265522
54.890    238333
54.900    203918
54.910    167504
54.920    139344
54.930    117296
54.940    102730
54.950     89022
54.960     78112
54.970     72828
54.980     67202
54.990     61176
55.000     53636
55.010     49923
55.020     43925
55.030     42040
55.040     39670
55.050     34786
55.060     32673
55.070     31159
55.080     29788
55.090     30302
55.100     27418
55.110     26618
55.120     25447
55.130     24476
55.140     25133
55.150     23305
55.160     23391
55.170     21363
55.180     20820
55.190     22677
55.200     21763
55.210     19392
55.220     18364
55.230     20363
55.240     17622
55.250     17279
55.260     16965
55.270     17707
55.280     17593
55.290     16308
55.300     17050
55.310     16194
55.320     16251
55.330     14280
55.340     14080
55.350     15251
55.360     15451
55.370     15651
55.380     13652
55.390     13709
55.400     14566
55.410     15365
55.420     13080
55.430     14680
55.440     13937
55.450     13852
55.460     13937
55.470     12481
55.480     12652
55.490     11310
55.500     12252
55.510     12224
55.520     11938
55.530     11453
55.540     10510
55.550     10967
55.560     11938
55.570     11852
55.580     11995
55.590     11681
55.600     10853
55.610      9682
55.620     11710
55.630     10139
55.640     10910
55.650      9739
55.660      9853
55.670      9939
55.680     10110
55.690     10053
55.700     10196
55.710      9967
55.720      9853
55.730      9625
55.740      9967
55.750      9882
55.760      8539
55.770      8825
55.780      8511
55.790      8340
55.800      9139
55.810      8768
55.820      8568
55.830      9225
55.840      9510
55.850      8225
55.860      8568
55.870      7911
55.880      8968
55.890      8539
55.900      7054
55.910      8111
55.920      9196
55.930      8682
55.940      8796
55.950      8082
55.960      7083
55.970      7511
55.980      8025
55.990      8025
56.000      7854
56.010      7740
56.020      7825
56.030      8854
56.040      7768
56.050      7883
56.060      7426
56.070      7711
56.080      8054
56.090      7368
56.100      7997
56.110      7511
56.120      7026
56.130      6969
56.140      7226
56.150      6683
56.160      6283
56.170      7311
56.180      7169
56.190      6997
56.200      6854
56.210      6854
56.220      7054
56.230      6369
56.240      7283
56.250      6654
56.260      6940
56.270      6540
56.280      8225
56.290      6512
56.300      6369
56.310      6740
56.320      6455
56.330      7426
56.340      6854
56.350      6397
56.360      6455
56.370      5769
56.380      7083
56.390      6283
56.400      6483
56.410      5512
56.420      6512
56.430      6483
56.440      6455
56.450      6512
56.460      5826
56.470      6455
56.480      6626
56.490      5769
56.500      5969
56.510      6740
56.520      6597
56.530      6426
56.540      6198
56.550      5969
56.560      6540
56.570      6112
56.580      6426
56.590      6512
56.600      5398
56.610      6255
56.620      6312
56.630      6083
56.640      6083
56.650      6512
56.660      6397
56.670      6026
56.680      5455
56.690      5112
56.700      5798
56.710      5655
56.720      5912
56.730      5112
56.740      5998
56.750      5484
56.760      5198
56.770      5855
56.780      6083
56.790      6369
56.800      5512
56.810      5484
56.820      6312
56.830      6512
56.840      6026
56.850      5169
56.860      5655
56.870      5255
56.880      5655
56.890      6169
56.900      5369
56.910      5798
56.920      5855
56.930      4627
56.940      5798
56.950      5712
56.960      5284
56.970      5626
56.980      4827
56.990      4798
57.000      4912
57.010      5084
57.020      4912
57.030      5312
57.040      4512
57.050      4855
57.060      4770
57.070      5226
57.080      4827
57.090      4598
57.100      5027
57.110      5341
57.120      5512
57.130      4741
57.140      5426
57.150      4884
57.160      5341
57.170      4598
57.180      4798
57.190      4798
57.200      5312
57.210      5141
57.220      5169
57.230      4998
57.240      4684
57.250      4941
57.260      4941
57.270      4941
57.280      5112
57.290      5369
57.300      5541
57.310      4684
57.320      4398
57.330      4827
57.340      4541
57.350      5426
57.360      4912
57.370      5255
57.380      4627
57.390      4512
57.400      4255
57.410      4084
57.420      4855
57.430      4570
57.440      4998
57.450      4541
57.460      4684
57.470      4712
57.480      5312
57.490      3913
57.500      4912
57.510      4798
57.520      4798
57.530      4770
57.540      5055
57.550      4484
57.560      4570
57.570      4684
57.580      3627
57.590      5027
57.600      5141
57.610      4370
57.620      4541
57.630      4570
57.640      4427
57.650      3627
57.660      4284
57.670      4284
57.680      4370
57.690      3970
57.700      4998
57.710      4113
57.720      3856
57.730      4255
57.740      4598
57.750      4284
57.760      4598
57.770      4313
57.780      4313
57.790      4170
57.800      4655
57.810      4484
57.820      4684
57.830      4198
57.840      4341
57.850      4512
57.860      4313
57.870      4341
57.880      4027
57.890      4056
57.900      4370
57.910      4141
57.920      5084
57.930      4113
57.940      4284
57.950      3884
57.960      3684
57.970      3741
57.980      4370
57.990      3770
58.000      4198
58.010      4084
58.020      4284
58.030      3484
58.040      3884
58.050      3599
58.060      3827
58.070      4284
58.080      4084
58.090      4113
58.100      4141
58.110      4170
58.120      4427
58.130      4341
58.140      4284
58.150      3827
58.160      4084
58.170      3998
58.180      4027
58.190      3998
58.200      4284
58.210      3513
58.220      4313
58.230      3913
58.240      4141
58.250      4255
58.260      3513
58.270      4170
58.280      3827
58.290      3399
58.300      3456
58.310      3484
58.320      3684
58.330      4084
58.340      3713
58.350      2942
58.360      3941
58.370      3399
58.380      4198
58.390      3913
58.400      3513
58.410      3599
58.420      3798
58.430      3856
58.440      3770
58.450      3856
58.460      4056
58.470      3599
58.480      3627
58.490      4170
58.500      3770
58.510      3770
58.520      3913
58.530      3427
58.540      3741
58.550      3541
58.560      3713
58.570      3599
58.580      3684
58.590      3798
58.600      3684
58.610      3570
58.620      3284
58.630      3456
58.640      4056
58.650      3484
58.660      3684
58.670      3084
58.680      4141
58.690      3970
58.700      3570
58.710      3284
58.720      3370
58.730      3541
58.740      4341
58.750      3599
58.760      3684
58.770      3798
58.780      3456
58.790      3798
58.800      3599
58.810      3513
58.820      3456
58.830      3570
58.840      3399
58.850      3256
58.860      3627
58.870      3456
58.880      3256
58.890      3399
58.900      2970
58.910      3370
58.920      2685
58.930      3084
58.940      3513
58.950      3113
58.960      3084
58.970      2942
58.980      2742
58.990      2770
59.000      3370
59.010      3399
59.020      3370
59.030      3627
59.040      3113
59.050      3570
59.060      3599
59.070      3342
59.080      3227
59.090      3427
59.100      3941
59.110      3456
59.120      2827
59.130      3370
59.140      3199
59.150      3370
59.160      3713
59.170      3199
59.180      2713
59.190      3399
59.200      3741
59.210      2713
59.220      3484
59.230      3484
59.240      3056
59.250      3513
59.260      3170
59.270      3313
59.280      3484
59.290      2999
59.300      2685
59.310      2885
59.320      3056
59.330      3142
59.340      3142
59.350      3113
59.360      2713
59.370      3342
59.380      3284
59.390      2827
59.400      3741
59.410      3084
59.420      3227
59.430      2656
59.440      2999
59.450      2827
59.460      3484
59.470      3456
59.480      2570
59.490      3084
59.500      2942
59.510      3342
59.520      2685
59.530      3199
59.540      3027
59.550      3027
59.560      2456
59.570      2913
59.580      3370
59.590      2942
59.600      3456
59.610      2999
59.620      3427
59.630      2685
59.640      3027
59.650      2970
59.660      3027
59.670      2885
59.680      3227
59.690      2942
59.700      3370
59.710      2770
59.720      3427
59.730      3513
59.740      3113
59.750      2970
59.760      3456
59.770      2856
59.780      3770
59.790      3056
59.800      2685
59.810      2999
59.820      3056
59.830      2885
59.840      2428
59.850      2513
59.860      3142
59.870      2856
59.880      3513
59.890      2399
59.900      2827
59.910      3170
59.920      3227
59.930      3142
59.940      2656
59.950      3284
59.960      2513
59.970      2713
59.980      2799
59.990      2970
60.000      3084
60.010      3027
60.020      2770
60.030      2770
60.040      2742
60.050      3170
60.060      2913
60.070      3284
60.080      2599
60.090      2770
60.100      2827
60.110      3256
60.120      2599
60.130      2913
60.140      2885
60.150      3027
60.160      2713
60.170      2656
60.180      2999
60.190      2370
60.200      2656
60.210      2428
60.220      2485
60.230      2599
60.240      2770
60.250      2456
60.260      2399
60.270      3142
60.280      3227
60.290      2342
60.300      2171
60.310      2456
60.320      3256
60.330      2570
60.340      2970
60.350      3027
60.360      2370
60.370      2799
60.380      2713
60.390      2885
60.400      2999
60.410      2770
60.420      2256
60.430      2256
60.440      3084
60.450      2570
60.460      2342
60.470      2513
60.480      2742
60.490      2599
60.500      2370
60.510      2399
60.520      2799
60.530      2513
60.540      2513
60.550      2456
60.560      3142
60.570      2742
60.580      2513
60.590      2513
60.600      3084
60.610      2742
60.620      2428
60.630      2542
60.640      2199
60.650      2199
60.660      2399
60.670      2685
60.680      2399
60.690      2313
60.700      2428
60.710      3227
60.720      2370
60.730      2028
60.740      2456
60.750      2285
60.760      2313
60.770      2028
60.780      2599
60.790      2428
60.800      2770
60.810      2628
60.820      1856
60.830      2599
60.840      2599
60.850      2885
60.860      2399
60.870      2570
60.880      2713
60.890      2113
60.900      2513
60.910      2885
60.920      2599
60.930      2599
60.940      2513
60.950      2399
60.960      2313
60.970      2228
60.980      2628
60.990      2570
61.000      1942
61.010      2428
61.020      2628
61.030      2428
61.040      2285
61.050      1799
61.060      2028
61.070      2713
61.080      2171
61.090      2570
61.100      2256
61.110      2028
61.120      2399
61.130      2485
61.140      2656
61.150      1999
61.160      2428
61.170      2342
61.180      2228
61.190      2313
61.200      2456
61.210      2599
61.220      2685
61.230      2456
61.240      2256
61.250      1885
61.260      2199
61.270      2113
61.280      1885
61.290      2313
61.300      2428
61.310      1999
61.320      2570
61.330      2228
61.340      2513
61.350      2485
61.360      2342
61.370      2599
61.380      2113
61.390      2485
61.400      2056
61.410      2199
61.420      1828
61.430      2028
61.440      2228
61.450      2370
61.460      2485
61.470      2542
61.480      2256
61.490      2056
61.500      1971
61.510      2742
61.520      2456
61.530      1999
61.540      2485
61.550      1856
61.560      2056
61.570      1971
61.580      2028
61.590      2542
61.600      2370
61.610      2342
61.620      2113
61.630      2485
61.640      2542
61.650      1999
61.660      2370
61.670      2142
61.680      1542
61.690      2827
61.700      2199
61.710      2342
61.720      2428
61.730      2313
61.740      1799
61.750      2142
61.760      2513
61.770      2199
61.780      2342
61.790      2342
61.800      2056
61.810      2342
61.820      2313
61.830      2028
61.840      2313
61.850      2085
61.860      2228
61.870      1485
61.880      2142
61.890      2742
61.900      2028
61.910      2313
61.920      2056
61.930      2370
61.940      1885
61.950      1942
61.960      2399
61.970      2199
61.980      1771
61.990      1914
62.000      1999
62.010      1885
62.020      1999
62.030      1971
62.040      2028
62.050      2485
62.060      1971
62.070      2485
62.080      2142
62.090      2313
62.100      1828
62.110      2056
62.120      1685
62.130      2256
62.140      2028
62.150      1856
62.160      1771
62.170      1971
62.180      1885
62.190      2256
62.200      2056
62.210      1799
62.220      1885
62.230      2485
62.240      2513
62.250      1428
62.260      2456
62.270      2056
62.280      2056
62.290      2113
62.300      2256
62.310      1771
62.320      1942
62.330      2256
62.340      1914
62.350      1942
62.360      2171
62.370      1742
62.380      2085
62.390      1856
62.400      1971
62.410      1771
62.420      1828
62.430      1685
62.440      1942
62.450      2171
62.460      2171
62.470      1828
62.480      2113
62.490      2028
62.500      1856
62.510      2028
62.520      2113
62.530      2056
62.540      1771
62.550      2285
62.560      1771
62.570      2113
62.580      2370
62.590      1971
62.600      1999
62.610      1942
62.620      2142
62.630      1914
62.640      1799
62.650      2028
62.660      2342
62.670      1885
62.680      1542
62.690      2028
62.700      1656
62.710      2056
62.720      1628
62.730      2056
62.740      2056
62.750      2028
62.760      1856
62.770      2313
62.780      1885
62.790      1914
62.800      1485
62.810      2342
62.820      1885
62.830      1342
62.840      2056
62.850      1742
62.860      1799
62.870      2113
62.880      1599
62.890      1942
62.900      1514
62.910      1885
62.920      2028
62.930      2085
62.940      1742
62.950      1799
62.960      1571
62.970      1514
62.980      2342
62.990      2085
63.000      1799
63.010      1942
63.020      1999
63.030      1942
63.040      1885
63.050      2313
63.060      1514
63.070      1714
63.080      1599
63.090      2028
63.100      1571
63.110      2028
63.120      1771
63.130      1742
63.140      1371
63.150      1828
63.160      2056
63.170      2056
63.180      1742
63.190      1399
63.200      1685
63.210      2028
63.220      2142
63.230      1628
63.240      1514
63.250      1799
63.260      1485
63.270      1799
63.280      2228
63.290      1885
63.300      1856
63.310      1942
63.320      1685
63.330      1571
63.340      1942
63.350      1999
63.360      1342
63.370      2085
63.380      1571
63.390      1828
63.400      1742
63.410      1628
63.420      1828
63.430      1942
63.440      1114
63.450      1714
63.460      1599
63.470      1656
63.480      1628
63.490      1656
63.500      1571
63.510      1714
63.520      1599
63.530      1656
63.540      1714
63.550      1885
63.560      1571
63.570      1714
63.580      1371
63.590      1628
63.600      1542
63.610      1771
63.620      1571
63.630      1542
63.640      1714
63.650      1656
63.660      1971
63.670      1742
63.680      2056
63.690      1485
63.700      1485
63.710      1914
63.720      1599
63.730      1999
63.740      1428
63.750      1771
63.760      1542
63.770      1514
63.780      1571
63.790       971
63.800      1685
63.810      1342
63.820      1628
63.830      1485
63.840      1514
63.850      1571
63.860      1914
63.870      1514
63.880      2056
63.890      1942
63.900      1714
63.910      1371
63.920      1399
63.930      1257
63.940      1714
63.950      1942
63.960      1171
63.970      1342
63.980      1228
63.990      1399
64.000      1457
64.010      1428
64.020      1371
64.030      1285
64.040      1542
64.050      1399
64.060      1457
64.070      1485
64.080      1571
64.090      1514
64.100      1485
64.110      1485
64.120      1828
64.130      1085
64.140      1371
64.150      1599
64.160      1514
64.170      1685
64.180      1628
64.190      2056
64.200      1656
64.210      1428
64.220      1428
64.230      1514
64.240      1885
64.250      1685
64.260      1314
64.270      1599
64.280      1799
64.290      1799
64.300      1228
64.310      1542
64.320      1571
64.330      1571
64.340      1342
64.350      1342
64.360      1371
64.370      1599
64.380      1314
64.390      1114
64.400      1428
64.410      1685
64.420      1742
64.430      1714
64.440      1200
64.450      1599
64.460      1856
64.470      1771
64.480      1114
64.490      1656
64.500      1599
64.510      1428
64.520      1828
64.530      1599
64.540      1714
64.550      1428
64.560      1314
64.570      1314
64.580      1656
64.590      1542
64.600      1542
64.610      1371
64.620      1742
64.630      1656
64.640      1000
64.650      1656
64.660      1142
64.670      1685
64.680      1542
64.690      1371
64.700      1171
64.710      1457
64.720      1285
64.730      1171
64.740      1457
64.750      1428
64.760      1171
64.770      1656
64.780      1656
64.790      1485
64.800      1114
64.810      1314
64.820      1142
64.830      1314
64.840      1428
64.850      1599
64.860      1542
64.870      1542
64.880      1399
64.890      1371
64.900      1457
64.910      1342
64.920      1685
64.930      1514
64.940      1085
64.950      1514
64.960      1514
64.970      1200
64.980      1342
64.990      1428
65.000      1485
65.010      1200
65.020      1628
65.030      1571
65.040      1399
65.050      1457
65.060      1285
65.070      1371
65.080      1656
65.090      1228
65.100      1114
65.110      1285
65.120      1114
65.130       857
65.140      1428
65.150      1428
65.160      1428
65.170      1514
65.180      1342
65.190      1200
65.200      1342
65.210      1685
65.220      1371
65.230      1371
65.240      1371
65.250      1142
65.260      1599
65.270       942
65.280      1285
65.290       971
65.300      1342
65.310      1399
65.320      1228
65.330      1371
65.340      1085
65.350      1542
65.360      1428
65.370      1371
65.380      1428
65.390      1314
65.400      1085
65.410      1542
65.420      1257
65.430       971
65.440       771
65.450      1514
65.460      1142
65.470       885
65.480      1200
65.490      1457
65.500      1228
65.510      1085
65.520       942
65.530      1514
65.540      1371
65.550       828
65.560      1285
65.570      1200
65.580      1399
65.590      1514
65.600      1200
65.610      1085
65.620      1228
65.630      1571
65.640      1228
65.650      1342
65.660      1285
65.670      1285
65.680      1542
65.690      1371
65.700      1228
65.710      1028
65.720      1542
65.730      1257
65.740      1342
65.750      1200
65.760      1428
65.770      1057
65.780      1485
65.790      1656
65.800      1428
65.810      1171
65.820      1257
65.830      1228
65.840      1142
65.850      1171
65.860      1114
65.870      1114
65.880      1228
65.890      1057
65.900      1314
65.910      1314
65.920      1028
65.930      1257
65.940      1599
65.950      1285
65.960      1142
65.970      1285
65.980      1257
65.990      1142
66.000      1371
66.010      1257
66.020      1142
66.030      1485
66.040      1085
66.050       914
66.060      1200
66.070      1371
66.080      1057
66.090      1285
66.100      1314
66.110      1028
66.120       914
66.130      1085
66.140       942
66.150      1314
66.160      1028
66.170      1514
66.180      1057
66.190      1257
66.200      1171
66.210      1399
66.220      1171
66.230       971
66.240      1257
66.250      1342
66.260      1000
66.270      1000
66.280      1228
66.290      1028
66.300      1228
66.310      1057
66.320      1485
66.330       885
66.340      1142
66.350      1285
66.360      1457
66.370      1257
66.380      1342
66.390      1057
66.400      1085
66.410      1514
66.420      1285
66.430      1314
66.440      1200
66.450       914
66.460      1285
66.470      1571
66.480      1000
66.490      1228
66.500      1028
66.510       971
66.520      1028
66.530      1142
66.540      1000
66.550      1428
66.560      1200
66.570      1028
66.580      1057
66.590       771
66.600       942
66.610      1371
66.620      1085
66.630       942
66.640      1057
66.650      1257
66.660      1285
66.670      1342
66.680       857
66.690      1399
66.700       942
66.710      1257
66.720      1171
66.730      1085
66.740      1371
66.750      1314
66.760      1314
66.770      1057
66.780      1485
66.790      1314
66.800      1057
66.810      1285
66.820      1228
66.830       971
66.840       857
66.850      1142
66.860      1200
66.870       914
66.880       885
66.890      1000
66.900      1257
66.910      1000
66.920       942
66.930      1000
66.940      1685
66.950      1142
66.960      1314
66.970      1142
66.980      1028
66.990      1142
67.000      1000
67.010      1171
67.020       771
67.030       828
67.040       971
67.050      1200
67.060       828
67.070      1085
67.080      1000
67.090      1085
67.100      1314
67.110       771
67.120      1085
67.130       685
67.140       800
67.150      1114
67.160      1114
67.170      1057
67.180      1028
67.190      1028
67.200       914
67.210      1057
67.220      1314
67.230       685
67.240      1028
67.250      1000
67.260       743
67.270       885
67.280      1057
67.290       743
67.300       885
67.310       942
67.320      1000
67.330      1000
67.340      1057
67.350       971
67.360       885
67.370       942
67.380      1028
67.390       971
67.400       800
67.410       743
67.420      1228
67.430       971
67.440       828
67.450      1000
67.460       971
67.470      1000
67.480      1142
67.490      1085
67.500       828
67.510       828
67.520      1028
67.530      1228
67.540       771
67.550       743
67.560       971
67.570      1057
67.580      1171
67.590      1057
67.600      1028
67.610       885
67.620      1000
67.630      1085
67.640      1114
67.650      1228
67.660       971
67.670      1171
67.680       857
67.690      1085
67.700       543
67.710       914
67.720      1028
67.730       800
67.740      1171
67.750      1171
67.760      1399
67.770      1057
67.780      1228
67.790      1000
67.800      1000
67.810       942
67.820       685
67.830      1142
67.840       800
67.850       743
67.860       857
67.870       885
67.880       800
67.890      1171
67.900      1000
67.910       942
67.920       800
67.930      1228
67.940       914
67.950       743
67.960       942
67.970       971
67.980      1028
67.990       828
68.000       771
68.010       857
68.020      1142
68.030       942
68.040      1285
68.050       800
68.060       885
68.070      1028
68.080       714
68.090       885
68.100       714
68.110       828
68.120       771
68.130       828
68.140       571
68.150      1028
68.160      1142
68.170       885
68.180       628
68.190       857
68.200       914
68.210       971
68.220       685
68.230       857
68.240       971
68.250      1000
68.260       914
68.270       942
68.280       743
68.290      1200
68.300      1028
68.310       885
68.320       914
68.330       628
68.340       885
68.350       942
68.360      1142
68.370       800
68.380       857
68.390       828
68.400       743
68.410       857
68.420       771
68.430       800
68.440       828
68.450       914
68.460       714
68.470       800
68.480      1000
68.490       800
68.500       657
68.510       543
68.520       828
68.530       685
68.540       743
68.550       714
68.560       771
68.570       714
68.580       857
68.590       743
68.600      1085
68.610       914
68.620       914
68.630       857
68.640       971
68.650       628
68.660       571
68.670      1028
68.680       800
68.690       600
68.700      1200
68.710       914
68.720       971
68.730       857
68.740       714
68.750       800
68.760       657
68.770       428
68.780       800
68.790       857
68.800       628
68.810       657
68.820       914
68.830       771
68.840       543
68.850       885
68.860       828
68.870       657
68.880      1000
68.890       571
68.900       857
68.910       771
68.920       971
68.930       628
68.940       914
68.950       800
68.960       885
68.970       828
68.980       771
68.990       685
69.000       942
69.010       771
69.020       685
69.030      1057
69.040       771
69.050       828
69.060       514
69.070      1057
69.080       828
69.090       942
69.100      1257
69.110       571
69.120       800
69.130       885
69.140       714
69.150       714
69.160       628
69.170       857
69.180      1000
69.190       828
69.200       828
69.210       685
69.220       685
69.230       657
69.240       914
69.250       914
69.260      1142
69.270       571
69.280       828
69.290       914
69.300       771
69.310       685
69.320       828
69.330       714
69.340       857
69.350       857
69.360       885
69.370       657
69.380       743
69.390       857
69.400      1085
69.410       571
69.420       800
69.430       514
69.440       657
69.450       771
69.460       714
69.470       543
69.480       714
69.490       771
69.500       514
69.510       800
69.520       628
69.530       771
69.540       514
69.550       828
69.560       657
69.570       628
69.580       800
69.590       971
69.600       600
69.610       714
69.620       857
69.630      1000
69.640       828
69.650       743
69.660       771
69.670       714
69.680       771
69.690       571
69.700       771
69.710       828
69.720       543
69.730       657
69.740       486
69.750       743
69.760       600
69.770       514
69.780       600
69.790       486
69.800       857
69.810       971
69.820       743
69.830       800
69.840       657
69.850       714
69.860       571
69.870       828
69.880       571
69.890       828
69.900       400
69.910       800
69.920       628
69.930       571
69.940       857
69.950       800
69.960      1000
69.970       600
69.980       514
69.990       685
70.000       743
70.010       857
70.020       543
70.030       657
70.040       714
70.050       628
70.060       714
70.070       685
70.080       571
70.090       743
70.100       543
70.110       714
70.120       885
70.130      1028
70.140       857
70.150       657
70.160       657
70.170       800
70.180       486
70.190      1028
70.200       514
70.210       857
70.220       543
70.230      1085
70.240       771
70.250       571
70.260       743
70.270       685
70.280       543
70.290       828
70.300       600
70.310       657
70.320       857
70.330       771
70.340       657
70.350       685
70.360       914
70.370       685
70.380       885
70.390       600
70.400       600
70.410       800
70.420       514
70.430       857
70.440       714
70.450       600
70.460       457
70.470       771
70.480       571
70.490       685
70.500       628
70.510       600
70.520       771
70.530       685
70.540       657
70.550       657
70.560       914
70.570       571
70.580       771
70.590       571
70.600       514
70.610       828
70.620       657
70.630       685
70.640       771
70.650       743
70.660       486
70.670       571
70.680       543
70.690       571
70.700       971
70.710       571
70.720       543
70.730       514
70.740       714
70.750       885
70.760       743
70.770       486
70.780       600
70.790       486
70.800       571
70.810       657
70.820       657
70.830       628
70.840       743
70.850       685
70.860       857
70.870       571
70.880       571
70.890       743
70.900       486
70.910       628
70.920       543
70.930       714
70.940       885
70.950       657
70.960       857
70.970       600
70.980       428
70.990       628
71.000       514
71.010       657
71.020       657
71.030       628
71.040       457
71.050       743
71.060       657
71.070       486
71.080       628
71.090       685
71.100       914
71.110       685
71.120       371
71.130       628
71.140       628
71.150       657
71.160       714
71.170       571
71.180       628
71.190       685
71.200       743
71.210       457
71.220       400
71.230       571
71.240       743
71.250       600
71.260       514
71.270       657
71.280       457
71.290       600
71.300       428
71.310       743
71.320       543
71.330       543
71.340       743
71.350       543
71.360       714
71.370       457
71.380       571
71.390       400
71.400       400
71.410       857
71.420       371
71.430       571
71.440       457
71.450       657
71.460       514
71.470       457
71.480       743
71.490       428
71.500       600
71.510       428
71.520       628
71.530       428
71.540       457
71.550       543
71.560       600
71.570       571
71.580       685
71.590       571
71.600       400
71.610       400
71.620       314
71.630       343
71.640       457
71.650       571
71.660       600
71.670       571
71.680       514
71.690       771
71.700       286
71.710       628
71.720       400
71.730       514
71.740       600
71.750       314
71.760       628
71.770       714
71.780       714
71.790       486
71.800       828
71.810       428
71.820       514
71.830       457
71.840       543
71.850       543
71.860       286
71.870       657
71.880       486
71.890       543
71.900       400
71.910       600
71.920       600
71.930       571
71.940       314
71.950       685
71.960       600
71.970       428
71.980       486
71.990       514
72.000       457
72.010       600
72.020       514
72.030       514
72.040       371
72.050       543
72.060       514
72.070       543
72.080       628
72.090       543
72.100       257
72.110       428
72.120       486
72.130       600
72.140       571
72.150       428
72.160       514
72.170       428
72.180       600
72.190       543
72.200       400
72.210       514
72.220       343
72.230       571
72.240       571
72.250       628
72.260       628
72.270       486
72.280       685
72.290       514
72.300       286
72.310       543
72.320       486
72.330       400
72.340       486
72.350       428
72.360       457
72.370       628
72.380       514
72.390       428
72.400       457
72.410       457
72.420       571
72.430       543
72.440       600
72.450       571
72.460       685
72.470       628
72.480       543
72.490       457
72.500       400
72.510       486
72.520       457
72.530       571
72.540       543
72.550       457
72.560       543
72.570       514
72.580       457
72.590       371
72.600       514
72.610       314
72.620       400
72.630       486
72.640       514
72.650       571
72.660       457
72.670       371
72.680       400
72.690       371
72.700       571
72.710       743
72.720       428
72.730       486
72.740       771
72.750       286
72.760       286
72.770       286
72.780       400
72.790       486
72.800       400
72.810       343
72.820       657
72.830       714
72.840       543
72.850       343
72.860       628
72.870       428
72.880       457
72.890       457
72.900       543
72.910       543
72.920       514
72.930       286
72.940       486
72.950       457
72.960       714
72.970       514
72.980       486
72.990       400
73.000       571
73.010       543
73.020       514
73.030       343
73.040       771
73.050       543
73.060       514
73.070       371
73.080       514
73.090       428
73.100       457
73.110       486
73.120       343
73.130       543
73.140       371
73.150       457
73.160       657
73.170       628
73.180       685
73.190       343
73.200       486
73.210       343
73.220       400
73.230       343
73.240       743
73.250       428
73.260       457
73.270       457
73.280       428
73.290       343
73.300       286
73.310       428
73.320       486
73.330       486
73.340       457
73.350       457
73.360       600
73.370       343
73.380       343
73.390       514
73.400       486
73.410       343
73.420       628
73.430       514
73.440       486
73.450       457
73.460       428
73.470       371
73.480       600
73.490       428
73.500       314
73.510       657
73.520       457
73.530       514
73.540       457
73.550       314
73.560       286
73.570       543
73.580       543
73.590       371
73.600       371
73.610       571
73.620       343
73.630       228
73.640       486
73.650       571
73.660       543
73.670       314
73.680       514
73.690       486
73.700       571
73.710       457
73.720       428
73.730       543
73.740       543
73.750       428
73.760       457
73.770       371
73.780       543
73.790       486
73.800       257
73.810       800
73.820       428
73.830       514
73.840       486
73.850       486
73.860       400
73.870       286
73.880       286
73.890       257
73.900       543
73.910       257
73.920       428
73.930       571
73.940       457
73.950       286
73.960       457
73.970       286
73.980       314
73.990       286
74.000       457
74.010       571
74.020       486
74.030       343
74.040       371
74.050       314
74.060       257
74.070       257
74.080       428
74.090       486
74.100       514
74.110       286
74.120       600
74.130       314
74.140       257
74.150       371
74.160       400
74.170       543
74.180       371
74.190       486
74.200       457
74.210       228
74.220       314
74.230       514
74.240       600
74.250       657
74.260       400
74.270       286
74.280       400
74.290       400
74.300       371
74.310       400
74.320       486
74.330       600
74.340       171
74.350       543
74.360       343
74.370       514
74.380       371
74.390       571
74.400       428
74.410       314
74.420       286
74.430       371
74.440       371
74.450       371
74.460       428
74.470       543
74.480       543
74.490       343
74.500       543
74.510       257
74.520       343
74.530       400
74.540       543
74.550       314
74.560       543
74.570       514
74.580       314
74.590       400
74.600       457
74.610       371
74.620       371
74.630       314
74.640       400
74.650       171
74.660       314
74.670       571
74.680       314
74.690       171
74.700       343
74.710       486
74.720       400
74.730       228
74.740       428
74.750       457
74.760       314
74.770       400
74.780       571
74.790       428
74.800       343
74.810       457
74.820       543
74.830       371
74.840       171
74.850       457
74.860       200
74.870       286
74.880       400
74.890       314
74.900       371
74.910       514
74.920       400
74.930       286
74.940       314
74.950       343
74.960       457
74.970       371
74.980       171
74.990       457
75.000       400
75.010       543
75.020       400
75.030       228
75.040       486
75.050       143
75.060       257
75.070       286
75.080       371
75.090       514
75.100       543
75.110       343
75.120       343
75.130       486
75.140       571
75.150       400
75.160       371
75.170       371
75.180       314
75.190       343
75.200       400
75.210       400
75.220       400
75.230       400
75.240       286
75.250       400
75.260       486
75.270       286
75.280       543
75.290       171
75.300       400
75.310       343
75.320       400
75.330       257
75.340       343
75.350       457
75.360       400
75.370       286
75.380       428
75.390       400
75.400       457
75.410       400
75.420       486
75.430       457
75.440       257
75.450       400
75.460       371
75.470       486
75.480       314
75.490       400
75.500       343
75.510       228
75.520       286
75.530       457
75.540       314
75.550       314
75.560       457
75.570       543
75.580       428
75.590       457
75.600       457
75.610       514
75.620       314
75.630       343
75.640       200
75.650       428
75.660       371
75.670       257
75.680       400
75.690       514
75.700       514
75.710       371
75.720       286
75.730       286
75.740       286
75.750       286
75.760       514
75.770       343
75.780       286
75.790       343
75.800       371
75.810       371
75.820       228
75.830       228
75.840       286
75.850       428
75.860       543
75.870       400
75.880       343
75.890       343
75.900       400
75.910       314
75.920       571
75.930       400
75.940       371
75.950       428
75.960       571
75.970       428
75.980       314
75.990       371
76.000       200
76.010       428
76.020       486
76.030       371
76.040       428
76.050       286
76.060       286
76.070       657
76.080       257
76.090       371
76.100       286
76.110       600
76.120       400
76.130       343
76.140       314
76.150       314
76.160       400
76.170       571
76.180       343
76.190       400
76.200       428
76.210       571
76.220       543
76.230       400
76.240       400
76.250       371
76.260       657
76.270       457
76.280       314
76.290       457
76.300       486
76.310       600
76.320       628
76.330       628
76.340       371
76.350       314
76.360       514
76.370       428
76.380       343
76.390       514
76.400       543
76.410       543
76.420       685
76.430       543
76.440       486
76.450       714
76.460       685
76.470       628
76.480       457
76.490       714
76.500       771
76.510       743
76.520       800
76.530       600
76.540       885
76.550      1028
76.560       657
76.570       714
76.580       857
76.590       685
76.600      1142
76.610       857
76.620       942
76.630       942
76.640       800
76.650      1085
76.660       971
76.670       685
76.680      1342
76.690      1485
76.700      1085
76.710      1028
76.720      1285
76.730      1257
76.740      1485
76.750      1714
76.760      1057
76.770      1399
76.780      1571
76.790      1685
76.800      2113
76.810      2199
76.820      1971
76.830      1399
76.840      1771
76.850      2113
76.860      1971
76.870      1371
76.880      2056
76.890      2485
76.900      2028
76.910      2370
76.920      2171
76.930      1885
76.940      2342
76.950      2399
76.960      2228
76.970      2542
76.980      2885
76.990      2599
77.000      2285
77.010      1999
77.020      1971
77.030      2113
77.040      2085
77.050      1628
77.060      1942
77.070      1514
77.080      1399
77.090       857
77.100       543
77.110       942
77.120       685
77.130       771
77.140       714
77.150       714
77.160       400
77.170       571
77.180       628
77.190       628
77.200       514
77.210       857
77.220       685
77.230       428
77.240       571
77.250       428
77.260       657
77.270       486
77.280       600
77.290       457
77.300       543
77.310       486
77.320       400
77.330       486
77.340       371
77.350       486
77.360       400
77.370       371
77.380       543
77.390       457
77.400       571
77.410       514
77.420       428
77.430       457
77.440       343
77.450       428
77.460       400
77.470       371
77.480       400
77.490       543
77.500       428
77.510       200
77.520       228
77.530       400
77.540       486
77.550       371
77.560       428
77.570       400
77.580       228
77.590       457
77.600       543
77.610       228
77.620       343
77.630       343
77.640       428
77.650       371
77.660       400
77.670       486
77.680       343
77.690       257
77.700       343
77.710       400
77.720       371
77.730       343
77.740       514
77.750       571
77.760       543
77.770        86
77.780       428
77.790       171
77.800       400
77.810       314
77.820       343
77.830       171
77.840       314
77.850       400
77.860       286
77.870       343
77.880       228
77.890       314
77.900       228
77.910       343
77.920       171
77.930       343
77.940       428
77.950       143
77.960       257
77.970       400
77.980       286
77.990       200
78.000       371
78.010       286
78.020       343
78.030       371
78.040       343
78.050       286
78.060       257
78.070       314
78.080       343
78.090       428
78.100       343
78.110       286
78.120       171
78.130       257
78.140       286
78.150       400
78.160       457
78.170       457
78.180       143
78.190       286
78.200       343
78.210       457
78.220       400
78.230       514
78.240       286
78.250       114
78.260       257
78.270       486
78.280       200
78.290       600
78.300       257
78.310       400
78.320       371
78.330       228
78.340       314
78.350       314
78.360       257
78.370       428
78.380       343
78.390       171
78.400       314
78.410       343
78.420       314
78.430       143
78.440       228
78.450       343
78.460       400
78.470       257
78.480       428
78.490       257
78.500       257
78.510       286
78.520       514
78.530       200
78.540       314
78.550       486
78.560       400
78.570       343
78.580       371
78.590       314
78.600       228
78.610       428
78.620       314
78.630       171
78.640       486
78.650       314
78.660       428
78.670       286
78.680       400
78.690       200
78.700       428
78.710       286
78.720       400
78.730       371
78.740       428
78.750       314
78.760       371
78.770       228
78.780       286
78.790       200
78.800       228
78.810       743
78.820       200
78.830       286
78.840       171
78.850       257
78.860       486
78.870       314
78.880       200
78.890       314
78.900       286
78.910       400
78.920       314
78.930       171
78.940       286
78.950       171
78.960       371
78.970       200
78.980       257
78.990       343
79.000       343
79.010       343
79.020       343
79.030       228
79.040       371
79.050       143
79.060       257
79.070       143
79.080       200
79.090       286
79.100       371
79.110       314
79.120       200
79.130       171
79.140       428
79.150       286
79.160       114
79.170       228
79.180       343
79.190       286
79.200       343
79.210       257
79.220       314
79.230       143
79.240       257
79.250       228
79.260       286
79.270       228
79.280       343
79.290       486
79.300       314
79.310       314
79.320       314
79.330       286
79.340       400
79.350       171
79.360       314
79.370       343
79.380       257
79.390       257
79.400       286
79.410       286
79.420       228
79.430       286
79.440       400
79.450       428
79.460       171
79.470       171
79.480       114
79.490       457
79.500       143
79.510       200
79.520       228
79.530       314
79.540        57
79.550       286
79.560       143
79.570       228
79.580       286
79.590       228
79.600       343
79.610       314
79.620       314
79.630       514
79.640       371
79.650       343
79.660       457
79.670       257
79.680       200
79.690       400
79.700       486
79.710       314
79.720       428
79.730       286
79.740       371
79.750       228
79.760       228
79.770       200
79.780       400
79.790       171
79.800       371
79.810       343
79.820       400
79.830       257
79.840       286
79.850       228
79.860       343
79.870       314
79.880       457
79.890       428
79.900       228
79.910       257
79.920       228
79.930       314
79.940       200
79.950       400
79.960       400
79.970       257
79.980       400
79.990       171
80.000       314
